Source_File,Word
APEUni_Advanced_Vocab,exhaust
APEUni_Advanced_Vocab,exhilarate
APEUni_Advanced_Vocab,restaurant
APEUni_Advanced_Vocab,intense
APEUni_Advanced_Vocab,facilitate
APEUni_Advanced_Vocab,fast
APEUni_Advanced_Vocab,sustainable
APEUni_Advanced_Vocab,English
APEUni_Advanced_Vocab,nucleus
APEUni_Advanced_Vocab,intellectual
APEUni_Advanced_Vocab,factor
APEUni_Advanced_Vocab,disorder
APEUni_Advanced_Vocab,depth
APEUni_Advanced_Vocab,recycle
APEUni_Advanced_Vocab,literature
APEUni_Advanced_Vocab,exposure
APEUni_Advanced_Vocab,explore
APEUni_Advanced_Vocab,abstract
APEUni_Advanced_Vocab,conservation
APEUni_Advanced_Vocab,imagine
APEUni_Advanced_Vocab,Budget
APEUni_Advanced_Vocab,reflect
APEUni_Advanced_Vocab,progress
APEUni_Advanced_Vocab,innovate
APEUni_Advanced_Vocab,competent
APEUni_Advanced_Vocab,escape
APEUni_Advanced_Vocab,perception
APEUni_Advanced_Vocab,combine
APEUni_Advanced_Vocab,industrial
APEUni_Advanced_Vocab,solar
APEUni_Advanced_Vocab,critical
APEUni_Advanced_Vocab,ambitious
APEUni_Advanced_Vocab,distribution
APEUni_Advanced_Vocab,capacity
APEUni_Advanced_Vocab,innovation
APEUni_Advanced_Vocab,core
APEUni_Advanced_Vocab,picture
APEUni_Advanced_Vocab,immense
APEUni_Advanced_Vocab,tourist
APEUni_Advanced_Vocab,prosperity
APEUni_Advanced_Vocab,precede
APEUni_Advanced_Vocab,vulnerable
APEUni_Advanced_Vocab,usage
APEUni_Advanced_Vocab,medium
APEUni_Advanced_Vocab,opponent
APEUni_Advanced_Vocab,technique
APEUni_Advanced_Vocab,launch
APEUni_Advanced_Vocab,electric
APEUni_Advanced_Vocab,patent
APEUni_Advanced_Vocab,manufacturer
APEUni_Advanced_Vocab,qualify
APEUni_Advanced_Vocab,library
APEUni_Advanced_Vocab,sensible
APEUni_Advanced_Vocab,speaker
APEUni_Advanced_Vocab,ban
APEUni_Advanced_Vocab,determine
APEUni_Advanced_Vocab,species
APEUni_Advanced_Vocab,presentation
APEUni_Advanced_Vocab,odd
APEUni_Advanced_Vocab,reduce
APEUni_Advanced_Vocab,genetic
APEUni_Advanced_Vocab,diversity
APEUni_Advanced_Vocab,observe
APEUni_Advanced_Vocab,particularly
APEUni_Advanced_Vocab,extinction
APEUni_Advanced_Vocab,internal
APEUni_Advanced_Vocab,glimpse
APEUni_Advanced_Vocab,transaction
APEUni_Advanced_Vocab,success
APEUni_Advanced_Vocab,allocate
APEUni_Advanced_Vocab,graduate
APEUni_Advanced_Vocab,examination
APEUni_Advanced_Vocab,adequate
APEUni_Advanced_Vocab,initiate
APEUni_Advanced_Vocab,engine
APEUni_Advanced_Vocab,constitute
APEUni_Advanced_Vocab,elephant
APEUni_Advanced_Vocab,natural
APEUni_Advanced_Vocab,skeptical
APEUni_Advanced_Vocab,source
APEUni_Advanced_Vocab,necessarily
APEUni_Advanced_Vocab,shopper
APEUni_Advanced_Vocab,energy
APEUni_Advanced_Vocab,responsible
APEUni_Advanced_Vocab,conclusion
APEUni_Advanced_Vocab,ethnic
APEUni_Advanced_Vocab,spice
APEUni_Advanced_Vocab,output
APEUni_Advanced_Vocab,potential
APEUni_Advanced_Vocab,knowledge
APEUni_Advanced_Vocab,hypothesis
APEUni_Advanced_Vocab,pale
APEUni_Advanced_Vocab,plain
APEUni_Advanced_Vocab,desperate
APEUni_Advanced_Vocab,strength
APEUni_Advanced_Vocab,association
APEUni_Advanced_Vocab,postgraduate
APEUni_Advanced_Vocab,poverty
APEUni_Advanced_Vocab,division
APEUni_Advanced_Vocab,strategy
APEUni_Advanced_Vocab,management
APEUni_Advanced_Vocab,ritual
APEUni_Advanced_Vocab,analysis
APEUni_Advanced_Vocab,language
APEUni_Advanced_Vocab,beneath
APEUni_Advanced_Vocab,length
APEUni_Advanced_Vocab,contrary
APEUni_Advanced_Vocab,semester
APEUni_Advanced_Vocab,achievement
APEUni_Advanced_Vocab,radical
APEUni_Advanced_Vocab,slave
APEUni_Advanced_Vocab,scope
APEUni_Advanced_Vocab,convince
APEUni_Advanced_Vocab,measure
APEUni_Advanced_Vocab,strengthen
APEUni_Advanced_Vocab,wealth
APEUni_Advanced_Vocab,powerful
APEUni_Advanced_Vocab,magnitude
APEUni_Advanced_Vocab,Shakespeare
APEUni_Advanced_Vocab,career
APEUni_Advanced_Vocab,modern
APEUni_Advanced_Vocab,equivalent
APEUni_Advanced_Vocab,motor
APEUni_Advanced_Vocab,promise
APEUni_Advanced_Vocab,optimistic
APEUni_Advanced_Vocab,puzzle
APEUni_Advanced_Vocab,relative
APEUni_Advanced_Vocab,virtually
APEUni_Advanced_Vocab,fossil
APEUni_Advanced_Vocab,posture
APEUni_Advanced_Vocab,hip
APEUni_Advanced_Vocab,bend
APEUni_Advanced_Vocab,survive
APEUni_Advanced_Vocab,alliance
APEUni_Advanced_Vocab,protection
APEUni_Advanced_Vocab,exchange
APEUni_Advanced_Vocab,grand
APEUni_Advanced_Vocab,specific
APEUni_Advanced_Vocab,subject
APEUni_Advanced_Vocab,debate
APEUni_Advanced_Vocab,evidence
APEUni_Advanced_Vocab,establish
APEUni_Advanced_Vocab,similar
APEUni_Advanced_Vocab,twin
APEUni_Advanced_Vocab,propose
APEUni_Advanced_Vocab,publication
APEUni_Advanced_Vocab,astrophysical
APEUni_Advanced_Vocab,journal
APEUni_Advanced_Vocab,influence
APEUni_Advanced_Vocab,extent
APEUni_Advanced_Vocab,judge
APEUni_Advanced_Vocab,rely
APEUni_Advanced_Vocab,focus
APEUni_Advanced_Vocab,external
APEUni_Advanced_Vocab,promote
APEUni_Advanced_Vocab,style
APEUni_Advanced_Vocab,negative
APEUni_Advanced_Vocab,recruit
APEUni_Advanced_Vocab,alphabet
APEUni_Advanced_Vocab,spell
APEUni_Advanced_Vocab,despite
APEUni_Advanced_Vocab,performance
APEUni_Advanced_Vocab,requirement
APEUni_Advanced_Vocab,healthy
APEUni_Advanced_Vocab,environment
APEUni_Advanced_Vocab,resource
APEUni_Advanced_Vocab,material
APEUni_Advanced_Vocab,medical
APEUni_Advanced_Vocab,faculty
APEUni_Advanced_Vocab,travel
APEUni_Advanced_Vocab,significance
APEUni_Advanced_Vocab,represent
APEUni_Advanced_Vocab,aspect
APEUni_Advanced_Vocab,average
APEUni_Advanced_Vocab,loan
APEUni_Advanced_Vocab,tuition
APEUni_Advanced_Vocab,workforce
APEUni_Advanced_Vocab,criticism
APEUni_Advanced_Vocab,competition
APEUni_Advanced_Vocab,participate
APEUni_Advanced_Vocab,discussion
APEUni_Advanced_Vocab,fame
APEUni_Advanced_Vocab,compliment
APEUni_Advanced_Vocab,widely
APEUni_Advanced_Vocab,series
APEUni_Advanced_Vocab,wild
APEUni_Advanced_Vocab,huge
APEUni_Advanced_Vocab,passenger
APEUni_Advanced_Vocab,hind
APEUni_Advanced_Vocab,type
APEUni_Advanced_Vocab,methodology
APEUni_Advanced_Vocab,suitable
APEUni_Advanced_Vocab,project
APEUni_Advanced_Vocab,questionnaire
APEUni_Advanced_Vocab,survey
APEUni_Advanced_Vocab,quantitative
APEUni_Advanced_Vocab,interview
APEUni_Advanced_Vocab,qualitative
APEUni_Advanced_Vocab,purpose
APEUni_Advanced_Vocab,option
APEUni_Advanced_Vocab,relatively
APEUni_Advanced_Vocab,temperature
APEUni_Advanced_Vocab,dangerous
APEUni_Advanced_Vocab,patient
APEUni_Advanced_Vocab,drink
APEUni_Advanced_Vocab,method
APEUni_Advanced_Vocab,smoke
APEUni_Advanced_Vocab,unlikely
APEUni_Advanced_Vocab,widespread
APEUni_Advanced_Vocab,acceptance
APEUni_Advanced_Vocab,criminal
APEUni_Advanced_Vocab,regulation
APEUni_Advanced_Vocab,vary
APEUni_Advanced_Vocab,definition
APEUni_Advanced_Vocab,employ
APEUni_Advanced_Vocab,legislation
APEUni_Advanced_Vocab,define
APEUni_Advanced_Vocab,substance
APEUni_Advanced_Vocab,loose
APEUni_Advanced_Vocab,welfare
APEUni_Advanced_Vocab,refer
APEUni_Advanced_Vocab,comparison
APEUni_Advanced_Vocab,regard
APEUni_Advanced_Vocab,universal
APEUni_Advanced_Vocab,region
APEUni_Advanced_Vocab,obtain
APEUni_Advanced_Vocab,newspaper
APEUni_Advanced_Vocab,realize
APEUni_Advanced_Vocab,discover
APEUni_Advanced_Vocab,explanation
APEUni_Advanced_Vocab,characteristic
APEUni_Advanced_Vocab,galaxy
APEUni_Advanced_Vocab,statistics
APEUni_Advanced_Vocab,teach
APEUni_Advanced_Vocab,transformation
APEUni_Advanced_Vocab,variable
APEUni_Advanced_Vocab,select
APEUni_Advanced_Vocab,statistical
APEUni_Advanced_Vocab,analyse
APEUni_Advanced_Vocab,advancement
APEUni_Advanced_Vocab,arduous
APEUni_Advanced_Vocab,task
APEUni_Advanced_Vocab,doctor
APEUni_Advanced_Vocab,practice
APEUni_Advanced_Vocab,medicine
APEUni_Advanced_Vocab,balance
APEUni_Advanced_Vocab,motivate
APEUni_Advanced_Vocab,diverse
APEUni_Advanced_Vocab,legal
APEUni_Advanced_Vocab,cheerful
APEUni_Advanced_Vocab,attention
APEUni_Advanced_Vocab,enhance
APEUni_Advanced_Vocab,concentration
APEUni_Advanced_Vocab,speed
APEUni_Advanced_Vocab,metabolism
APEUni_Advanced_Vocab,rational
APEUni_Advanced_Vocab,box
APEUni_Advanced_Vocab,tool
APEUni_Advanced_Vocab,science
APEUni_Advanced_Vocab,precise
APEUni_Advanced_Vocab,divide
APEUni_Advanced_Vocab,hemisphere
APEUni_Advanced_Vocab,function
APEUni_Advanced_Vocab,creative
APEUni_Advanced_Vocab,logical
APEUni_Advanced_Vocab,tendency
APEUni_Advanced_Vocab,tend
APEUni_Advanced_Vocab,period
APEUni_Advanced_Vocab,crowd
APEUni_Advanced_Vocab,global
APEUni_Advanced_Vocab,warm
APEUni_Advanced_Vocab,atmosphere
APEUni_Advanced_Vocab,trend
APEUni_Advanced_Vocab,environmental
APEUni_Advanced_Vocab,governmental
APEUni_Advanced_Vocab,worldwide
APEUni_Advanced_Vocab,greenhouse
APEUni_Advanced_Vocab,personnel
APEUni_Advanced_Vocab,target
APEUni_Advanced_Vocab,datum
APEUni_Advanced_Vocab,steal
APEUni_Advanced_Vocab,investigator
APEUni_Advanced_Vocab,Republican
APEUni_Advanced_Vocab,candidate
APEUni_Advanced_Vocab,sharp
APEUni_Advanced_Vocab,politics
APEUni_Advanced_Vocab,response
APEUni_Advanced_Vocab,reduction
APEUni_Advanced_Vocab,emission
APEUni_Advanced_Vocab,burn
APEUni_Advanced_Vocab,replace
APEUni_Advanced_Vocab,electrical
APEUni_Advanced_Vocab,efficient
APEUni_Advanced_Vocab,urban
APEUni_Advanced_Vocab,terrain
APEUni_Advanced_Vocab,illegal
APEUni_Advanced_Vocab,crime
APEUni_Advanced_Vocab,export
APEUni_Advanced_Vocab,lenient
APEUni_Advanced_Vocab,model
APEUni_Advanced_Vocab,evolve
APEUni_Advanced_Vocab,interpretation
APEUni_Advanced_Vocab,bear
APEUni_Advanced_Vocab,delineate
APEUni_Advanced_Vocab,originate
APEUni_Advanced_Vocab,revolution
APEUni_Advanced_Vocab,skilled
APEUni_Advanced_Vocab,organize
APEUni_Advanced_Vocab,improvement
APEUni_Advanced_Vocab,engage
APEUni_Advanced_Vocab,necessary
APEUni_Advanced_Vocab,fascinate
APEUni_Advanced_Vocab,magnificent
APEUni_Advanced_Vocab,metropolitan
APEUni_Advanced_Vocab,museum
APEUni_Advanced_Vocab,flow
APEUni_Advanced_Vocab,object
APEUni_Advanced_Vocab,lie
APEUni_Advanced_Vocab,locate
APEUni_Advanced_Vocab,cluster
APEUni_Advanced_Vocab,climate
APEUni_Advanced_Vocab,improve
APEUni_Advanced_Vocab,reveal
APEUni_Advanced_Vocab,reform
APEUni_Advanced_Vocab,rank
APEUni_Advanced_Vocab,donor
APEUni_Advanced_Vocab,complain
APEUni_Advanced_Vocab,grind
APEUni_Advanced_Vocab,dependent
APEUni_Advanced_Vocab,structure
APEUni_Advanced_Vocab,challenge
APEUni_Advanced_Vocab,complex
APEUni_Advanced_Vocab,certainly
APEUni_Advanced_Vocab,impressive
APEUni_Advanced_Vocab,coastal
APEUni_Advanced_Vocab,importance
APEUni_Advanced_Vocab,capability
APEUni_Advanced_Vocab,retain
APEUni_Advanced_Vocab,nutrient
APEUni_Advanced_Vocab,maintain
APEUni_Advanced_Vocab,flood
APEUni_Advanced_Vocab,contain
APEUni_Advanced_Vocab,collapse
APEUni_Advanced_Vocab,store
APEUni_Advanced_Vocab,welcome
APEUni_Advanced_Vocab,device
APEUni_Advanced_Vocab,personal
APEUni_Advanced_Vocab,assistant
APEUni_Advanced_Vocab,application
APEUni_Advanced_Vocab,commercial
APEUni_Advanced_Vocab,location
APEUni_Advanced_Vocab,tie
APEUni_Advanced_Vocab,zone
APEUni_Advanced_Vocab,message
APEUni_Advanced_Vocab,prove
APEUni_Advanced_Vocab,separate
APEUni_Advanced_Vocab,item
APEUni_Advanced_Vocab,content
APEUni_Advanced_Vocab,instruction
APEUni_Advanced_Vocab,express
APEUni_Advanced_Vocab,convey
APEUni_Advanced_Vocab,correct
APEUni_Advanced_Vocab,relation
APEUni_Advanced_Vocab,conversation
APEUni_Advanced_Vocab,integrate
APEUni_Advanced_Vocab,key
APEUni_Advanced_Vocab,space
APEUni_Advanced_Vocab,historian
APEUni_Advanced_Vocab,character
APEUni_Advanced_Vocab,medieval
APEUni_Advanced_Vocab,sympathy
APEUni_Advanced_Vocab,entertainment
APEUni_Advanced_Vocab,adapt
APEUni_Advanced_Vocab,benefit
APEUni_Advanced_Vocab,introduce
APEUni_Advanced_Vocab,exam
APEUni_Advanced_Vocab,concept
APEUni_Advanced_Vocab,possibility
APEUni_Advanced_Vocab,integration
APEUni_Advanced_Vocab,increasingly
APEUni_Advanced_Vocab,emerge
APEUni_Advanced_Vocab,relate
APEUni_Advanced_Vocab,competitive
APEUni_Advanced_Vocab,useful
APEUni_Advanced_Vocab,essential
APEUni_Advanced_Vocab,settle
APEUni_Advanced_Vocab,perceive
APEUni_Advanced_Vocab,quality
APEUni_Advanced_Vocab,participant
APEUni_Advanced_Vocab,pick
APEUni_Advanced_Vocab,significant
APEUni_Advanced_Vocab,inevitable
APEUni_Advanced_Vocab,outcome
APEUni_Advanced_Vocab,Parliament
APEUni_Advanced_Vocab,crucial
APEUni_Advanced_Vocab,ancient
APEUni_Advanced_Vocab,occur
APEUni_Advanced_Vocab,planet
APEUni_Advanced_Vocab,channel
APEUni_Advanced_Vocab,contrast
APEUni_Advanced_Vocab,recognize
APEUni_Advanced_Vocab,successful
APEUni_Advanced_Vocab,ride
APEUni_Advanced_Vocab,park
APEUni_Advanced_Vocab,safety
APEUni_Advanced_Vocab,technology
APEUni_Advanced_Vocab,gear
APEUni_Advanced_Vocab,physical
APEUni_Advanced_Vocab,immune
APEUni_Advanced_Vocab,bacteria
APEUni_Advanced_Vocab,virus
APEUni_Advanced_Vocab,culture
APEUni_Advanced_Vocab,belief
APEUni_Advanced_Vocab,network
APEUni_Advanced_Vocab,guide
APEUni_Advanced_Vocab,shift
APEUni_Advanced_Vocab,sleep
APEUni_Advanced_Vocab,double
APEUni_Advanced_Vocab,risk
APEUni_Advanced_Vocab,impact
APEUni_Advanced_Vocab,heavily
APEUni_Advanced_Vocab,hunt
APEUni_Advanced_Vocab,photograph
APEUni_Advanced_Vocab,avoid
APEUni_Advanced_Vocab,hike
APEUni_Advanced_Vocab,predator
APEUni_Advanced_Vocab,dolphin
APEUni_Advanced_Vocab,sociable
APEUni_Advanced_Vocab,reproduce
APEUni_Advanced_Vocab,threat
APEUni_Advanced_Vocab,western
APEUni_Advanced_Vocab,rich
APEUni_Advanced_Vocab,Empire
APEUni_Advanced_Vocab,marine
APEUni_Advanced_Vocab,biologist
APEUni_Advanced_Vocab,coastline
APEUni_Advanced_Vocab,collect
APEUni_Advanced_Vocab,vital
APEUni_Advanced_Vocab,particular
APEUni_Advanced_Vocab,population
APEUni_Advanced_Vocab,sail
APEUni_Advanced_Vocab,exist
APEUni_Advanced_Vocab,pollution
APEUni_Advanced_Vocab,station
APEUni_Advanced_Vocab,economics
APEUni_Advanced_Vocab,pure
APEUni_Advanced_Vocab,narrative
APEUni_Advanced_Vocab,detail
APEUni_Advanced_Vocab,village
APEUni_Advanced_Vocab,flag
APEUni_Advanced_Vocab,identify
APEUni_Advanced_Vocab,status
APEUni_Advanced_Vocab,resemble
APEUni_Advanced_Vocab,size
APEUni_Advanced_Vocab,indication
APEUni_Advanced_Vocab,owner
APEUni_Advanced_Vocab,historically
APEUni_Advanced_Vocab,estimate
APEUni_Advanced_Vocab,visual
APEUni_Advanced_Vocab,image
APEUni_Advanced_Vocab,accurate
APEUni_Advanced_Vocab,expensive
APEUni_Advanced_Vocab,due
APEUni_Advanced_Vocab,syndrome
APEUni_Advanced_Vocab,habitat
APEUni_Advanced_Vocab,abundance
APEUni_Advanced_Vocab,forest
APEUni_Advanced_Vocab,density
APEUni_Advanced_Vocab,agriculture
APEUni_Advanced_Vocab,publish
APEUni_Advanced_Vocab,ecology
APEUni_Advanced_Vocab,initial
APEUni_Advanced_Vocab,collide
APEUni_Advanced_Vocab,tissue
APEUni_Advanced_Vocab,burst
APEUni_Advanced_Vocab,maximum
APEUni_Advanced_Vocab,author
APEUni_Advanced_Vocab,cheap
APEUni_Advanced_Vocab,flexible
APEUni_Advanced_Vocab,switch
APEUni_Advanced_Vocab,mark
APEUni_Advanced_Vocab,link
APEUni_Advanced_Vocab,formation
APEUni_Advanced_Vocab,damage
APEUni_Advanced_Vocab,earthquake
APEUni_Advanced_Vocab,predict
APEUni_Advanced_Vocab,strike
APEUni_Advanced_Vocab,resident
APEUni_Advanced_Vocab,significantly
APEUni_Advanced_Vocab,trust
APEUni_Advanced_Vocab,dividend
APEUni_Advanced_Vocab,Goal
APEUni_Advanced_Vocab,maximization
APEUni_Advanced_Vocab,throw
APEUni_Advanced_Vocab,perspective
APEUni_Advanced_Vocab,currency
APEUni_Advanced_Vocab,manipulator
APEUni_Advanced_Vocab,expert
APEUni_Advanced_Vocab,basis
APEUni_Advanced_Vocab,impose
APEUni_Advanced_Vocab,layer
APEUni_Advanced_Vocab,bind
APEUni_Advanced_Vocab,magnetic
APEUni_Advanced_Vocab,polarity
APEUni_Advanced_Vocab,platinum
APEUni_Advanced_Vocab,propulsion
APEUni_Advanced_Vocab,react
APEUni_Advanced_Vocab,oxygen
APEUni_Advanced_Vocab,tube
APEUni_Advanced_Vocab,timely
APEUni_Advanced_Vocab,spirit
APEUni_Advanced_Vocab,television
APEUni_Advanced_Vocab,workable
APEUni_Advanced_Vocab,simple
APEUni_Advanced_Vocab,schedule
APEUni_Advanced_Vocab,involve
APEUni_Advanced_Vocab,indoor
APEUni_Advanced_Vocab,undesirable
APEUni_Advanced_Vocab,choice
APEUni_Advanced_Vocab,vast
APEUni_Advanced_Vocab,original
APEUni_Advanced_Vocab,audience
APEUni_Advanced_Vocab,implication
APEUni_Advanced_Vocab,democracy
APEUni_Advanced_Vocab,strive
APEUni_Advanced_Vocab,technological
APEUni_Advanced_Vocab,restrict
APEUni_Advanced_Vocab,appliance
APEUni_Advanced_Vocab,entity
APEUni_Advanced_Vocab,journalism
APEUni_Advanced_Vocab,site
APEUni_Advanced_Vocab,update
APEUni_Advanced_Vocab,famous
APEUni_Advanced_Vocab,correspondent
APEUni_Advanced_Vocab,topic
APEUni_Advanced_Vocab,affair
APEUni_Advanced_Vocab,lean
APEUni_Advanced_Vocab,demonstrate
APEUni_Advanced_Vocab,unique
APEUni_Advanced_Vocab,everyone
APEUni_Advanced_Vocab,wear
APEUni_Advanced_Vocab,article
APEUni_Advanced_Vocab,clothe
APEUni_Advanced_Vocab,versatility
APEUni_Advanced_Vocab,creature
APEUni_Advanced_Vocab,impossible
APEUni_Advanced_Vocab,true
APEUni_Advanced_Vocab,origin
APEUni_Advanced_Vocab,trace
APEUni_Advanced_Vocab,scale
APEUni_Advanced_Vocab,disguise
APEUni_Advanced_Vocab,search
APEUni_Advanced_Vocab,crisis
APEUni_Advanced_Vocab,suffer
APEUni_Advanced_Vocab,confidence
APEUni_Advanced_Vocab,arise
APEUni_Advanced_Vocab,solution
APEUni_Advanced_Vocab,computer
APEUni_Advanced_Vocab,refine
APEUni_Advanced_Vocab,disaster
APEUni_Advanced_Vocab,organization
APEUni_Advanced_Vocab,various
APEUni_Advanced_Vocab,incident
APEUni_Advanced_Vocab,criteria
APEUni_Advanced_Vocab,implement
APEUni_Advanced_Vocab,thesis
APEUni_Advanced_Vocab,formulate
APEUni_Advanced_Vocab,drop
APEUni_Advanced_Vocab,holiday
APEUni_Advanced_Vocab,feature
APEUni_Advanced_Vocab,heart
APEUni_Advanced_Vocab,eventually
APEUni_Advanced_Vocab,spread
APEUni_Advanced_Vocab,tradition
APEUni_Advanced_Vocab,master
APEUni_Advanced_Vocab,degree
APEUni_Advanced_Vocab,temporary
APEUni_Advanced_Vocab,skill
APEUni_Advanced_Vocab,manager
APEUni_Advanced_Vocab,expenditure
APEUni_Advanced_Vocab,ensure
APEUni_Advanced_Vocab,appropriate
APEUni_Advanced_Vocab,conflict
APEUni_Advanced_Vocab,globalization
APEUni_Advanced_Vocab,explosion
APEUni_Advanced_Vocab,connect
APEUni_Advanced_Vocab,garden
APEUni_Advanced_Vocab,precious
APEUni_Advanced_Vocab,expand
APEUni_Advanced_Vocab,horizon
APEUni_Advanced_Vocab,comedy
APEUni_Advanced_Vocab,creativity
APEUni_Advanced_Vocab,hire
APEUni_Advanced_Vocab,salary
APEUni_Advanced_Vocab,dramatically
APEUni_Advanced_Vocab,gender
APEUni_Advanced_Vocab,outperform
APEUni_Advanced_Vocab,domestic
APEUni_Advanced_Vocab,intensive
APEUni_Advanced_Vocab,rehearsal
APEUni_Advanced_Vocab,illness
APEUni_Advanced_Vocab,overlook
APEUni_Advanced_Vocab,divorce
APEUni_Advanced_Vocab,invention
APEUni_Advanced_Vocab,household
APEUni_Advanced_Vocab,heat
APEUni_Advanced_Vocab,deposit
APEUni_Advanced_Vocab,native
APEUni_Advanced_Vocab,renowned
APEUni_Advanced_Vocab,render
APEUni_Advanced_Vocab,expectation
APEUni_Advanced_Vocab,opt
APEUni_Advanced_Vocab,engineer
APEUni_Advanced_Vocab,indigenous
APEUni_Advanced_Vocab,conscious
APEUni_Advanced_Vocab,raw
APEUni_Advanced_Vocab,attribute
APEUni_Advanced_Vocab,considerably
APEUni_Advanced_Vocab,recommend
APEUni_Advanced_Vocab,prestigious
APEUni_Advanced_Vocab,contract
APEUni_Advanced_Vocab,vehicle
APEUni_Advanced_Vocab,mention
APEUni_Advanced_Vocab,website
APEUni_Advanced_Vocab,field
APEUni_Advanced_Vocab,british
APEUni_Advanced_Vocab,universe
APEUni_Advanced_Vocab,wheelchair
APEUni_Advanced_Vocab,aware
APEUni_Advanced_Vocab,serve
APEUni_Advanced_Vocab,garage
APEUni_Advanced_Vocab,explain
APEUni_Advanced_Vocab,plagiarism
APEUni_Advanced_Vocab,meat
APEUni_Advanced_Vocab,skeleton
APEUni_Advanced_Vocab,mammal
APEUni_Advanced_Vocab,fad
APEUni_Advanced_Vocab,tourism
APEUni_Advanced_Vocab,minimize
APEUni_Advanced_Vocab,overseas
APEUni_Advanced_Vocab,visitor
APEUni_Advanced_Vocab,theory
APEUni_Advanced_Vocab,generation
APEUni_Advanced_Vocab,survival
APEUni_Advanced_Vocab,individual
APEUni_Advanced_Vocab,suit
APEUni_Advanced_Vocab,higher
APEUni_Advanced_Vocab,chemical
APEUni_Advanced_Vocab,sediment
APEUni_Advanced_Vocab,toxic
APEUni_Advanced_Vocab,table
APEUni_Advanced_Vocab,institution
APEUni_Advanced_Vocab,display
APEUni_Advanced_Vocab,aquarium
APEUni_Advanced_Vocab,primarily
APEUni_Advanced_Vocab,exotic
APEUni_Advanced_Vocab,weight
APEUni_Advanced_Vocab,captivity
APEUni_Advanced_Vocab,cloud
APEUni_Advanced_Vocab,distinct
APEUni_Advanced_Vocab,category
APEUni_Advanced_Vocab,nimbus
APEUni_Advanced_Vocab,shape
APEUni_Advanced_Vocab,weather
APEUni_Advanced_Vocab,generate
APEUni_Advanced_Vocab,surface
APEUni_Advanced_Vocab,wing
APEUni_Advanced_Vocab,flap
APEUni_Advanced_Vocab,effectively
APEUni_Advanced_Vocab,associate
APEUni_Advanced_Vocab,reception
APEUni_Advanced_Vocab,rend
APEUni_Advanced_Vocab,proper
APEUni_Advanced_Vocab,knot
APEUni_Advanced_Vocab,lure
APEUni_Advanced_Vocab,mission
APEUni_Advanced_Vocab,prerequisite
APEUni_Advanced_Vocab,so-called
APEUni_Advanced_Vocab,professional
APEUni_Advanced_Vocab,popular
APEUni_Advanced_Vocab,rare
APEUni_Advanced_Vocab,nature
APEUni_Advanced_Vocab,chronic
APEUni_Advanced_Vocab,disease
APEUni_Advanced_Vocab,joint
APEUni_Advanced_Vocab,exercise
APEUni_Advanced_Vocab,routine
APEUni_Advanced_Vocab,senate
APEUni_Advanced_Vocab,respect
APEUni_Advanced_Vocab,opportunity
APEUni_Advanced_Vocab,guarantee
APEUni_Advanced_Vocab,profitable
APEUni_Advanced_Vocab,beneficial
APEUni_Advanced_Vocab,effective
APEUni_Advanced_Vocab,microbe
APEUni_Advanced_Vocab,experimental
APEUni_Advanced_Vocab,productive
APEUni_Advanced_Vocab,consume
APEUni_Advanced_Vocab,assembly
APEUni_Advanced_Vocab,traditional
APEUni_Advanced_Vocab,assessment
APEUni_Advanced_Vocab,academic
APEUni_Advanced_Vocab,anxiety
APEUni_Advanced_Vocab,primary
APEUni_Advanced_Vocab,acute
APEUni_Advanced_Vocab,perform
APEUni_Advanced_Vocab,intensity
APEUni_Advanced_Vocab,secret
APEUni_Advanced_Vocab,growth
APEUni_Advanced_Vocab,specialize
APEUni_Advanced_Vocab,utilize
APEUni_Advanced_Vocab,capture
APEUni_Advanced_Vocab,contribute
APEUni_Advanced_Vocab,harm
APEUni_Advanced_Vocab,consideration
APEUni_Advanced_Vocab,floor
APEUni_Advanced_Vocab,endure
APEUni_Advanced_Vocab,decrease
APEUni_Advanced_Vocab,ratio
APEUni_Advanced_Vocab,sophisticate
APEUni_Advanced_Vocab,Incentive
APEUni_Advanced_Vocab,scheme
APEUni_Advanced_Vocab,corporate
APEUni_Advanced_Vocab,reward
APEUni_Advanced_Vocab,respond
APEUni_Advanced_Vocab,politician
APEUni_Advanced_Vocab,note
APEUni_Advanced_Vocab,compare
APEUni_Advanced_Vocab,humanity
APEUni_Advanced_Vocab,dark
APEUni_Advanced_Vocab,dispute
APEUni_Advanced_Vocab,range
APEUni_Advanced_Vocab,stress
APEUni_Advanced_Vocab,cycle
APEUni_Advanced_Vocab,production
APEUni_Advanced_Vocab,methane
APEUni_Advanced_Vocab,waste
APEUni_Advanced_Vocab,reuse
APEUni_Advanced_Vocab,toxicology
APEUni_Advanced_Vocab,ongoing
APEUni_Advanced_Vocab,tremendous
APEUni_Advanced_Vocab,versatile
APEUni_Advanced_Vocab,satellite
APEUni_Advanced_Vocab,repair
APEUni_Advanced_Vocab,orbit
APEUni_Advanced_Vocab,prolong
APEUni_Advanced_Vocab,critically
APEUni_Advanced_Vocab,endanger
APEUni_Advanced_Vocab,square
APEUni_Advanced_Vocab,doubt
APEUni_Advanced_Vocab,colleague
APEUni_Advanced_Vocab,protein
APEUni_Advanced_Vocab,trigger
APEUni_Advanced_Vocab,hormone
APEUni_Advanced_Vocab,stimulate
APEUni_Advanced_Vocab,bunch
APEUni_Advanced_Vocab,laboratory
APEUni_Advanced_Vocab,sequence
APEUni_Advanced_Vocab,gene
APEUni_Advanced_Vocab,constant
APEUni_Advanced_Vocab,symptom
APEUni_Advanced_Vocab,violence
APEUni_Advanced_Vocab,expose
APEUni_Advanced_Vocab,constantly
APEUni_Advanced_Vocab,sensitive
APEUni_Advanced_Vocab,aggressive
APEUni_Advanced_Vocab,unrealistic
APEUni_Advanced_Vocab,discovery
APEUni_Advanced_Vocab,involvement
APEUni_Advanced_Vocab,literally
APEUni_Advanced_Vocab,direction
APEUni_Advanced_Vocab,informative
APEUni_Advanced_Vocab,educational
APEUni_Advanced_Vocab,remarkable
APEUni_Advanced_Vocab,enjoy
APEUni_Advanced_Vocab,wonder
APEUni_Advanced_Vocab,undoubtedly
APEUni_Advanced_Vocab,considerable
APEUni_Advanced_Vocab,sex
APEUni_Advanced_Vocab,manage
APEUni_Advanced_Vocab,minus
APEUni_Advanced_Vocab,organ
APEUni_Advanced_Vocab,organism
APEUni_Advanced_Vocab,basic
APEUni_Advanced_Vocab,fundamental
APEUni_Advanced_Vocab,translate
APEUni_Advanced_Vocab,transport
APEUni_Advanced_Vocab,tiny
APEUni_Advanced_Vocab,component
APEUni_Advanced_Vocab,equally
APEUni_Advanced_Vocab,barrier
APEUni_Advanced_Vocab,insect
APEUni_Advanced_Vocab,withstand
APEUni_Advanced_Vocab,graze
APEUni_Advanced_Vocab,exclusive
APEUni_Advanced_Vocab,convert
APEUni_Advanced_Vocab,essentially
APEUni_Advanced_Vocab,dine
APEUni_Advanced_Vocab,soft
APEUni_Advanced_Vocab,background
APEUni_Advanced_Vocab,pension
APEUni_Advanced_Vocab,income
APEUni_Advanced_Vocab,sufficient
APEUni_Advanced_Vocab,psychology
APEUni_Advanced_Vocab,rapidly
APEUni_Advanced_Vocab,cast
APEUni_Advanced_Vocab,vegetable
APEUni_Advanced_Vocab,infant
APEUni_Advanced_Vocab,everywhere
APEUni_Advanced_Vocab,decade
APEUni_Advanced_Vocab,historical
APEUni_Advanced_Vocab,circumstance
APEUni_Advanced_Vocab,salt
APEUni_Advanced_Vocab,consequence
APEUni_Advanced_Vocab,infrastructure
APEUni_Advanced_Vocab,ass
APEUni_Advanced_Vocab,reverse
APEUni_Advanced_Vocab,failure
APEUni_Advanced_Vocab,paint
APEUni_Advanced_Vocab,participation
APEUni_Advanced_Vocab,online
APEUni_Advanced_Vocab,pioneer
APEUni_Advanced_Vocab,underlie
APEUni_Advanced_Vocab,injure
APEUni_Advanced_Vocab,mechanism
APEUni_Advanced_Vocab,regeneration
APEUni_Advanced_Vocab,ultimately
APEUni_Advanced_Vocab,recovery
APEUni_Advanced_Vocab,compete
APEUni_Advanced_Vocab,stair
APEUni_Advanced_Vocab,automatically
APEUni_Advanced_Vocab,adjust
APEUni_Advanced_Vocab,sales
APEUni_Advanced_Vocab,review
APEUni_Advanced_Vocab,consumer
APEUni_Advanced_Vocab,evaluate
APEUni_Advanced_Vocab,platform
APEUni_Advanced_Vocab,encourage
APEUni_Advanced_Vocab,elderly
APEUni_Advanced_Vocab,stability
APEUni_Advanced_Vocab,assistance
APEUni_Advanced_Vocab,nuclear
APEUni_Advanced_Vocab,weapon
APEUni_Advanced_Vocab,volume
APEUni_Advanced_Vocab,transform
APEUni_Advanced_Vocab,shed
APEUni_Advanced_Vocab,revenue
APEUni_Advanced_Vocab,football
APEUni_Advanced_Vocab,unprecedented
APEUni_Advanced_Vocab,invest
APEUni_Advanced_Vocab,talented
APEUni_Advanced_Vocab,multiple
APEUni_Advanced_Vocab,scholarship
APEUni_Advanced_Vocab,athlete
APEUni_Advanced_Vocab,commit
APEUni_Advanced_Vocab,virtual
APEUni_Advanced_Vocab,document
APEUni_Advanced_Vocab,intend
APEUni_Advanced_Vocab,suppose
APEUni_Advanced_Vocab,survivor
APEUni_Advanced_Vocab,neighbour
APEUni_Advanced_Vocab,ignore
APEUni_Advanced_Vocab,train
APEUni_Advanced_Vocab,few
APEUni_Advanced_Vocab,cohort
APEUni_Advanced_Vocab,converge
APEUni_Advanced_Vocab,enrol
APEUni_Advanced_Vocab,trial
APEUni_Advanced_Vocab,resolution
APEUni_Advanced_Vocab,Congress
APEUni_Advanced_Vocab,breathe
APEUni_Advanced_Vocab,relief
APEUni_Advanced_Vocab,emergency
APEUni_Advanced_Vocab,advise
APEUni_Advanced_Vocab,viable
APEUni_Advanced_Vocab,approval
APEUni_Advanced_Vocab,extension
APEUni_Advanced_Vocab,corner
APEUni_Advanced_Vocab,trap
APEUni_Advanced_Vocab,investor
APEUni_Advanced_Vocab,distress
APEUni_Advanced_Vocab,evaporate
APEUni_Advanced_Vocab,identity
APEUni_Advanced_Vocab,immediately
APEUni_Advanced_Vocab,root
APEUni_Advanced_Vocab,sample
APEUni_Advanced_Vocab,swim
APEUni_Advanced_Vocab,tight
APEUni_Advanced_Vocab,restriction
APEUni_Advanced_Vocab,crop
APEUni_Advanced_Vocab,fragment
APEUni_Advanced_Vocab,lack
APEUni_Advanced_Vocab,warn
APEUni_Advanced_Vocab,foundation
APEUni_Advanced_Vocab,acknowledge
APEUni_Advanced_Vocab,mental
APEUni_Advanced_Vocab,interact
APEUni_Advanced_Vocab,skull
APEUni_Advanced_Vocab,sensory
APEUni_Advanced_Vocab,vision
APEUni_Advanced_Vocab,assignment
APEUni_Advanced_Vocab,elementary
APEUni_Advanced_Vocab,property
APEUni_Advanced_Vocab,maintenance
APEUni_Advanced_Vocab,landlord
APEUni_Advanced_Vocab,fine
APEUni_Advanced_Vocab,sheet
APEUni_Advanced_Vocab,compress
APEUni_Advanced_Vocab,chamber
APEUni_Advanced_Vocab,remove
APEUni_Advanced_Vocab,artery
APEUni_Advanced_Vocab,vein
APEUni_Advanced_Vocab,visible
APEUni_Advanced_Vocab,hillside
APEUni_Advanced_Vocab,pursue
APEUni_Advanced_Vocab,consist
APEUni_Advanced_Vocab,riddle
APEUni_Advanced_Vocab,invisible
APEUni_Advanced_Vocab,frame
APEUni_Advanced_Vocab,behaviour
APEUni_Advanced_Vocab,collective
APEUni_Advanced_Vocab,enforce
APEUni_Advanced_Vocab,tolerate
APEUni_Advanced_Vocab,dormant
APEUni_Advanced_Vocab,prey
APEUni_Advanced_Vocab,video
APEUni_Advanced_Vocab,boost
APEUni_Advanced_Vocab,jack
APEUni_Advanced_Vocab,broadcast
APEUni_Advanced_Vocab,flight
APEUni_Advanced_Vocab,customer
APEUni_Advanced_Vocab,autonomous
APEUni_Advanced_Vocab,standard
APEUni_Advanced_Vocab,distribute
APEUni_Advanced_Vocab,initially
APEUni_Advanced_Vocab,register
APEUni_Advanced_Vocab,corruption
APEUni_Advanced_Vocab,scandal
APEUni_Advanced_Vocab,index
APEUni_Advanced_Vocab,confirm
APEUni_Advanced_Vocab,telescope
APEUni_Advanced_Vocab,consultation
APEUni_Advanced_Vocab,factory
APEUni_Advanced_Vocab,investment
APEUni_Advanced_Vocab,theme
APEUni_Advanced_Vocab,depression
APEUni_Advanced_Vocab,discus
APEUni_Advanced_Vocab,manufacture
APEUni_Advanced_Vocab,notice
APEUni_Advanced_Vocab,summer
APEUni_Advanced_Vocab,premium
APEUni_Advanced_Vocab,brand
APEUni_Advanced_Vocab,dozen
APEUni_Advanced_Vocab,asset
APEUni_Advanced_Vocab,hill
APEUni_Advanced_Vocab,observatory
APEUni_Advanced_Vocab,quiescent
APEUni_Advanced_Vocab,herald
APEUni_Advanced_Vocab,revolutionize
APEUni_Advanced_Vocab,dissemination
APEUni_Advanced_Vocab,access
APEUni_Advanced_Vocab,gap
APEUni_Advanced_Vocab,infrared
APEUni_Advanced_Vocab,hydrogen
APEUni_Advanced_Vocab,relevance
APEUni_Advanced_Vocab,influential
APEUni_Advanced_Vocab,productivity
APEUni_Advanced_Vocab,hunger
APEUni_Advanced_Vocab,retailer
APEUni_Advanced_Vocab,proceed
APEUni_Advanced_Vocab,academy
APEUni_Advanced_Vocab,gather
APEUni_Advanced_Vocab,milligram
APEUni_Advanced_Vocab,caffeine
APEUni_Advanced_Vocab,recognition
APEUni_Advanced_Vocab,reality
APEUni_Advanced_Vocab,communication
APEUni_Advanced_Vocab,indeed
APEUni_Advanced_Vocab,jean
APEUni_Advanced_Vocab,personality
APEUni_Advanced_Vocab,talent
APEUni_Advanced_Vocab,bright
APEUni_Advanced_Vocab,irritate
APEUni_Advanced_Vocab,variation
APEUni_Advanced_Vocab,handle
APEUni_Advanced_Vocab,private
APEUni_Advanced_Vocab,partisan
APEUni_Advanced_Vocab,electronics
APEUni_Advanced_Vocab,revise
APEUni_Advanced_Vocab,mobility
APEUni_Advanced_Vocab,lecture
APEUni_Advanced_Vocab,edge
APEUni_Advanced_Vocab,attract
APEUni_Advanced_Vocab,package
APEUni_Advanced_Vocab,plastic
APEUni_Advanced_Vocab,simultaneously
APEUni_Advanced_Vocab,modification
APEUni_Advanced_Vocab,gradual
APEUni_Advanced_Vocab,disagree
APEUni_Advanced_Vocab,interpret
APEUni_Advanced_Vocab,curriculum
APEUni_Advanced_Vocab,elective
APEUni_Advanced_Vocab,psychologist
APEUni_Advanced_Vocab,establishment
APEUni_Advanced_Vocab,apartment
APEUni_Advanced_Vocab,forbid
APEUni_Advanced_Vocab,PET
APEUni_Advanced_Vocab,typical
APEUni_Advanced_Vocab,attitude
APEUni_Advanced_Vocab,emphasis
APEUni_Advanced_Vocab,fair
APEUni_Advanced_Vocab,opposition
APEUni_Advanced_Vocab,copyright
APEUni_Advanced_Vocab,regime
APEUni_Advanced_Vocab,comprehensive
APEUni_Advanced_Vocab,bombard
APEUni_Advanced_Vocab,text
APEUni_Advanced_Vocab,electronic
APEUni_Advanced_Vocab,discourse
APEUni_Advanced_Vocab,reserve
APEUni_Advanced_Vocab,monitor
APEUni_Advanced_Vocab,software
APEUni_Advanced_Vocab,dodge
APEUni_Advanced_Vocab,deficient
APEUni_Advanced_Vocab,accusation
APEUni_Advanced_Vocab,momentum
APEUni_Advanced_Vocab,embed
APEUni_Advanced_Vocab,specimen
APEUni_Advanced_Vocab,secrete
APEUni_Advanced_Vocab,context
APEUni_Advanced_Vocab,voluntary
APEUni_Advanced_Vocab,reject
APEUni_Advanced_Vocab,mandatory
APEUni_Advanced_Vocab,obvious
APEUni_Advanced_Vocab,majority
APEUni_Advanced_Vocab,rural
APEUni_Advanced_Vocab,jet
APEUni_Advanced_Vocab,exception
APEUni_Advanced_Vocab,isolation
APEUni_Advanced_Vocab,ward
APEUni_Advanced_Vocab,Norm
APEUni_Advanced_Vocab,dialogue
APEUni_Advanced_Vocab,path
APEUni_Advanced_Vocab,isolate
APEUni_Advanced_Vocab,frighten
APEUni_Advanced_Vocab,interrupt
APEUni_Advanced_Vocab,discursive
APEUni_Advanced_Vocab,precision
APEUni_Advanced_Vocab,variety
APEUni_Advanced_Vocab,extensive
APEUni_Advanced_Vocab,consistency
APEUni_Advanced_Vocab,encounter
APEUni_Advanced_Vocab,technical
APEUni_Advanced_Vocab,landmark
APEUni_Advanced_Vocab,awareness
APEUni_Advanced_Vocab,disadvantage
APEUni_Advanced_Vocab,existence
APEUni_Advanced_Vocab,investigate
APEUni_Advanced_Vocab,complicate
APEUni_Advanced_Vocab,landscape
APEUni_Advanced_Vocab,premise
APEUni_Advanced_Vocab,counter
APEUni_Advanced_Vocab,seat
APEUni_Advanced_Vocab,especially
APEUni_Advanced_Vocab,memory
APEUni_Advanced_Vocab,experiment
APEUni_Advanced_Vocab,pattern
APEUni_Advanced_Vocab,undergraduate
APEUni_Advanced_Vocab,excite
APEUni_Advanced_Vocab,valuable
APEUni_Advanced_Vocab,finance
APEUni_Advanced_Vocab,responsibility
APEUni_Advanced_Vocab,theoretical
APEUni_Advanced_Vocab,undertake
APEUni_Advanced_Vocab,competence
APEUni_Advanced_Vocab,mathematics
APEUni_Advanced_Vocab,spot
APEUni_Advanced_Vocab,respondent
APEUni_Advanced_Vocab,implementation
APEUni_Advanced_Vocab,desirable
APEUni_Advanced_Vocab,preference
APEUni_Advanced_Vocab,light
APEUni_Advanced_Vocab,driver
APEUni_Advanced_Vocab,movement
APEUni_Advanced_Vocab,sensation
APEUni_Advanced_Vocab,similarly
APEUni_Advanced_Vocab,tenuous
APEUni_Advanced_Vocab,provision
APEUni_Advanced_Vocab,boundary
APEUni_Advanced_Vocab,ornament
APEUni_Advanced_Vocab,proportion
APEUni_Advanced_Vocab,prioritize
APEUni_Advanced_Vocab,pilot
APEUni_Advanced_Vocab,evolution
APEUni_Advanced_Vocab,greatly
APEUni_Advanced_Vocab,massive
APEUni_Advanced_Vocab,enormous
APEUni_Advanced_Vocab,admission
APEUni_Advanced_Vocab,inadvertently
APEUni_Advanced_Vocab,applicant
APEUni_Advanced_Vocab,hazard
APEUni_Advanced_Vocab,decomposition
APEUni_Advanced_Vocab,placement
APEUni_Advanced_Vocab,equipment
APEUni_Advanced_Vocab,artificial
APEUni_Advanced_Vocab,predominate
APEUni_Advanced_Vocab,distinction
APEUni_Advanced_Vocab,orient
APEUni_Advanced_Vocab,label
APEUni_Advanced_Vocab,terminal
APEUni_Advanced_Vocab,commitment
APEUni_Advanced_Vocab,inform
APEUni_Advanced_Vocab,screen
APEUni_Advanced_Vocab,extract
APEUni_Advanced_Vocab,ceremony
APEUni_Advanced_Vocab,decline
APEUni_Advanced_Vocab,shop
APEUni_Advanced_Vocab,portion
APEUni_Advanced_Vocab,devote
APEUni_Advanced_Vocab,disappear
APEUni_Advanced_Vocab,colorful
APEUni_Advanced_Vocab,seminar
APEUni_Advanced_Vocab,telephone
APEUni_Advanced_Vocab,expression
APEUni_Advanced_Vocab,advertisement
APEUni_Advanced_Vocab,whatever
APEUni_Advanced_Vocab,solve
APEUni_Advanced_Vocab,triple
APEUni_Advanced_Vocab,AD
APEUni_Advanced_Vocab,tutor
APEUni_Advanced_Vocab,afford
APEUni_Advanced_Vocab,extra
APEUni_Advanced_Vocab,lane
APEUni_Advanced_Vocab,overeat
APEUni_Advanced_Vocab,leisure
APEUni_Advanced_Vocab,persuade
APEUni_Advanced_Vocab,socioeconomic
APEUni_Advanced_Vocab,advertise
APEUni_Advanced_Vocab,outline
APEUni_Advanced_Vocab,levy
APEUni_Advanced_Vocab,consumption
APEUni_Advanced_Vocab,outweigh
APEUni_Advanced_Vocab,prediction
APEUni_Advanced_Vocab,practical
APEUni_Advanced_Vocab,accommodation
APEUni_Advanced_Vocab,postpone
APEUni_Advanced_Vocab,basement
APEUni_Advanced_Vocab,excessive
APEUni_Advanced_Vocab,promotion
APEUni_Advanced_Vocab,unhealthy
APEUni_Advanced_Vocab,supplementary
APEUni_Advanced_Vocab,exhibit
APEUni_Advanced_Vocab,studio
APEUni_Advanced_Vocab,peer
APEUni_Advanced_Vocab,conformity
APEUni_Advanced_Vocab,persuasive
APEUni_Advanced_Vocab,architecture
APEUni_Advanced_Vocab,fatigue
APEUni_Advanced_Vocab,accident
APEUni_Advanced_Vocab,opinion
APEUni_Advanced_Vocab,acquire
APEUni_Advanced_Vocab,convenient
APEUni_Advanced_Vocab,gradually
APEUni_Advanced_Vocab,session
APEUni_Advanced_Vocab,tutorial
APEUni_Advanced_Vocab,notify
APEUni_Advanced_Vocab,section
APEUni_Advanced_Vocab,bottom
APEUni_Advanced_Vocab,stereotype
APEUni_Advanced_Vocab,exhibition
APEUni_Advanced_Vocab,construct
APEUni_Advanced_Vocab,timetable
APEUni_Advanced_Vocab,mislead
APEUni_Advanced_Vocab,auditorium
APEUni_Advanced_Vocab,date
APEUni_Advanced_Vocab,infect
APEUni_Advanced_Vocab,previous
APEUni_Advanced_Vocab,outbreak
APEUni_Advanced_Vocab,automatic
APEUni_Advanced_Vocab,anatomy
APEUni_Advanced_Vocab,phase
APEUni_Advanced_Vocab,block
APEUni_Advanced_Vocab,dependence
APEUni_Advanced_Vocab,performer
APEUni_Advanced_Vocab,volcano
APEUni_Advanced_Vocab,campus
APEUni_Advanced_Vocab,registration
APEUni_Advanced_Vocab,eligible
APEUni_Advanced_Vocab,conventional
APEUni_Advanced_Vocab,anthropology
APEUni_Advanced_Vocab,cite
APEUni_Advanced_Vocab,audition
APEUni_Advanced_Vocab,lecturer
APEUni_Advanced_Vocab,motive
APEUni_Advanced_Vocab,symbolic
APEUni_Advanced_Vocab,geology
APEUni_Advanced_Vocab,guidance
APEUni_Advanced_Vocab,familiar
APEUni_Advanced_Vocab,facility
APEUni_Advanced_Vocab,circulation
APEUni_Advanced_Vocab,invasion
APEUni_Advanced_Vocab,tribe
APEUni_Advanced_Vocab,chapter
APEUni_Advanced_Vocab,summary
APEUni_Advanced_Vocab,profound
APEUni_Advanced_Vocab,ethical
APEUni_Advanced_Vocab,dilemma
APEUni_Advanced_Vocab,discount
APEUni_Advanced_Vocab,adhere
APEUni_Advanced_Vocab,essay
APEUni_Advanced_Vocab,supermarket
APEUni_Advanced_Vocab,periodical
APEUni_Advanced_Vocab,regularly
APEUni_Advanced_Vocab,cramp
APEUni_Advanced_Vocab,problematic
APEUni_Advanced_Vocab,accuracy
APEUni_Advanced_Vocab,client
APEUni_Advanced_Vocab,objective
APEUni_Advanced_Vocab,reaction
APEUni_Advanced_Vocab,olympic
APEUni_Advanced_Vocab,reference
APEUni_Advanced_Vocab,appropriately
APEUni_Advanced_Vocab,bibliography
APEUni_Advanced_Vocab,prior
APEUni_Advanced_Vocab,reliable
APEUni_Advanced_Vocab,bread
APEUni_Advanced_Vocab,solid
APEUni_Advanced_Vocab,identification
APEUni_Advanced_Vocab,row
APEUni_Advanced_Vocab,celebrate
APEUni_Advanced_Vocab,attendance
APEUni_Advanced_Vocab,religious
APEUni_Advanced_Vocab,behalf
APEUni_Advanced_Vocab,submit
APEUni_Advanced_Vocab,leadership
APEUni_Advanced_Vocab,representative
APEUni_Advanced_Vocab,difficulty
APEUni_Advanced_Vocab,interaction
APEUni_Advanced_Vocab,degradation
APEUni_Advanced_Vocab,aggravate
APEUni_Advanced_Vocab,format
APEUni_Advanced_Vocab,mechanical
APEUni_Advanced_Vocab,interpreter
APEUni_Advanced_Vocab,log
APEUni_Advanced_Vocab,check
APEUni_Advanced_Vocab,irrelevant
APEUni_Advanced_Vocab,crash
APEUni_Advanced_Vocab,chemistry
APEUni_Advanced_Vocab,basketball
APEUni_Advanced_Vocab,physician
APEUni_Advanced_Vocab,straight
APEUni_Advanced_Vocab,supervisor
APEUni_Advanced_Vocab,concise
APEUni_Advanced_Vocab,preliminary
APEUni_Advanced_Vocab,spring
APEUni_Advanced_Vocab,overdue
APEUni_Advanced_Vocab,incur
APEUni_Advanced_Vocab,calculate
APEUni_Advanced_Vocab,subsidize
APEUni_Advanced_Vocab,critic
APEUni_Advanced_Vocab,regular
APEUni_Advanced_Vocab,borrow
APEUni_Advanced_Vocab,biology
APEUni_Advanced_Vocab,weekend
APEUni_Advanced_Vocab,physics
APEUni_Advanced_Vocab,contact
APEUni_Advanced_Vocab,optimism
APEUni_Advanced_Vocab,assumption
APEUni_Advanced_Vocab,rush
APEUni_Advanced_Vocab,corporation
APEUni_Advanced_Vocab,sector
APEUni_Advanced_Vocab,credit
APEUni_Advanced_Vocab,query
APEUni_Advanced_Vocab,correlation
APEUni_Advanced_Vocab,version
APEUni_Advanced_Vocab,proposal
APEUni_Advanced_Vocab,cancel
APEUni_Advanced_Vocab,dedicate
APEUni_Advanced_Vocab,vocabulary
APEUni_Advanced_Vocab,jargon
APEUni_Advanced_Vocab,contradict
APEUni_Advanced_Vocab,viewpoint
APEUni_Advanced_Vocab,entrance
APEUni_Advanced_Vocab,ample
APEUni_Advanced_Vocab,module
APEUni_Advanced_Vocab,documentation
APEUni_Advanced_Vocab,fiction
APEUni_Advanced_Vocab,refectory
APEUni_Advanced_Vocab,vegetarian
APEUni_Advanced_Vocab,handout
APEUni_Advanced_Vocab,intelligence
APEUni_Advanced_Vocab,investigation
APEUni_Advanced_Vocab,vacation
APEUni_Advanced_Vocab,evident
APEUni_Advanced_Vocab,archaeology
APEUni_Advanced_Vocab,speculate
APEUni_Advanced_Vocab,numerous
APEUni_Advanced_Vocab,percentage
APEUni_Advanced_Vocab,additional
APEUni_Advanced_Vocab,discipline
APEUni_Advanced_Vocab,prospective
APEUni_Advanced_Vocab,collaborative
APEUni_Advanced_Vocab,draft
APEUni_Advanced_Vocab,parameter
APEUni_Advanced_Vocab,evaluation
APEUni_Advanced_Vocab,dynamic
APEUni_Advanced_Vocab,clinical
APEUni_Advanced_Vocab,vessel
APEUni_Advanced_Vocab,stagnant
APEUni_Advanced_Vocab,deadline
APEUni_Advanced_Vocab,cash
APEUni_Advanced_Vocab,allergy
APEUni_Advanced_Vocab,occurrence
APEUni_Advanced_Vocab,finalize
APEUni_Advanced_Vocab,transmission
APEUni_Advanced_Vocab,traumatic
APEUni_Advanced_Vocab,aesthetic
APEUni_Advanced_Vocab,indicate
APEUni_Advanced_Vocab,inherent
APEUni_Advanced_Vocab,tension
APEUni_Advanced_Vocab,hardware
APEUni_Advanced_Vocab,validity
APEUni_Advanced_Vocab,receipt
APEUni_Advanced_Vocab,urbanization
APEUni_Advanced_Vocab,phenomenon
APEUni_Advanced_Vocab,accent
APEUni_Advanced_Vocab,convention
APEUni_Advanced_Vocab,discrete
APEUni_Advanced_Vocab,noticeable
APEUni_Advanced_Vocab,comment
APEUni_Advanced_Vocab,flourish
APEUni_Advanced_Vocab,citation
APEUni_Advanced_Vocab,graduation
APEUni_Advanced_Vocab,objection
APEUni_Advanced_Vocab,controversy
APEUni_Advanced_Vocab,supportive
APEUni_Advanced_Vocab,cafeteria
APEUni_Advanced_Vocab,accessible
APEUni_Advanced_Vocab,expertise
APEUni_Advanced_Vocab,principal
APEUni_Advanced_Vocab,framework
APEUni_Advanced_Vocab,hesitate
APEUni_Advanced_Vocab,electricity
APEUni_Advanced_Vocab,unclear
APEUni_Advanced_Vocab,relevant
APEUni_Advanced_Vocab,up-to-date
APEUni_Advanced_Vocab,mathematical
APEUni_Advanced_Vocab,principle
APEUni_Advanced_Vocab,particle
APEUni_Advanced_Vocab,symmetry
APEUni_Advanced_Vocab,sphere
APEUni_Advanced_Vocab,equation
APEUni_Advanced_Vocab,thick
APEUni_Advanced_Vocab,severe
APEUni_Advanced_Vocab,philosophy
APEUni_Advanced_Vocab,derive
APEUni_Advanced_Vocab,equality
APEUni_Advanced_Vocab,equal
APEUni_Advanced_Vocab,conduct
APEUni_Advanced_Vocab,impulse
APEUni_Advanced_Vocab,employment
APEUni_Advanced_Vocab,complexity
APEUni_Advanced_Vocab,exacerbate
APEUni_Advanced_Vocab,oppose
APEUni_Advanced_Vocab,intelligent
APEUni_Advanced_Vocab,interviewer
APEUni_Advanced_Vocab,renew
APEUni_Advanced_Vocab,imperative
APEUni_Advanced_Vocab,motivation
APEUni_Advanced_Vocab,destruction
APEUni_Advanced_Vocab,decoration
APEUni_Advanced_Vocab,splash
APEUni_Advanced_Vocab,freedom
APEUni_Advanced_Vocab,visualize
APEUni_Advanced_Vocab,sculpture
APEUni_Advanced_Vocab,dimension
APEUni_Advanced_Vocab,combination
APEUni_Advanced_Vocab,specify
APEUni_Advanced_Vocab,coordinate
APEUni_Advanced_Vocab,penetrate
APEUni_Advanced_Vocab,radiation
APEUni_Advanced_Vocab,incredibly
APEUni_Advanced_Vocab,teamwork
APEUni_Advanced_Vocab,frequently
APEUni_Advanced_Vocab,negotiation
APEUni_Advanced_Vocab,Scottish
APEUni_Advanced_Vocab,honour
APEUni_Advanced_Vocab,restore
APEUni_Advanced_Vocab,input
APEUni_Advanced_Vocab,diagram
APEUni_Advanced_Vocab,sensitivity
APEUni_Advanced_Vocab,astronomy
APEUni_Advanced_Vocab,prospect
APEUni_Advanced_Vocab,minority
APEUni_Advanced_Vocab,electronically
APEUni_Advanced_Vocab,presence
APEUni_Advanced_Vocab,reinforce
APEUni_Advanced_Vocab,domain
APEUni_Advanced_Vocab,typewriter
APEUni_Advanced_Vocab,journalist
APEUni_Advanced_Vocab,obligation
APEUni_Advanced_Vocab,offspring
APEUni_Advanced_Vocab,initiative
APEUni_Advanced_Vocab,dwell
APEUni_Advanced_Vocab,psychological
APEUni_Advanced_Vocab,extreme
APEUni_Advanced_Vocab,attainment
APEUni_Advanced_Vocab,attraction
APEUni_Advanced_Vocab,geometry
APEUni_Advanced_Vocab,keen
APEUni_Advanced_Vocab,representation
APEUni_Advanced_Vocab,specialist
APEUni_Advanced_Vocab,scene
APEUni_Advanced_Vocab,documentary
APEUni_Advanced_Vocab,insight
APEUni_Advanced_Vocab,valid
APEUni_Advanced_Vocab,inert
APEUni_Advanced_Vocab,element
APEUni_Advanced_Vocab,fluctuate
APEUni_Advanced_Vocab,fantastically
APEUni_Advanced_Vocab,mechanics
APEUni_Advanced_Vocab,lock
APEUni_Advanced_Vocab,horn
APEUni_Advanced_Vocab,resolve
APEUni_Advanced_Vocab,essence
APEUni_Advanced_Vocab,civilization
APEUni_Advanced_Vocab,sustain
APEUni_Advanced_Vocab,adjustment
APEUni_Advanced_Vocab,vitamin
APEUni_Advanced_Vocab,sunscreen
APEUni_Advanced_Vocab,appreciate
APEUni_Advanced_Vocab,recommendation
APEUni_Advanced_Vocab,supplement
APEUni_Advanced_Vocab,treatment
APEUni_Advanced_Vocab,commonly
APEUni_Advanced_Vocab,overweight
APEUni_Advanced_Vocab,alcohol
APEUni_Advanced_Vocab,induce
APEUni_Advanced_Vocab,dietary
APEUni_Advanced_Vocab,prevention
APEUni_Advanced_Vocab,poll
APEUni_Advanced_Vocab,eliminate
APEUni_Advanced_Vocab,democratic
APEUni_Advanced_Vocab,enterprise
APEUni_Advanced_Vocab,lend
APEUni_Advanced_Vocab,commission
APEUni_Advanced_Vocab,exceed
APEUni_Advanced_Vocab,nutrition
APEUni_Advanced_Vocab,intake
APEUni_Advanced_Vocab,alcoholic
APEUni_Advanced_Vocab,cognitive
APEUni_Advanced_Vocab,underneath
APEUni_Advanced_Vocab,manipulate
APEUni_Advanced_Vocab,rethink
APEUni_Advanced_Vocab,linguistics
APEUni_Advanced_Vocab,linguist
APEUni_Advanced_Vocab,perplex
APEUni_Advanced_Vocab,infinitely
APEUni_Advanced_Vocab,diagnostic
APEUni_Advanced_Vocab,analytical
APEUni_Advanced_Vocab,prestige
APEUni_Advanced_Vocab,stick
APEUni_Advanced_Vocab,analogy
APEUni_Advanced_Vocab,stadium
APEUni_Advanced_Vocab,foyer
APEUni_Advanced_Vocab,coach
APEUni_Advanced_Vocab,brilliant
APEUni_Advanced_Vocab,championship
APEUni_Advanced_Vocab,admire
APEUni_Advanced_Vocab,exemplify
APEUni_Advanced_Vocab,physicist
APEUni_Advanced_Vocab,independence
APEUni_Advanced_Vocab,tropical
APEUni_Advanced_Vocab,assume
APEUni_Advanced_Vocab,extend
APEUni_Advanced_Vocab,flexibility
APEUni_Advanced_Vocab,constitution
APEUni_Advanced_Vocab,civil
APEUni_Advanced_Vocab,protest
APEUni_Advanced_Vocab,steady
APEUni_Advanced_Vocab,grain
APEUni_Advanced_Vocab,inhabitant
APEUni_Advanced_Vocab,deliberately
APEUni_Advanced_Vocab,spectrum
APEUni_Advanced_Vocab,icon
APEUni_Advanced_Vocab,differ
APEUni_Advanced_Vocab,church
APEUni_Advanced_Vocab,shortcoming
APEUni_Advanced_Vocab,error
APEUni_Advanced_Vocab,tag
APEUni_Advanced_Vocab,monument
APEUni_Advanced_Vocab,forum
APEUni_Advanced_Vocab,embrace
APEUni_Advanced_Vocab,grant
APEUni_Advanced_Vocab,inspire
APEUni_Advanced_Vocab,educate
APEUni_Advanced_Vocab,print
APEUni_Advanced_Vocab,concrete
APEUni_Advanced_Vocab,aggregate
APEUni_Advanced_Vocab,branch
APEUni_Advanced_Vocab,urgent
APEUni_Advanced_Vocab,consciousness
APEUni_Advanced_Vocab,scenario
APEUni_Advanced_Vocab,robust
APEUni_Advanced_Vocab,sensor
APEUni_Advanced_Vocab,feedback
APEUni_Advanced_Vocab,heritage
APEUni_Advanced_Vocab,cathedral
APEUni_Advanced_Vocab,occupy
APEUni_Advanced_Vocab,hurt
APEUni_Advanced_Vocab,drill
APEUni_Advanced_Vocab,specifically
APEUni_Advanced_Vocab,summit
APEUni_Advanced_Vocab,harness
APEUni_Advanced_Vocab,illustration
APEUni_Advanced_Vocab,encyclopedia
APEUni_Advanced_Vocab,spin
APEUni_Advanced_Vocab,descent
APEUni_Advanced_Vocab,mimic
APEUni_Advanced_Vocab,concentrate
APEUni_Advanced_Vocab,flat
APEUni_Advanced_Vocab,owe
APEUni_Advanced_Vocab,horror
APEUni_Advanced_Vocab,burgeon
APEUni_Advanced_Vocab,route
APEUni_Advanced_Vocab,impair
APEUni_Advanced_Vocab,rescue
APEUni_Advanced_Vocab,cyclone
APEUni_Advanced_Vocab,hurricane
APEUni_Advanced_Vocab,presume
APEUni_Advanced_Vocab,contaminate
APEUni_Advanced_Vocab,Cook
APEUni_Advanced_Vocab,oyster
APEUni_Advanced_Vocab,victim
APEUni_Advanced_Vocab,linear
APEUni_Advanced_Vocab,vertical
APEUni_Advanced_Vocab,recession
APEUni_Advanced_Vocab,literacy
APEUni_Advanced_Vocab,chip
APEUni_Advanced_Vocab,Calorie
APEUni_Advanced_Vocab,spark
APEUni_Advanced_Vocab,ignite
APEUni_Advanced_Vocab,stir
APEUni_Advanced_Vocab,differently
APEUni_Advanced_Vocab,shoot
APEUni_Advanced_Vocab,stable
APEUni_Advanced_Vocab,relax
APEUni_Advanced_Vocab,technician
APEUni_Advanced_Vocab,detect
APEUni_Advanced_Vocab,proficiency
APEUni_Advanced_Vocab,inadequate
APEUni_Advanced_Vocab,bow
APEUni_Advanced_Vocab,texture
APEUni_Advanced_Vocab,confront
APEUni_Advanced_Vocab,imply
APEUni_Advanced_Vocab,remark
APEUni_Advanced_Vocab,kitchen
APEUni_Advanced_Vocab,informal
APEUni_Advanced_Vocab,integral
APEUni_Advanced_Vocab,pervasive
APEUni_Advanced_Vocab,traditionally
APEUni_Advanced_Vocab,passive
APEUni_Advanced_Vocab,colloquial
APEUni_Advanced_Vocab,momentary
APEUni_Advanced_Vocab,introduction
APEUni_Advanced_Vocab,auxiliary
APEUni_Advanced_Vocab,archaeologist
APEUni_Advanced_Vocab,deficiency
APEUni_Advanced_Vocab,ephemeral
APEUni_Advanced_Vocab,vanish
APEUni_Advanced_Vocab,skyscraper
APEUni_Advanced_Vocab,peak
APEUni_Advanced_Vocab,masonry
APEUni_Advanced_Vocab,air-condition
APEUni_Advanced_Vocab,panel
APEUni_Advanced_Vocab,sewage
APEUni_Advanced_Vocab,reasonable
APEUni_Advanced_Vocab,illuminate
APEUni_Advanced_Vocab,quantity
APEUni_Advanced_Vocab,unchanged
APEUni_Advanced_Vocab,thin
APEUni_Advanced_Vocab,mountainous
APEUni_Advanced_Vocab,scatter
APEUni_Advanced_Vocab,column
APEUni_Advanced_Vocab,diameter
APEUni_Advanced_Vocab,faith
APEUni_Advanced_Vocab,rhetoric
APEUni_Advanced_Vocab,notion
APEUni_Advanced_Vocab,pursuit
APEUni_Advanced_Vocab,assert
APEUni_Advanced_Vocab,accompany
APEUni_Advanced_Vocab,wrap
APEUni_Advanced_Vocab,expansion
APEUni_Advanced_Vocab,radically
APEUni_Advanced_Vocab,donation
APEUni_Advanced_Vocab,envelope
APEUni_Advanced_Vocab,terrestrial
APEUni_Advanced_Vocab,swift
APEUni_Advanced_Vocab,reptile
APEUni_Advanced_Vocab,recover
APEUni_Advanced_Vocab,paddle
APEUni_Advanced_Vocab,confuse
APEUni_Advanced_Vocab,favourite
APEUni_Advanced_Vocab,expense
APEUni_Advanced_Vocab,wage
APEUni_Advanced_Vocab,charity
APEUni_Advanced_Vocab,underwater
APEUni_Advanced_Vocab,simulate
APEUni_Advanced_Vocab,cholesterol
APEUni_Advanced_Vocab,fragrance
APEUni_Advanced_Vocab,sick
APEUni_Advanced_Vocab,cure
APEUni_Advanced_Vocab,migration
APEUni_Advanced_Vocab,migrate
APEUni_Advanced_Vocab,ridge
APEUni_Advanced_Vocab,frequency
APEUni_Advanced_Vocab,superior
APEUni_Advanced_Vocab,midnight
APEUni_Advanced_Vocab,recreation
APEUni_Advanced_Vocab,dorm
APEUni_Advanced_Vocab,noisy
APEUni_Advanced_Vocab,wash
APEUni_Advanced_Vocab,beam
APEUni_Advanced_Vocab,harvest
APEUni_Advanced_Vocab,colonist
APEUni_Advanced_Vocab,craft
APEUni_Advanced_Vocab,articulate
APEUni_Advanced_Vocab,emphasize
APEUni_Advanced_Vocab,pause
APEUni_Advanced_Vocab,transition
APEUni_Advanced_Vocab,procedure
APEUni_Advanced_Vocab,Termite
APEUni_Advanced_Vocab,centigrade
APEUni_Advanced_Vocab,construction
APEUni_Advanced_Vocab,sketch
APEUni_Advanced_Vocab,incorporate
APEUni_Advanced_Vocab,statement
APEUni_Advanced_Vocab,contention
APEUni_Advanced_Vocab,nickname
APEUni_Advanced_Vocab,bravery
APEUni_Advanced_Vocab,camp
APEUni_Advanced_Vocab,title
APEUni_Advanced_Vocab,inhibit
APEUni_Advanced_Vocab,exploration
APEUni_Advanced_Vocab,priority
APEUni_Advanced_Vocab,renovation
APEUni_Advanced_Vocab,classical
APEUni_Advanced_Vocab,contemporary
APEUni_Advanced_Vocab,integrity
APEUni_Advanced_Vocab,professionally
APEUni_Advanced_Vocab,mail
APEUni_Advanced_Vocab,helpful
APEUni_Advanced_Vocab,minor
APEUni_Advanced_Vocab,measurement
APEUni_Advanced_Vocab,formula
APEUni_Advanced_Vocab,probability
APEUni_Advanced_Vocab,ancestor
APEUni_Advanced_Vocab,predecessor
APEUni_Advanced_Vocab,spill
APEUni_Advanced_Vocab,flame
APEUni_Advanced_Vocab,deform
APEUni_Advanced_Vocab,publisher
APEUni_Advanced_Vocab,graphically
APEUni_Advanced_Vocab,stamp
APEUni_Advanced_Vocab,spanish
APEUni_Advanced_Vocab,resist
APEUni_Advanced_Vocab,witness
APEUni_Advanced_Vocab,undergo
APEUni_Advanced_Vocab,height
APEUni_Advanced_Vocab,plantation
APEUni_Advanced_Vocab,privacy
APEUni_Advanced_Vocab,frustrate
APEUni_Advanced_Vocab,avenue
APEUni_Advanced_Vocab,suburb
APEUni_Advanced_Vocab,dismiss
APEUni_Advanced_Vocab,distinctive
APEUni_Advanced_Vocab,workshop
APEUni_Advanced_Vocab,arc
APEUni_Advanced_Vocab,carriage
APEUni_Advanced_Vocab,barricade
APEUni_Advanced_Vocab,instruct
APEUni_Advanced_Vocab,orientation
APEUni_Advanced_Vocab,fraction
APEUni_Advanced_Vocab,reluctant
APEUni_Advanced_Vocab,unemployment
APEUni_Advanced_Vocab,arrangement
APEUni_Advanced_Vocab,privilege
APEUni_Advanced_Vocab,diminish
APEUni_Advanced_Vocab,contribution
APEUni_Advanced_Vocab,auditory
APEUni_Advanced_Vocab,counterpart
APEUni_Advanced_Vocab,stare
APEUni_Advanced_Vocab,intent
APEUni_Advanced_Vocab,pose
APEUni_Advanced_Vocab,similarity
APEUni_Advanced_Vocab,acceptable
APEUni_Advanced_Vocab,sceptic
APEUni_Advanced_Vocab,humanitarian
APEUni_Advanced_Vocab,pragmatic
APEUni_Advanced_Vocab,abolish
APEUni_Advanced_Vocab,paradox
APEUni_Advanced_Vocab,polish
APEUni_Advanced_Vocab,photocopy
APEUni_Advanced_Vocab,devastate
APEUni_Advanced_Vocab,golf
APEUni_Advanced_Vocab,reputation
APEUni_Advanced_Vocab,minimum
APEUni_Advanced_Vocab,continent
APEUni_Advanced_Vocab,multicultural
APEUni_Advanced_Vocab,certainty
APEUni_Advanced_Vocab,mitigate
APEUni_Advanced_Vocab,correlate
APEUni_Advanced_Vocab,discrimination
APEUni_Advanced_Vocab,wisdom
APEUni_Advanced_Vocab,dissipate
APEUni_Advanced_Vocab,autonomy
APEUni_Advanced_Vocab,permission
APEUni_Advanced_Vocab,audio
APEUni_Advanced_Vocab,depiction
APEUni_Advanced_Vocab,assemble
APEUni_Advanced_Vocab,atmospheric
APEUni_Advanced_Vocab,obscure
APEUni_Advanced_Vocab,potent
APEUni_Advanced_Vocab,rid
APEUni_Advanced_Vocab,gross
APEUni_Advanced_Vocab,classify
APEUni_Advanced_Vocab,default
APEUni_Advanced_Vocab,weed
APEUni_Advanced_Vocab,chart
APEUni_Advanced_Vocab,thrive
APEUni_Advanced_Vocab,trio
APEUni_Advanced_Vocab,follower
APEUni_Advanced_Vocab,wary
APEUni_Advanced_Vocab,appal
APEUni_Advanced_Vocab,license
APEUni_Advanced_Vocab,relaxation
APEUni_Advanced_Vocab,rough
APEUni_Advanced_Vocab,migrant
APEUni_Advanced_Vocab,neat
APEUni_Advanced_Vocab,pocket
APEUni_Advanced_Vocab,dominance
APEUni_Advanced_Vocab,nitrogen
APEUni_Advanced_Vocab,recall
APEUni_Advanced_Vocab,explicit
APEUni_Advanced_Vocab,intentionally
APEUni_Advanced_Vocab,implicit
APEUni_Advanced_Vocab,naturally
APEUni_Advanced_Vocab,feat
APEUni_Advanced_Vocab,shallow
APEUni_Advanced_Vocab,powder
APEUni_Advanced_Vocab,consultant
APEUni_Advanced_Vocab,genius
APEUni_Advanced_Vocab,consult
APEUni_Advanced_Vocab,transfer
APEUni_Advanced_Vocab,vaccination
APEUni_Advanced_Vocab,hygiene
APEUni_Advanced_Vocab,compulsory
APEUni_Advanced_Vocab,resume
APEUni_Advanced_Vocab,arthritis
APEUni_Advanced_Vocab,technically
APEUni_Advanced_Vocab,insomniac
APEUni_Advanced_Vocab,depress
APEUni_Advanced_Vocab,compensation
APEUni_Advanced_Vocab,volatile
APEUni_Advanced_Vocab,aggression
APEUni_Advanced_Vocab,turnover
APEUni_Advanced_Vocab,exemption
APEUni_Advanced_Vocab,ultimate
APEUni_Advanced_Vocab,synthesis
APEUni_Advanced_Vocab,conversion
APEUni_Advanced_Vocab,accordingly
APEUni_Advanced_Vocab,collision
APEUni_Advanced_Vocab,unpredictable
APEUni_Advanced_Vocab,random
APEUni_Advanced_Vocab,would-be
APEUni_Advanced_Vocab,excursion
APEUni_Advanced_Vocab,soul
APEUni_Advanced_Vocab,awake
APEUni_Advanced_Vocab,thermodynamics
APEUni_Advanced_Vocab,dynamics
APEUni_Advanced_Vocab,except
APEUni_Advanced_Vocab,terrorist
APEUni_Advanced_Vocab,grammar
APEUni_Advanced_Vocab,description
APEUni_Advanced_Vocab,venus
APEUni_Advanced_Vocab,handwrite
APEUni_Advanced_Vocab,bizarre
APEUni_Advanced_Vocab,observation
APEUni_Advanced_Vocab,inhabit
APEUni_Advanced_Vocab,geographical
APEUni_Advanced_Vocab,decent
APEUni_Advanced_Vocab,accumulate
APEUni_Advanced_Vocab,stabilize
APEUni_Advanced_Vocab,vocational
APEUni_Advanced_Vocab,dietitian
APEUni_Advanced_Vocab,compatible
APEUni_Advanced_Vocab,vacuum
APEUni_Advanced_Vocab,locality
APEUni_Advanced_Vocab,quarterly
APEUni_Advanced_Vocab,Tertiary
APEUni_Advanced_Vocab,accumulation
APEUni_Advanced_Vocab,chaotic
APEUni_Advanced_Vocab,underground
APEUni_Advanced_Vocab,linguistic
APEUni_Advanced_Vocab,precipitation
APEUni_Advanced_Vocab,longitude
APEUni_Advanced_Vocab,erudite
APEUni_Advanced_Vocab,inclination
APEUni_Advanced_Vocab,diploma
APEUni_Advanced_Vocab,bilateral
APEUni_Advanced_Vocab,climb
APEUni_Advanced_Vocab,forecast
APEUni_Advanced_Vocab,alphabetical
APEUni_Advanced_Vocab,Dinosaur
APEUni_Advanced_Vocab,Spectator
APEUni_Advanced_Vocab,edible
APEUni_Advanced_Vocab,ski
APEUni_Advanced_Vocab,motorbike
APEUni_Advanced_Vocab,synonym
APEUni_Advanced_Vocab,monolingual
APEUni_Advanced_Vocab,magnify
APEUni_Advanced_Vocab,notorious
APEUni_Advanced_Vocab,departure
APEUni_Advanced_Vocab,passport
APEUni_Advanced_Vocab,autumn
APEUni_Advanced_Vocab,queen
APEUni_Advanced_Vocab,ventilation
APEUni_Advanced_Vocab,dentist
APEUni_Advanced_Vocab,editorial
APEUni_Advanced_Vocab,dawn
APEUni_Advanced_Vocab,submission
APEUni_Advanced_Vocab,mineral
APEUni_Advanced_Vocab,Tokyo
APEUni_Advanced_Vocab,prescribe
APEUni_Advanced_Vocab,algebra
APEUni_Advanced_Vocab,certificate
APEUni_Advanced_Vocab,vivid
APEUni_Advanced_Vocab,tire
APEUni_Advanced_Vocab,drought
APEUni_Advanced_Vocab,headline
APEUni_Advanced_Vocab,thread
APEUni_Advanced_Vocab,altitude
APEUni_Advanced_Vocab,bilingual
APEUni_Advanced_Vocab,violin
APEUni_Advanced_Vocab,circle
APEUni_Advanced_Vocab,subjective
APEUni_Advanced_Vocab,paragraph
APEUni_Advanced_Vocab,tolerant
APEUni_Advanced_Vocab,rainforest
APEUni_Advanced_Vocab,crocodile
APEUni_Advanced_Vocab,surgical
APEUni_Advanced_Vocab,surgeon
APEUni_Advanced_Vocab,geography
APEUni_Advanced_Vocab,nicotine
APEUni_Advanced_Vocab,portrait
APEUni_Advanced_Vocab,genre
APEUni_Advanced_Vocab,precarious
APEUni_Advanced_Vocab,dissertation
APEUni_Advanced_Vocab,bedroom
APEUni_Advanced_Vocab,dormitory
APEUni_Advanced_Vocab,athletic
APEUni_Advanced_Vocab,excellence
APEUni_Advanced_Vocab,tournament
APEUni_Advanced_Vocab,organizer
APEUni_Advanced_Vocab,renewable
APEUni_Advanced_Vocab,offset
APEUni_Advanced_Vocab,plummet
APEUni_Advanced_Vocab,spectacular
APEUni_Advanced_Vocab,intricate
APEUni_Advanced_Vocab,demographic
APEUni_Advanced_Vocab,moderate
APEUni_Advanced_Vocab,mature
APEUni_Advanced_Vocab,breakthrough
APEUni_Advanced_Vocab,chairman
APEUni_Advanced_Vocab,inflation
APEUni_Advanced_Vocab,dialect
APEUni_Advanced_Vocab,constrain
APEUni_Advanced_Vocab,beaver
APEUni_Advanced_Vocab,swallow
APEUni_Advanced_Vocab,reminder
APEUni_Advanced_Vocab,straightforward
APEUni_Advanced_Vocab,qualification
APEUni_Advanced_Vocab,justification
APEUni_Advanced_Vocab,institutional
APEUni_Advanced_Vocab,inequality
APEUni_Advanced_Vocab,likelihood
APEUni_Advanced_Vocab,fashion
APEUni_Advanced_Vocab,burden
APEUni_Advanced_Vocab,congestion
APEUni_Advanced_Vocab,consistent
APEUni_Advanced_Vocab,costly
APEUni_Advanced_Vocab,summarize
APEUni_Advanced_Vocab,covet
APEUni_Advanced_Vocab,smallpox
APEUni_Advanced_Vocab,labour
APEUni_Advanced_Vocab,scarcity
APEUni_Advanced_Vocab,upward
APEUni_Advanced_Vocab,robbery
APEUni_Advanced_Vocab,ubiquitous
APEUni_Advanced_Vocab,flatten
APEUni_Advanced_Vocab,stigma
APEUni_Advanced_Vocab,lobby
APEUni_Advanced_Vocab,universally
APEUni_Advanced_Vocab,confound
APEUni_Advanced_Vocab,compensate
APEUni_Advanced_Vocab,net
APEUni_Advanced_Vocab,deliver
APEUni_Advanced_Vocab,descendant
APEUni_Advanced_Vocab,geothermal
APEUni_Advanced_Vocab,spike
APEUni_Advanced_Vocab,hydroelectric
APEUni_Advanced_Vocab,unreliable
APEUni_Advanced_Vocab,stretch
APEUni_Advanced_Vocab,scratch
APEUni_Advanced_Vocab,aspire
APEUni_Advanced_Vocab,beach
APEUni_Advanced_Vocab,bond
APEUni_Advanced_Vocab,fashionable
APEUni_Advanced_Vocab,latter
APEUni_Advanced_Vocab,convict
APEUni_Advanced_Vocab,exploitation
APEUni_Advanced_Vocab,discredit
APEUni_Advanced_Vocab,subconsciously
APEUni_Advanced_Vocab,deteriorate
APEUni_Advanced_Vocab,conservative
APEUni_Advanced_Vocab,confine
APEUni_Advanced_Vocab,preoccupation
APEUni_Advanced_Vocab,emulate
APEUni_Advanced_Vocab,boast
APEUni_Advanced_Vocab,itinerary
APEUni_Advanced_Vocab,temple
APEUni_Advanced_Vocab,statue
APEUni_Advanced_Vocab,oceanic
APEUni_Advanced_Vocab,boom
APEUni_Advanced_Vocab,destination
APEUni_Advanced_Vocab,comparatively
APEUni_Advanced_Vocab,unconventional
APEUni_Advanced_Vocab,violate
APEUni_Advanced_Vocab,sanction
APEUni_Advanced_Vocab,rear
APEUni_Advanced_Vocab,seduce
APEUni_Advanced_Vocab,absence
APEUni_Advanced_Vocab,plethora
APEUni_Advanced_Vocab,enquiry
APEUni_Advanced_Vocab,goat
APEUni_Advanced_Vocab,appoint
APEUni_Advanced_Vocab,reef
APEUni_Advanced_Vocab,administrative
APEUni_Advanced_Vocab,debris
APEUni_Advanced_Vocab,surpass
APEUni_Advanced_Vocab,rage
APEUni_Advanced_Vocab,caution
APEUni_Advanced_Vocab,anarchy
APEUni_Advanced_Vocab,headway
APEUni_Advanced_Vocab,profile
APEUni_Advanced_Vocab,scrutiny
APEUni_Advanced_Vocab,judgement
APEUni_Advanced_Vocab,conspiracy
APEUni_Advanced_Vocab,venue
APEUni_Advanced_Vocab,differentiate
APEUni_Advanced_Vocab,imperial
APEUni_Advanced_Vocab,incidence
APEUni_Advanced_Vocab,ailment
APEUni_Advanced_Vocab,cereal
APEUni_Advanced_Vocab,pathology
APEUni_Advanced_Vocab,zealot
APEUni_Advanced_Vocab,clue
APEUni_Advanced_Vocab,beard
APEUni_Advanced_Vocab,shadow
APEUni_Advanced_Vocab,subsequent
APEUni_Advanced_Vocab,commence
APEUni_Advanced_Vocab,diffuse
APEUni_Advanced_Vocab,telecommunication
APEUni_Advanced_Vocab,catalyst
APEUni_Advanced_Vocab,realistic
APEUni_Advanced_Vocab,scan
APEUni_Advanced_Vocab,identical
APEUni_Advanced_Vocab,marketplace
APEUni_Advanced_Vocab,compel
APEUni_Advanced_Vocab,harmony
APEUni_Advanced_Vocab,vulnerability
APEUni_Advanced_Vocab,sporadic
APEUni_Advanced_Vocab,ingenious
APEUni_Advanced_Vocab,inventor
APEUni_Advanced_Vocab,terrorism
APEUni_Advanced_Vocab,guru
APEUni_Advanced_Vocab,recuperate
APEUni_Advanced_Vocab,elaborate
APEUni_Advanced_Vocab,captivate
APEUni_Advanced_Vocab,array
APEUni_Advanced_Vocab,discard
APEUni_Advanced_Vocab,cosmetic
APEUni_Advanced_Vocab,emulation
APEUni_Advanced_Vocab,eccentric
APEUni_Advanced_Vocab,convolute
APEUni_Advanced_Vocab,chess
APEUni_Advanced_Vocab,illusion
APEUni_Advanced_Vocab,impression
APEUni_Advanced_Vocab,addictive
APEUni_Advanced_Vocab,refute
APEUni_Advanced_Vocab,imitation
APEUni_Advanced_Vocab,confusion
APEUni_Advanced_Vocab,ambiguous
APEUni_Advanced_Vocab,ready
APEUni_Advanced_Vocab,blur
APEUni_Advanced_Vocab,permeable
APEUni_Advanced_Vocab,replenish
APEUni_Advanced_Vocab,infer
APEUni_Advanced_Vocab,skip
APEUni_Advanced_Vocab,innovator
APEUni_Advanced_Vocab,permanent
APEUni_Advanced_Vocab,conspicuous
APEUni_Advanced_Vocab,capitalism
APEUni_Advanced_Vocab,theatre
APEUni_Advanced_Vocab,luxurious
APEUni_Advanced_Vocab,swap
APEUni_Advanced_Vocab,refresh
APEUni_Advanced_Vocab,dull
APEUni_Advanced_Vocab,pendulum
APEUni_Advanced_Vocab,deride
APEUni_Advanced_Vocab,manual
APEUni_Advanced_Vocab,counsellor
APEUni_Advanced_Vocab,intervention
APEUni_Advanced_Vocab,syllabus
APEUni_Advanced_Vocab,carbohydrate
APEUni_Advanced_Vocab,daunt
APEUni_Advanced_Vocab,agenda
APEUni_Advanced_Vocab,occasionally
APEUni_Advanced_Vocab,insurance
APEUni_Advanced_Vocab,thunder
APEUni_Advanced_Vocab,cultivate
APEUni_Advanced_Vocab,deterrent
APEUni_Advanced_Vocab,demolish
APEUni_Advanced_Vocab,reflection
APEUni_Advanced_Vocab,thief
APEUni_Advanced_Vocab,policeman
APEUni_Advanced_Vocab,lawn
APEUni_Advanced_Vocab,slippery
APEUni_Advanced_Vocab,outdated
APEUni_Advanced_Vocab,aisle
APEUni_Advanced_Vocab,weave
APEUni_Advanced_Vocab,pronunciation
APEUni_Advanced_Vocab,precipitate
APEUni_Advanced_Vocab,sudden
APEUni_Advanced_Vocab,asteroid
APEUni_Advanced_Vocab,subsequently
APEUni_Advanced_Vocab,consensus
APEUni_Advanced_Vocab,wallet
APEUni_Advanced_Vocab,align
APEUni_Advanced_Vocab,fulfill
APEUni_Advanced_Vocab,displace
APEUni_Advanced_Vocab,anticipate
APEUni_Advanced_Vocab,reactive
APEUni_Advanced_Vocab,comprehend
APEUni_Advanced_Vocab,casual
APEUni_Advanced_Vocab,vogue
APEUni_Advanced_Vocab,experimentation
APEUni_Advanced_Vocab,compromise
APEUni_Advanced_Vocab,concession
APEUni_Advanced_Vocab,annex
APEUni_Advanced_Vocab,enlarge
APEUni_Advanced_Vocab,parade
APEUni_Advanced_Vocab,analogous
APEUni_Advanced_Vocab,drawback
APEUni_Advanced_Vocab,attire
APEUni_Advanced_Vocab,grammatical
APEUni_Advanced_Vocab,aptitude
APEUni_Advanced_Vocab,resemblance
APEUni_Advanced_Vocab,aspiration
APEUni_Advanced_Vocab,profession
APEUni_Advanced_Vocab,practitioner
APEUni_Advanced_Vocab,reliability
APEUni_Advanced_Vocab,malleable
APEUni_Advanced_Vocab,eradicate
APEUni_Advanced_Vocab,ideology
APEUni_Advanced_Vocab,disseminate
APEUni_Advanced_Vocab,illiterate
APEUni_Advanced_Vocab,request
APEUni_Advanced_Vocab,submarine
APEUni_Advanced_Vocab,pristine
APEUni_Advanced_Vocab,graphic
APEUni_Advanced_Vocab,perfection
APEUni_Advanced_Vocab,sword
APEUni_Advanced_Vocab,tiger
APEUni_Advanced_Vocab,inspiration
APEUni_Advanced_Vocab,database
APEUni_Advanced_Vocab,controversial
APEUni_Advanced_Vocab,folktale
APEUni_Advanced_Vocab,precedence
APEUni_Advanced_Vocab,offense
APEUni_Advanced_Vocab,subordinate
APEUni_Advanced_Vocab,contradiction
APEUni_Advanced_Vocab,complement
APEUni_Advanced_Vocab,evoke
APEUni_Advanced_Vocab,mode
APEUni_Advanced_Vocab,evaporation
APEUni_Advanced_Vocab,porous
APEUni_Advanced_Vocab,waterfall
APEUni_Advanced_Vocab,inoculation
APEUni_Advanced_Vocab,exclusion
APEUni_Advanced_Vocab,nontoxic
APEUni_Advanced_Vocab,secular
APEUni_Advanced_Vocab,saturate
APEUni_Advanced_Vocab,envision
APEUni_Advanced_Vocab,apparent
APEUni_Advanced_Vocab,rhythmical
APEUni_Advanced_Vocab,penchant
APEUni_Advanced_Vocab,ridiculous
APEUni_Advanced_Vocab,duration
APEUni_Advanced_Vocab,favorable
APEUni_Advanced_Vocab,dispersal
APEUni_Advanced_Vocab,ascertain
APEUni_Advanced_Vocab,overview
APEUni_Advanced_Vocab,vigorous
APEUni_Advanced_Vocab,limitation
APEUni_Advanced_Vocab,neglect
APEUni_Advanced_Vocab,undermine
APEUni_Advanced_Vocab,primacy
APEUni_Advanced_Vocab,trajectory
APEUni_Advanced_Vocab,misgive
APEUni_Advanced_Vocab,inaccurate
APEUni_Advanced_Vocab,drone
APEUni_Advanced_Vocab,propagate
APEUni_Advanced_Vocab,fitness
APEUni_Advanced_Vocab,vigilant
APEUni_Advanced_Vocab,aboard
APEUni_Advanced_Vocab,supersede
APEUni_Advanced_Vocab,observable
APEUni_Advanced_Vocab,suppress
APEUni_Advanced_Vocab,mysterious
APEUni_Advanced_Vocab,paradigm
APEUni_Advanced_Vocab,negotiate
APEUni_Advanced_Vocab,repudiate
APEUni_Advanced_Vocab,distrust
APEUni_Advanced_Vocab,irresistible
APEUni_Advanced_Vocab,pertain
APEUni_Advanced_Vocab,weird
APEUni_Advanced_Vocab,identifiable
APEUni_Advanced_Vocab,satisfactory
APEUni_Advanced_Vocab,reproduction
APEUni_Advanced_Vocab,subsistence
APEUni_Advanced_Vocab,parasitic
APEUni_Advanced_Vocab,disperse
APEUni_Advanced_Vocab,cogent
APEUni_Advanced_Vocab,proliferate
APEUni_Advanced_Vocab,sightsee
APEUni_Advanced_Vocab,fibre
APEUni_Advanced_Vocab,lounge
APEUni_Advanced_Vocab,deduction
APEUni_Advanced_Vocab,complementary
APEUni_Advanced_Vocab,principally
APEUni_Advanced_Vocab,intentioned
APEUni_Advanced_Vocab,sociology
APEUni_Advanced_Vocab,constructive
APEUni_Advanced_Vocab,cooperation
APEUni_Advanced_Vocab,catalogue
APEUni_Advanced_Vocab,repetition
APEUni_Advanced_Vocab,leaflet
APEUni_Advanced_Vocab,exit
APEUni_Advanced_Vocab,entrepreneur
APEUni_Advanced_Vocab,baseline
APEUni_Advanced_Vocab,stationery
APEUni_Advanced_Vocab,librarian
APEUni_Advanced_Vocab,devolution
APEUni_Advanced_Vocab,worthy
APEUni_Advanced_Vocab,sovereignty
APEUni_Advanced_Vocab,tick
APEUni_Advanced_Vocab,fingerprint
APEUni_Advanced_Vocab,headache
APEUni_Advanced_Vocab,viper
APEUni_Advanced_Vocab,comedian
APEUni_Advanced_Vocab,utility
APEUni_Advanced_Vocab,superstition
APEUni_Advanced_Vocab,stagnate
APEUni_Advanced_Vocab,tightly
APEUni_Advanced_Vocab,salty
APEUni_Advanced_Vocab,intimate
APEUni_Advanced_Vocab,felicitous
APEUni_Advanced_Vocab,maverick
APEUni_Advanced_Vocab,insulate
APEUni_Advanced_Vocab,legitimate
APEUni_Advanced_Vocab,advantageous
APEUni_Advanced_Vocab,plasticity
APEUni_Advanced_Vocab,soccer
APEUni_Advanced_Vocab,confess
APEUni_Advanced_Vocab,equitable
APEUni_Advanced_Vocab,unremarkable
APEUni_Advanced_Vocab,ancestry
APEUni_Advanced_Vocab,amphibian
APEUni_Advanced_Vocab,infectious
APEUni_Advanced_Vocab,wander
APEUni_Advanced_Vocab,coverage
APEUni_Advanced_Vocab,scary
APEUni_Advanced_Vocab,hostile
APEUni_Advanced_Vocab,viscous
APEUni_Advanced_Vocab,propensity
APEUni_Advanced_Vocab,knoll
APEUni_Advanced_Vocab,esoteric
APEUni_Advanced_Vocab,strut
APEUni_Advanced_Vocab,tribute
APEUni_Advanced_Vocab,retrieval
APEUni_Advanced_Vocab,amend
APEUni_Advanced_Vocab,thaw
APEUni_Advanced_Vocab,edition
APEUni_Advanced_Vocab,worsen
APEUni_Advanced_Vocab,picnic
APEUni_Advanced_Vocab,fret
APEUni_Advanced_Vocab,pollination
APEUni_Advanced_Vocab,impel
APEUni_Advanced_Vocab,selective
APEUni_Advanced_Vocab,partial
APEUni_Advanced_Vocab,baffle
APEUni_Advanced_Vocab,pressurize
APEUni_Advanced_Vocab,inure
APEUni_Advanced_Vocab,baseball
APEUni_Advanced_Vocab,score
APEUni_Advanced_Vocab,perspiration
APEUni_Advanced_Vocab,adaptable
APEUni_Advanced_Vocab,willow
APEUni_Advanced_Vocab,drown
APEUni_Advanced_Vocab,predictable
APEUni_Advanced_Vocab,fluctuation
APEUni_Advanced_Vocab,bemuse
APEUni_Advanced_Vocab,invaluable
APEUni_Advanced_Vocab,unfamiliar
APEUni_Advanced_Vocab,emit
APEUni_Advanced_Vocab,empirical
APEUni_Advanced_Vocab,affluent
APEUni_Advanced_Vocab,pun
APEUni_Advanced_Vocab,frugality
APEUni_Advanced_Vocab,rivet
APEUni_Advanced_Vocab,diverge
APEUni_Advanced_Vocab,abstemious
APEUni_Advanced_Vocab,exclaim
APEUni_Advanced_Vocab,subscribe
APEUni_Advanced_Vocab,discern
APEUni_Advanced_Vocab,chancellor
APEUni_Advanced_Vocab,accomplishment
APEUni_Advanced_Vocab,novelty
APEUni_Advanced_Vocab,ticket
APEUni_Advanced_Vocab,completion
APEUni_Advanced_Vocab,diagnose
APEUni_Advanced_Vocab,precursor
APEUni_Advanced_Vocab,abusive
APEUni_Advanced_Vocab,derivative
APEUni_Advanced_Vocab,surge
APEUni_Advanced_Vocab,benchmark
APEUni_Advanced_Vocab,assure
APEUni_Advanced_Vocab,endurance
APEUni_Advanced_Vocab,panic
APEUni_Advanced_Vocab,transient
APEUni_Advanced_Vocab,petroleum
APEUni_Advanced_Vocab,eavesdrop
APEUni_Advanced_Vocab,seemingly
APEUni_Advanced_Vocab,droplet
APEUni_Advanced_Vocab,browser
APEUni_Advanced_Vocab,muster
APEUni_Advanced_Vocab,subcontinent
APEUni_Advanced_Vocab,milestone
APEUni_Advanced_Vocab,coalition
APEUni_Advanced_Vocab,dismal
APEUni_Advanced_Vocab,adversary
APEUni_Advanced_Vocab,guardian
APEUni_Advanced_Vocab,awe
APEUni_Advanced_Vocab,sabotage
APEUni_Advanced_Vocab,federation
APEUni_Advanced_Vocab,predicament
APEUni_Advanced_Vocab,contraction
APEUni_Advanced_Vocab,buf
APEUni_Advanced_Vocab,liability
APEUni_Advanced_Vocab,horrify
APEUni_Advanced_Vocab,democrat
APEUni_Advanced_Vocab,homeless
APEUni_Advanced_Vocab,trauma
APEUni_Advanced_Vocab,expire
APEUni_Advanced_Vocab,transitional
APEUni_Advanced_Vocab,conundrum
APEUni_Advanced_Vocab,constraint
APEUni_Advanced_Vocab,efficacy
APEUni_Advanced_Vocab,chimpanzee
APEUni_Advanced_Vocab,preparedness
APEUni_Advanced_Vocab,formidable
APEUni_Advanced_Vocab,pedestrian
APEUni_Advanced_Vocab,passer-by
APEUni_Advanced_Vocab,revive
APEUni_Advanced_Vocab,flotilla
APEUni_Advanced_Vocab,difference
APEUni_Advanced_Vocab,ballot
APEUni_Advanced_Vocab,illustrative
APEUni_Advanced_Vocab,paradoxically
APEUni_Advanced_Vocab,urgency
APEUni_Advanced_Vocab,ferry
APEUni_Advanced_Vocab,reap
APEUni_Advanced_Vocab,binary
APEUni_Advanced_Vocab,spew
APEUni_Advanced_Vocab,sequentially
APEUni_Advanced_Vocab,vernacular
APEUni_Advanced_Vocab,mutate
APEUni_Advanced_Vocab,beleaguer
APEUni_Advanced_Vocab,matchstick
APEUni_Advanced_Vocab,pedal
APEUni_Advanced_Vocab,outdoors
APEUni_Advanced_Vocab,oceanographer
APEUni_Advanced_Vocab,tolerable
APEUni_Advanced_Vocab,chlorophyll
APEUni_Advanced_Vocab,squash
APEUni_Advanced_Vocab,elevation
APEUni_Advanced_Vocab,van
APEUni_Advanced_Vocab,figurative
APEUni_Advanced_Vocab,disparage
APEUni_Advanced_Vocab,embarrass
APEUni_Advanced_Vocab,monetary
APEUni_Advanced_Vocab,inappropriate
APEUni_Advanced_Vocab,royalty
APEUni_Advanced_Vocab,intermediate
APEUni_Advanced_Vocab,phonograph
APEUni_Advanced_Vocab,exhibitor
APEUni_Advanced_Vocab,technologically
APEUni_Advanced_Vocab,attentive
APEUni_Advanced_Vocab,obedience
APEUni_Advanced_Vocab,apprentice
APEUni_Advanced_Vocab,supervisory
APEUni_Advanced_Vocab,substantiate
APEUni_Advanced_Vocab,choosy
APEUni_Advanced_Vocab,stint
APEUni_Advanced_Vocab,concoct
APEUni_Advanced_Vocab,tidal
APEUni_Advanced_Vocab,multilingual
APEUni_Advanced_Vocab,twofold
APEUni_Advanced_Vocab,refurbish
APEUni_Advanced_Vocab,habitation
APEUni_Advanced_Vocab,abide
APEUni_Advanced_Vocab,amenity
APEUni_Advanced_Vocab,discrepancy
APEUni_Advanced_Vocab,curb
APEUni_Advanced_Vocab,mendacious
APEUni_Advanced_Vocab,nourish
APEUni_Advanced_Vocab,bestow
APEUni_Advanced_Vocab,Everest
APEUni_Advanced_Vocab,goddess
APEUni_Advanced_Vocab,navigation
APEUni_Advanced_Vocab,excitable
APEUni_Advanced_Vocab,boycott
APEUni_Advanced_Vocab,deficit
APEUni_Advanced_Vocab,frontier
APEUni_Advanced_Vocab,illustrious
APEUni_Advanced_Vocab,inventive
APEUni_Advanced_Vocab,watercolor
APEUni_Advanced_Vocab,knit
APEUni_Advanced_Vocab,unlock
APEUni_Advanced_Vocab,obstacle
APEUni_Advanced_Vocab,membership
APEUni_Advanced_Vocab,cram
APEUni_Advanced_Vocab,criticise
APEUni_Advanced_Vocab,ambivalence
APEUni_Advanced_Vocab,Wise
APEUni_Advanced_Vocab,tactic
APEUni_Advanced_Vocab,Venture
APEUni_Advanced_Vocab,treaty
APEUni_Advanced_Vocab,paradoxical
APEUni_Advanced_Vocab,unadorned
APEUni_Advanced_Vocab,rhetorical
APEUni_Advanced_Vocab,militancy
APEUni_Advanced_Vocab,swarm
APEUni_Advanced_Vocab,rampant
APEUni_Advanced_Vocab,pluralism
APEUni_Advanced_Vocab,centricity
APEUni_Advanced_Vocab,pledge
APEUni_Advanced_Vocab,aftermath
APEUni_Advanced_Vocab,intersection
APEUni_Advanced_Vocab,exhaustion
APEUni_Advanced_Vocab,Nestle
APEUni_Advanced_Vocab,fragile
APEUni_Advanced_Vocab,empathy
APEUni_Advanced_Vocab,non-attendance
APEUni_Advanced_Vocab,proximity
APEUni_Advanced_Vocab,interspecific
APEUni_Advanced_Vocab,falter
APEUni_Advanced_Vocab,stratospheric
APEUni_Advanced_Vocab,reintroduce
APEUni_Advanced_Vocab,elk
APEUni_Advanced_Vocab,preparatory
APEUni_Advanced_Vocab,wrestle
APEUni_Advanced_Vocab,refinement
APEUni_Advanced_Vocab,divergent
APEUni_Advanced_Vocab,immediacy
APEUni_Advanced_Vocab,announcement
APEUni_Advanced_Vocab,nun
APEUni_Advanced_Vocab,engrave
APEUni_Advanced_Vocab,botany
APEUni_Advanced_Vocab,explicitly
APEUni_Advanced_Vocab,biochemistry
APEUni_Advanced_Vocab,Gymnasium
APEUni_Advanced_Vocab,paucity
APEUni_Advanced_Vocab,distortion
APEUni_Advanced_Vocab,unsettle
APEUni_Advanced_Vocab,aloft
APEUni_Advanced_Vocab,generalize
APEUni_Advanced_Vocab,honorary
APEUni_Advanced_Vocab,oversee
APEUni_Advanced_Vocab,operational
APEUni_Advanced_Vocab,convergence
APEUni_Advanced_Vocab,fluent
APEUni_Advanced_Vocab,dim
APEUni_Advanced_Vocab,hum
APEUni_Advanced_Vocab,frigid
APEUni_Advanced_Vocab,proliferation
APEUni_Advanced_Vocab,mosquito
APEUni_Advanced_Vocab,attune
APEUni_Advanced_Vocab,dupe
APEUni_Advanced_Vocab,scurry
APEUni_Advanced_Vocab,notoriously
APEUni_Advanced_Vocab,inflammatory
APEUni_Advanced_Vocab,situational
APEUni_Advanced_Vocab,gregarious
APEUni_Advanced_Vocab,punch
APEUni_Advanced_Vocab,adventurous
APEUni_Advanced_Vocab,jaw
APEUni_Advanced_Vocab,squirt
APEUni_Advanced_Vocab,slim
APEUni_Advanced_Vocab,phosphorus
APEUni_Advanced_Vocab,engender
APEUni_Advanced_Vocab,fatal
APEUni_Advanced_Vocab,hint
APEUni_Advanced_Vocab,commute
APEUni_Advanced_Vocab,ripe
APEUni_Advanced_Vocab,compost
APEUni_Advanced_Vocab,ripen
APEUni_Advanced_Vocab,reunion
APEUni_Advanced_Vocab,persistent
APEUni_Advanced_Vocab,plague
APEUni_Advanced_Vocab,contortion
APEUni_Advanced_Vocab,cognition
APEUni_Advanced_Vocab,racism
APEUni_Advanced_Vocab,cross-cultural
APEUni_Advanced_Vocab,accentuate
APEUni_Advanced_Vocab,plausible
APEUni_Advanced_Vocab,approximate
APEUni_Advanced_Vocab,meander
APEUni_Advanced_Vocab,translucent
APEUni_Advanced_Vocab,stave
APEUni_Advanced_Vocab,gale
APEUni_Advanced_Vocab,intentional
APEUni_Advanced_Vocab,deforestation
APEUni_Advanced_Vocab,parrot
APEUni_Advanced_Vocab,flowchart
APEUni_Advanced_Vocab,illiteracy
APEUni_Advanced_Vocab,sparkle
APEUni_Advanced_Vocab,populate
APEUni_Advanced_Vocab,Himalaya
APEUni_Advanced_Vocab,locomotive
APEUni_Advanced_Vocab,respiratory
APEUni_Advanced_Vocab,subsidy
APEUni_Advanced_Vocab,blanket
APEUni_Advanced_Vocab,apathy
APEUni_Advanced_Vocab,reconsider
APEUni_Advanced_Vocab,rupture
APEUni_Advanced_Vocab,folklore
APEUni_Advanced_Vocab,vacancy
APEUni_Advanced_Vocab,predispose
APEUni_Advanced_Vocab,fling
APEUni_Advanced_Vocab,activism
APEUni_Advanced_Vocab,takeover
APEUni_Advanced_Vocab,impede
APEUni_Advanced_Vocab,jostle
APEUni_Advanced_Vocab,vacant
APEUni_Advanced_Vocab,banish
APEUni_Advanced_Vocab,referee
APEUni_Advanced_Vocab,shove
APEUni_Advanced_Vocab,gullible
APEUni_Advanced_Vocab,incidentally
APEUni_Advanced_Vocab,salvage
APEUni_Advanced_Vocab,spy
APEUni_Advanced_Vocab,restructure
APEUni_Advanced_Vocab,sprawl
APEUni_Advanced_Vocab,despair
APEUni_Advanced_Vocab,futile
APEUni_Advanced_Vocab,brochure
APEUni_Advanced_Vocab,majestic
APEUni_Advanced_Vocab,unattractive
APEUni_Advanced_Vocab,qualifier
APEUni_Advanced_Vocab,undeniable
APEUni_Advanced_Vocab,lease
APEUni_Advanced_Vocab,vicious
APEUni_Advanced_Vocab,proponent
APEUni_Advanced_Vocab,clot
APEUni_Advanced_Vocab,funerary
APEUni_Advanced_Vocab,propitiate
APEUni_Advanced_Vocab,inspection
APEUni_Advanced_Vocab,decorate
APEUni_Advanced_Vocab,skim
APEUni_Advanced_Vocab,habitant
APEUni_Advanced_Vocab,furnish
APEUni_Advanced_Vocab,logically
APEUni_Advanced_Vocab,purposeful
APEUni_Advanced_Vocab,hardcore
APEUni_Advanced_Vocab,conciliatory
APEUni_Advanced_Vocab,stellar
APEUni_Advanced_Vocab,subtract
APEUni_Advanced_Vocab,consecutive
APEUni_Advanced_Vocab,fatality
APEUni_Advanced_Vocab,supreme
APEUni_Advanced_Vocab,delicacy
APEUni_Advanced_Vocab,pedantic
APEUni_Advanced_Vocab,perceptive
APEUni_Advanced_Vocab,omen
APEUni_Advanced_Vocab,savour
APEUni_Advanced_Vocab,slender
APEUni_Advanced_Vocab,burnish
APEUni_Advanced_Vocab,tedious
APEUni_Advanced_Vocab,brackish
APEUni_Advanced_Vocab,grandiloquent
APEUni_Advanced_Vocab,headphone
APEUni_Advanced_Vocab,quarantine
APEUni_Advanced_Vocab,ignition
APEUni_Advanced_Vocab,abate
APEUni_Advanced_Vocab,personalize
APEUni_Advanced_Vocab,inchoate
APEUni_Advanced_Vocab,appease
APEUni_Advanced_Vocab,reservation
APEUni_Advanced_Vocab,multitude
APEUni_Advanced_Vocab,disabuse
APEUni_Advanced_Vocab,ominous
APEUni_Advanced_Vocab,overt
APEUni_Advanced_Vocab,jut
APEUni_Advanced_Vocab,horticultural
APEUni_Advanced_Vocab,tractable
APEUni_Advanced_Vocab,potion
APEUni_Advanced_Vocab,specialization
APEUni_Advanced_Vocab,warden
APEUni_Advanced_Vocab,twinkle
APEUni_Advanced_Vocab,energetic
APEUni_Advanced_Vocab,chef
APEUni_Advanced_Vocab,caustic
APEUni_Advanced_Vocab,gush
APEUni_Advanced_Vocab,defer
APEUni_Advanced_Vocab,delusion
APEUni_Advanced_Vocab,transcend
APEUni_Advanced_Vocab,enervate
APEUni_Advanced_Vocab,Enlightenment
APEUni_Advanced_Vocab,surfer
APEUni_Advanced_Vocab,contemplate
APEUni_Advanced_Vocab,capricious
APEUni_Advanced_Vocab,fallacious
APEUni_Advanced_Vocab,sweater
APEUni_Advanced_Vocab,influenza
APEUni_Advanced_Vocab,disparate
APEUni_Advanced_Vocab,receptionist
APEUni_Advanced_Vocab,asymmetrical
APEUni_Advanced_Vocab,pedigree
APEUni_Advanced_Vocab,reconstruction
APEUni_Advanced_Vocab,sting
APEUni_Advanced_Vocab,memo
APEUni_Advanced_Vocab,homosexual
APEUni_Advanced_Vocab,sunburn
APEUni_Advanced_Vocab,cassette
APEUni_Advanced_Vocab,oscillate
APEUni_Advanced_Vocab,simplicity
APEUni_Advanced_Vocab,adulterate
APEUni_Advanced_Vocab,apologize
APEUni_Advanced_Vocab,integrative
APEUni_Advanced_Vocab,appellation
APEUni_Advanced_Vocab,hallmark
APEUni_Advanced_Vocab,unwind
APEUni_Advanced_Vocab,incongruity
APEUni_Advanced_Vocab,relegate
APEUni_Advanced_Vocab,garrulous
APEUni_Advanced_Vocab,compendium
APEUni_Advanced_Vocab,moderation
APEUni_Advanced_Vocab,susceptible
APEUni_Advanced_Vocab,elicit
APEUni_Advanced_Vocab,consent
APEUni_Advanced_Vocab,placate
APEUni_Advanced_Vocab,penalty
APEUni_Advanced_Vocab,precipice
APEUni_Advanced_Vocab,commotion
APEUni_Advanced_Vocab,elasticity
APEUni_Advanced_Vocab,protocol
APEUni_Advanced_Vocab,insipid
APEUni_Advanced_Vocab,indigestion
APEUni_Advanced_Vocab,succinct
APEUni_Advanced_Vocab,uninhabitable
APEUni_Advanced_Vocab,irritation
APEUni_Advanced_Vocab,undeveloped
APEUni_Advanced_Vocab,binge
APEUni_Advanced_Vocab,reorganize
APEUni_Advanced_Vocab,unavailable
APEUni_Advanced_Vocab,surveillance
APEUni_Advanced_Vocab,regimen
APEUni_Advanced_Vocab,belie
APEUni_Advanced_Vocab,pavement
APEUni_Advanced_Vocab,tennis
APEUni_Advanced_Vocab,perennial
APEUni_Advanced_Vocab,obviate
APEUni_Advanced_Vocab,calligrapher
APEUni_Advanced_Vocab,supposition
APEUni_Advanced_Vocab,wrinkle
APEUni_Advanced_Vocab,unintentional
APEUni_Advanced_Vocab,cooperate
APEUni_Advanced_Vocab,alleviate
APEUni_Advanced_Vocab,stitch
APEUni_Advanced_Vocab,harangue
APEUni_Advanced_Vocab,levee
APEUni_Advanced_Vocab,perfidious
APEUni_Advanced_Vocab,censure
APEUni_Advanced_Vocab,sideline
APEUni_Advanced_Vocab,intransigence
APEUni_Advanced_Vocab,specious
APEUni_Advanced_Vocab,ravel
APEUni_Advanced_Vocab,lighten
APEUni_Advanced_Vocab,mollify
APEUni_Advanced_Vocab,deviance
APEUni_Advanced_Vocab,untidy
APEUni_Advanced_Vocab,redact
APEUni_Advanced_Vocab,eulogy
APEUni_Advanced_Vocab,repellent
APEUni_Advanced_Vocab,metamorphosis
APEUni_Advanced_Vocab,patriotism
APEUni_Advanced_Vocab,kindle
APEUni_Advanced_Vocab,paragon
APEUni_Advanced_Vocab,apprise
APEUni_Advanced_Vocab,arena
APEUni_Advanced_Vocab,resort
APEUni_Advanced_Vocab,dichotomy
APEUni_Advanced_Vocab,reverent
APEUni_Advanced_Vocab,subside
APEUni_Advanced_Vocab,eloquent
APEUni_Advanced_Vocab,hood
APEUni_Advanced_Vocab,forestall
APEUni_Advanced_Vocab,counsel
APEUni_Advanced_Vocab,withdraw
APEUni_Advanced_Vocab,transgression
APEUni_Advanced_Vocab,microbiology
APEUni_Advanced_Vocab,rigor
APEUni_Advanced_Vocab,admonish
APEUni_Advanced_Vocab,connotation
APEUni_Advanced_Vocab,console
APEUni_Advanced_Vocab,merit
APEUni_Advanced_Vocab,malnourish
APEUni_Advanced_Vocab,surf
APEUni_Advanced_Vocab,syllable
APEUni_Advanced_Vocab,narrate
APEUni_Advanced_Vocab,coda
APEUni_Advanced_Vocab,luminous
APEUni_Advanced_Vocab,fledgling
APEUni_Advanced_Vocab,strife
APEUni_Advanced_Vocab,optimize
APEUni_Advanced_Vocab,officious
APEUni_Advanced_Vocab,plump
APEUni_Advanced_Vocab,introversion
APEUni_Advanced_Vocab,rescind
APEUni_Advanced_Vocab,apocalyptic
APEUni_Advanced_Vocab,individualism
APEUni_Advanced_Vocab,bolster
APEUni_Advanced_Vocab,venerate
APEUni_Advanced_Vocab,synthetic
APEUni_Advanced_Vocab,charm
APEUni_Advanced_Vocab,tasteless
APEUni_Advanced_Vocab,unrivalled
APEUni_Advanced_Vocab,pitiful
APEUni_Advanced_Vocab,antipathy
APEUni_Advanced_Vocab,execution
APEUni_Advanced_Vocab,dispel
APEUni_Advanced_Vocab,indigence
APEUni_Advanced_Vocab,mediation
APEUni_Advanced_Vocab,compliance
APEUni_Advanced_Vocab,wavy
APEUni_Advanced_Vocab,curly
APEUni_Advanced_Vocab,foresight
APEUni_Advanced_Vocab,cater
APEUni_Advanced_Vocab,moustache
APEUni_Advanced_Vocab,rash
APEUni_Advanced_Vocab,palette
APEUni_Advanced_Vocab,pathological
APEUni_Advanced_Vocab,radiator
APEUni_Advanced_Vocab,expressive
APEUni_Advanced_Vocab,cunning
APEUni_Advanced_Vocab,gouge
APEUni_Advanced_Vocab,coherent
APEUni_Advanced_Vocab,exculpate
APEUni_Advanced_Vocab,articulation
APEUni_Advanced_Vocab,handball
APEUni_Advanced_Vocab,journalistic
APEUni_Advanced_Vocab,stolid
APEUni_Advanced_Vocab,welter
APEUni_Advanced_Vocab,coagulate
APEUni_Advanced_Vocab,honestly
APEUni_Advanced_Vocab,aerodynamics
APEUni_Advanced_Vocab,immature
APEUni_Advanced_Vocab,earnestly
APEUni_Advanced_Vocab,imperious
APEUni_Advanced_Vocab,ornamentation
APEUni_Advanced_Vocab,takeof
APEUni_Advanced_Vocab,diatribe
APEUni_Advanced_Vocab,disingenuous
APEUni_Advanced_Vocab,onset
APEUni_Advanced_Vocab,epidemiology
APEUni_Advanced_Vocab,aberrant
APEUni_Advanced_Vocab,tenet
APEUni_Advanced_Vocab,readable
APEUni_Advanced_Vocab,industrious
APEUni_Advanced_Vocab,brainstorm
APEUni_Advanced_Vocab,hockey
APEUni_Advanced_Vocab,rectify
APEUni_Advanced_Vocab,materialize
APEUni_Advanced_Vocab,objectivity
APEUni_Advanced_Vocab,Impressionism
APEUni_Advanced_Vocab,directory
APEUni_Advanced_Vocab,prospectus
APEUni_Advanced_Vocab,swagger
APEUni_Advanced_Vocab,embellish
APEUni_Advanced_Vocab,dissemble
APEUni_Advanced_Vocab,intermission
APEUni_Advanced_Vocab,graphics
APEUni_Advanced_Vocab,punctuation
APEUni_Advanced_Vocab,prevaricate
APEUni_Advanced_Vocab,down-to-earth
APEUni_Advanced_Vocab,propriety
APEUni_Advanced_Vocab,solicitous
APEUni_Advanced_Vocab,instill
APEUni_Advanced_Vocab,regurgitation
APEUni_Advanced_Vocab,gloom
APEUni_Advanced_Vocab,inconsequential
APEUni_Advanced_Vocab,casually
APEUni_Advanced_Vocab,swathe
APEUni_Advanced_Vocab,adultery
APEUni_Advanced_Vocab,altruism
APEUni_Advanced_Vocab,occupancy
APEUni_Advanced_Vocab,locust
APEUni_Advanced_Vocab,gladiator
APEUni_Advanced_Vocab,emergent
APEUni_Advanced_Vocab,formalistic
APEUni_Advanced_Vocab,appendix
APEUni_Advanced_Vocab,carefree
APEUni_Advanced_Vocab,peacekeeping
APEUni_Advanced_Vocab,overdress
APEUni_Advanced_Vocab,encroachment
APEUni_Advanced_Vocab,institutionalize
APEUni_Advanced_Vocab,inconceivable
APEUni_Advanced_Vocab,trivialize
APEUni_Advanced_Vocab,commensurate
APEUni_Advanced_Vocab,percapita
APEUni_Advanced_Vocab,waft
APEUni_Advanced_Vocab,grotesque
APEUni_Advanced_Vocab,inbreed
APEUni_Advanced_Vocab,venal
APEUni_Advanced_Vocab,recoup
APEUni_Advanced_Vocab,fanatic
APEUni_Advanced_Vocab,blowout
APEUni_Advanced_Vocab,exploitative
APEUni_Advanced_Vocab,corollary
APEUni_Advanced_Vocab,tome
APEUni_Advanced_Vocab,steadfast
APEUni_Advanced_Vocab,repaint
APEUni_Advanced_Vocab,hubcap
APEUni_Advanced_Vocab,mudguard
APEUni_Advanced_Vocab,insinuate
APEUni_Advanced_Vocab,overgrow
APEUni_Advanced_Vocab,idyllic
APEUni_Advanced_Vocab,boyhood
APEUni_Advanced_Vocab,pus
APEUni_Advanced_Vocab,bovine
APEUni_Advanced_Vocab,cowpox
APEUni_Advanced_Vocab,sleeplessness
APEUni_Advanced_Vocab,insomnia
APEUni_Advanced_Vocab,restitution
APEUni_Advanced_Vocab,considerate
APEUni_Advanced_Vocab,install
APEUni_Advanced_Vocab,karat
APEUni_Advanced_Vocab,titanic
APEUni_Advanced_Vocab,outbound
APEUni_Advanced_Vocab,logarithmic
APEUni_Advanced_Vocab,invoice
APEUni_Advanced_Vocab,latent
APEUni_Advanced_Vocab,pneumonia
APEUni_Advanced_Vocab,ache
APEUni_Advanced_Vocab,proportional
APEUni_Advanced_Vocab,arrogant
APEUni_Advanced_Vocab,multimedia
APEUni_Advanced_Vocab,stipulate
APEUni_Advanced_Vocab,dissolution
APEUni_Advanced_Vocab,perfunctory
APEUni_Advanced_Vocab,indistinguishable
APEUni_Advanced_Vocab,scrutinize
APEUni_Advanced_Vocab,bedside
APEUni_Advanced_Vocab,Kaleidoscope
APEUni_Advanced_Vocab,coercive
APEUni_Advanced_Vocab,conclusive
APEUni_Advanced_Vocab,bluf
APEUni_Advanced_Vocab,rammer
APEUni_Advanced_Vocab,require
APEUni_Advanced_Vocab,dive
APEUni_Advanced_Vocab,death
APEUni_Advanced_Vocab,Utopian
APEUni_Advanced_Vocab,federal
APEUni_Advanced_Vocab,reprint
APEUni_Advanced_Vocab,heraldic
APEUni_Advanced_Vocab,grandiose
APEUni_Advanced_Vocab,intractable
APEUni_Advanced_Vocab,taxonomist
APEUni_Advanced_Vocab,talkative
APEUni_Advanced_Vocab,facetious
APEUni_Advanced_Vocab,relationship
APEUni_Advanced_Vocab,absent-minded
APEUni_Advanced_Vocab,admittance
APEUni_Advanced_Vocab,affirmative
APEUni_Advanced_Vocab,assurance
APEUni_Advanced_Vocab,backache
APEUni_Advanced_Vocab,badminton
APEUni_Advanced_Vocab,bankruptcy
APEUni_Advanced_Vocab,barbecue
APEUni_Advanced_Vocab,bather
APEUni_Advanced_Vocab,canteen
APEUni_Advanced_Vocab,carbondioxide
APEUni_Advanced_Vocab,chronological
APEUni_Advanced_Vocab,clean-shaven
APEUni_Advanced_Vocab,coordinator
APEUni_Advanced_Vocab,curriculumvitae
APEUni_Advanced_Vocab,defective
APEUni_Advanced_Vocab,dininghall
APEUni_Advanced_Vocab,downright
APEUni_Advanced_Vocab,dwellinghouse
APEUni_Advanced_Vocab,embassy
APEUni_Advanced_Vocab,fax
APEUni_Advanced_Vocab,harmonious
APEUni_Advanced_Vocab,hitchhike
APEUni_Advanced_Vocab,homestay
APEUni_Advanced_Vocab,horse-riding
APEUni_Advanced_Vocab,hothouse
APEUni_Advanced_Vocab,iceskating
APEUni_Advanced_Vocab,inflammable
APEUni_Advanced_Vocab,interest-free
APEUni_Advanced_Vocab,interlibrary
APEUni_Advanced_Vocab,lifeexpectancy
APEUni_Advanced_Vocab,mini-computer
APEUni_Advanced_Vocab,mini-lecture
APEUni_Advanced_Vocab,motel
APEUni_Advanced_Vocab,newsreader
APEUni_Advanced_Vocab,outmoded
APEUni_Advanced_Vocab,outscore
APEUni_Advanced_Vocab,outskirt
APEUni_Advanced_Vocab,overdraft
APEUni_Advanced_Vocab,overextend
APEUni_Advanced_Vocab,overflow
APEUni_Advanced_Vocab,piechart
APEUni_Advanced_Vocab,postcode
APEUni_Advanced_Vocab,pre-requisite
APEUni_Advanced_Vocab,queue
APEUni_Advanced_Vocab,restless
APEUni_Advanced_Vocab,roundabout
APEUni_Advanced_Vocab,semi-skimmed
APEUni_Advanced_Vocab,shiftwork
APEUni_Advanced_Vocab,signalinglight
APEUni_Advanced_Vocab,souvenir
APEUni_Advanced_Vocab,speculative
APEUni_Advanced_Vocab,sportsgear
APEUni_Advanced_Vocab,sportsman
APEUni_Advanced_Vocab,stout
APEUni_Advanced_Vocab,studentunion
APEUni_Advanced_Vocab,swimsuit
APEUni_Advanced_Vocab,textbook
APEUni_Advanced_Vocab,toothache
APEUni_Advanced_Vocab,township
APEUni_Advanced_Vocab,trackandfield
APEUni_Advanced_Vocab,trivial
APEUni_Advanced_Vocab,unceasing
APEUni_Advanced_Vocab,UnitedNations
APEUni_Advanced_Vocab,unshaven
APEUni_Advanced_Vocab,visa
APEUni_Advanced_Vocab,volleyball
APEUni_Advanced_Vocab,weather-beaten
APEUni_Advanced_Vocab,weight-lift
APEUni_Advanced_Vocab,well-stocked
APEUni_Advanced_Vocab,wheatmeal
APEUni_Advanced_Vocab,wholemeal
APEUni_Advanced_Vocab,wreckage
APEUni_Advanced_Vocab,contra
APEUni_Advanced_Vocab,claimant
APEUni_Advanced_Vocab,reclaim
APEUni_Advanced_Vocab,reclamation
APEUni_Advanced_Vocab,assimilation
APEUni_Advanced_Vocab,equilibrium
APEUni_Advanced_Vocab,intercourse
APEUni_Advanced_Vocab,sparingly
APEUni_Advanced_Vocab,gymnastics
APEUni_Advanced_Vocab,pedestrianoverpass
APEUni_Advanced_Vocab,unemploymentrate
APEUni_Advanced_Vocab,noiseabatement
APEUni_Advanced_Vocab,conscientious
APEUni_Advanced_Vocab,momentous
APEUni_Advanced_Vocab,aplomb
APEUni_Advanced_Vocab,apprehensive
APEUni_Advanced_Vocab,brandish
APEUni_Advanced_Vocab,circumference
APEUni_Advanced_Vocab,concoction
APEUni_Advanced_Vocab,defiance
APEUni_Advanced_Vocab,deft
APEUni_Advanced_Vocab,disdain
APEUni_Advanced_Vocab,egregious
APEUni_Advanced_Vocab,ember
APEUni_Advanced_Vocab,engross
APEUni_Advanced_Vocab,exasperation
APEUni_Advanced_Vocab,furtive
APEUni_Advanced_Vocab,hasten
APEUni_Advanced_Vocab,impend
APEUni_Advanced_Vocab,jabber
APEUni_Advanced_Vocab,meticulous
APEUni_Advanced_Vocab,monotonous
APEUni_Advanced_Vocab,outlandish
APEUni_Advanced_Vocab,pertinent
APEUni_Advanced_Vocab,plenteous
APEUni_Advanced_Vocab,quell
APEUni_Advanced_Vocab,recluse
APEUni_Advanced_Vocab,repugnant
APEUni_Advanced_Vocab,serenity
APEUni_Advanced_Vocab,stamen
APEUni_Advanced_Vocab,terse
APEUni_Advanced_Vocab,uncanny
APEUni_Advanced_Vocab,unsightly
APEUni_Advanced_Vocab,waver
APEUni_Advanced_Vocab,zeal
APEUni_Advanced_Vocab,chicanery
APEUni_Advanced_Vocab,gainsay
APEUni_Advanced_Vocab,laud
APEUni_Advanced_Vocab,abeyance
APEUni_Advanced_Vocab,dissonance
APEUni_Advanced_Vocab,goad
APEUni_Advanced_Vocab,lethargic
APEUni_Advanced_Vocab,abscond
APEUni_Advanced_Vocab,distend
APEUni_Advanced_Vocab,distill
APEUni_Advanced_Vocab,levity
APEUni_Advanced_Vocab,complaisant
APEUni_Advanced_Vocab,divest
APEUni_Advanced_Vocab,guileless
APEUni_Advanced_Vocab,loquacious
APEUni_Advanced_Vocab,compliant
APEUni_Advanced_Vocab,lucid
APEUni_Advanced_Vocab,dogmatic
APEUni_Advanced_Vocab,alacrity
APEUni_Advanced_Vocab,condone
APEUni_Advanced_Vocab,homogeneous
APEUni_Advanced_Vocab,magnanimity
APEUni_Advanced_Vocab,hyperbole
APEUni_Advanced_Vocab,amalgamate
APEUni_Advanced_Vocab,connoisseur
APEUni_Advanced_Vocab,ebullient
APEUni_Advanced_Vocab,eclectic
APEUni_Advanced_Vocab,idolatry
APEUni_Advanced_Vocab,contentious
APEUni_Advanced_Vocab,immutable
APEUni_Advanced_Vocab,ameliorate
APEUni_Advanced_Vocab,contrite
APEUni_Advanced_Vocab,effrontery
APEUni_Advanced_Vocab,anachronism
APEUni_Advanced_Vocab,elegy
APEUni_Advanced_Vocab,impassive
APEUni_Advanced_Vocab,impermeable
APEUni_Advanced_Vocab,anomalous
APEUni_Advanced_Vocab,craven
APEUni_Advanced_Vocab,imperturbable
APEUni_Advanced_Vocab,impervious
APEUni_Advanced_Vocab,morose
APEUni_Advanced_Vocab,decorum
APEUni_Advanced_Vocab,endemic
APEUni_Advanced_Vocab,implacable
APEUni_Advanced_Vocab,mundane
APEUni_Advanced_Vocab,negate
APEUni_Advanced_Vocab,implode
APEUni_Advanced_Vocab,neophyte
APEUni_Advanced_Vocab,approbation
APEUni_Advanced_Vocab,obdurate
APEUni_Advanced_Vocab,denigrate
APEUni_Advanced_Vocab,obsequious
APEUni_Advanced_Vocab,equanimity
APEUni_Advanced_Vocab,artless
APEUni_Advanced_Vocab,equivocate
APEUni_Advanced_Vocab,occlude
APEUni_Advanced_Vocab,ascetic
APEUni_Advanced_Vocab,desiccate
APEUni_Advanced_Vocab,assiduous
APEUni_Advanced_Vocab,desultory
APEUni_Advanced_Vocab,indeterminate
APEUni_Advanced_Vocab,onerous
APEUni_Advanced_Vocab,assuage
APEUni_Advanced_Vocab,opprobrium
APEUni_Advanced_Vocab,attenuate
APEUni_Advanced_Vocab,euphemism
APEUni_Advanced_Vocab,indolent
APEUni_Advanced_Vocab,audacious
APEUni_Advanced_Vocab,ostentatious
APEUni_Advanced_Vocab,austere
APEUni_Advanced_Vocab,diffidence
APEUni_Advanced_Vocab,pate
APEUni_Advanced_Vocab,ingenuous
APEUni_Advanced_Vocab,exigency
APEUni_Advanced_Vocab,digression
APEUni_Advanced_Vocab,extrapolation
APEUni_Advanced_Vocab,innocuous
APEUni_Advanced_Vocab,banal
APEUni_Advanced_Vocab,dirge
APEUni_Advanced_Vocab,insensible
APEUni_Advanced_Vocab,discordant
APEUni_Advanced_Vocab,fatuous
APEUni_Advanced_Vocab,penury
APEUni_Advanced_Vocab,bombastic
APEUni_Advanced_Vocab,fawn
APEUni_Advanced_Vocab,boorish
APEUni_Advanced_Vocab,inundate
APEUni_Advanced_Vocab,buttress
APEUni_Advanced_Vocab,disinterested
APEUni_Advanced_Vocab,invective
APEUni_Advanced_Vocab,cacophonous
APEUni_Advanced_Vocab,disjoint
APEUni_Advanced_Vocab,flout
APEUni_Advanced_Vocab,irascible
APEUni_Advanced_Vocab,phlegmatic
APEUni_Advanced_Vocab,foment
APEUni_Advanced_Vocab,irresolute
APEUni_Advanced_Vocab,piety
APEUni_Advanced_Vocab,castigation
APEUni_Advanced_Vocab,laconic
APEUni_Advanced_Vocab,lassitude
APEUni_Advanced_Vocab,platitude
APEUni_Advanced_Vocab,proscribe
APEUni_Advanced_Vocab,truculence
APEUni_Advanced_Vocab,pungent
APEUni_Advanced_Vocab,reticent
APEUni_Advanced_Vocab,vacillate
APEUni_Advanced_Vocab,preamble
APEUni_Advanced_Vocab,quibble
APEUni_Advanced_Vocab,sage
APEUni_Advanced_Vocab,striate
APEUni_Advanced_Vocab,veracious
APEUni_Advanced_Vocab,salubrious
APEUni_Advanced_Vocab,verbose
APEUni_Advanced_Vocab,rarefy
APEUni_Advanced_Vocab,subpoena
APEUni_Advanced_Vocab,presumptuous
APEUni_Advanced_Vocab,recalcitrant
APEUni_Advanced_Vocab,satiate
APEUni_Advanced_Vocab,recant
APEUni_Advanced_Vocab,vituperative
APEUni_Advanced_Vocab,probity
APEUni_Advanced_Vocab,recondite
APEUni_Advanced_Vocab,unwarranted
APEUni_Advanced_Vocab,refractory
APEUni_Advanced_Vocab,shard
APEUni_Advanced_Vocab,prodigal
APEUni_Advanced_Vocab,whimsical
APEUni_Advanced_Vocab,prohibitive
APEUni_Advanced_Vocab,reproach
APEUni_Advanced_Vocab,soporific
APEUni_Advanced_Vocab,tirade
APEUni_Advanced_Vocab,reprobate
APEUni_Advanced_Vocab,torpor
APEUni_Advanced_Vocab,tortuous
APEUni_Advanced_Vocab,hexagon
APEUni_Advanced_Vocab,monologue
APEUni_Advanced_Vocab,quadrangle
APEUni_Advanced_Vocab,folktale
APEUni_Advanced_Vocab,casestudy
APEUni_Advanced_Vocab,fallbehind
APEUni_Advanced_Vocab,knockdown
APEUni_Advanced_Vocab,subsidiary
APEUni_Advanced_Vocab,implausible
APEUni_Advanced_Vocab,incompatible
APEUni_Advanced_Vocab,unconvinced
APEUni_Advanced_Vocab,climatechange
APEUni_Advanced_Vocab,fossilfuels
APEUni_Advanced_Vocab,afterafashion
APEUni_Advanced_Vocab,extroversion
APEUni_Advanced_Vocab,intriguingly
APEUni_Advanced_Vocab,keepalowprofile
APEUni_Advanced_Vocab,spine
APEUni_Advanced_Vocab,surreal
APEUni_Advanced_Vocab,disapproval
APEUni_Advanced_Vocab,SpeechRecognition
APEUni_Advanced_Vocab,inadvertent
APEUni_Advanced_Vocab,undercooked
APEUni_Advanced_Vocab,rustic
APEUni_Advanced_Vocab,cautionary
APEUni_Advanced_Vocab,spectacle
APEUni_Advanced_Vocab,creed
APEUni_Advanced_Vocab,sleek
APEUni_Advanced_Vocab,proverb
APEUni_Advanced_Vocab,inthisregard
APEUni_Advanced_Vocab,longhaul
APEUni_Advanced_Vocab,shortfall
APEUni_Advanced_Vocab,unemotional
APEUni_Advanced_Vocab,multigrade
APEUni_Advanced_Vocab,trickery
APEUni_Advanced_Vocab,illusive
APEUni_Advanced_Vocab,rewind
APEUni_Advanced_Vocab,atstake
APEUni_Advanced_Vocab,boardingschool
APEUni_Advanced_Vocab,atheistic
APEUni_Advanced_Vocab,freetrade
APEUni_Advanced_Vocab,tornado
APEUni_Advanced_Vocab,centric
APEUni_Advanced_Vocab,supermassive
APEUni_Advanced_Vocab,strikeabalance
APEUni_Advanced_Vocab,poreover
APEUni_Advanced_Vocab,navicular
APEUni_Advanced_Vocab,shunt
APEUni_Advanced_Vocab,symptomatic
APEUni_Advanced_Vocab,hamstring
APEUni_Advanced_Vocab,chartered
APEUni_Advanced_Vocab,accountant
APEUni_Advanced_Vocab,folder
APEUni_Advanced_Vocab,midair
APEUni_Advanced_Vocab,falsepositive
APEUni_Advanced_Vocab,implicity
APEUni_Advanced_Vocab,genderequality
APEUni_Advanced_Vocab,overfish
APEUni_Advanced_Vocab,oceanologist
APEUni_Advanced_Vocab,frivolous
APEUni_Advanced_Vocab,acclimate
APEUni_Advanced_Vocab,tong
APEUni_Advanced_Vocab,translocation
APEUni_Advanced_Vocab,torturous
APEUni_Advanced_Vocab,irrational
APEUni_Advanced_Vocab,entomophagy
APEUni_Advanced_Vocab,yellowfever
APEUni_Advanced_Vocab,telegenic
APEUni_Advanced_Vocab,statistic
APEUni_Advanced_Vocab,entourage
APEUni_Advanced_Vocab,arbitrate
APEUni_Advanced_Vocab,concussive
APEUni_Advanced_Vocab,convincible
APEUni_Advanced_Vocab,covert
APEUni_Advanced_Vocab,dastard
APEUni_Advanced_Vocab,devotion
APEUni_Advanced_Vocab,diffident
APEUni_Advanced_Vocab,discursion
APEUni_Advanced_Vocab,dispersion
APEUni_Advanced_Vocab,femininity
APEUni_Advanced_Vocab,individuality
APEUni_Advanced_Vocab,individualize
APEUni_Advanced_Vocab,obligate
APEUni_Advanced_Vocab,patronize
APEUni_Advanced_Vocab,promotional
APEUni_Advanced_Vocab,pseudo
APEUni_Advanced_Vocab,representatively
APEUni_Advanced_Vocab,squabble
APEUni_Advanced_Vocab,subordinative
APEUni_Advanced_Vocab,tentative
APEUni_Advanced_Vocab,flowdiagram
APEUni_Advanced_Vocab,micro-computer
APEUni_Advanced_Vocab,redundant
APEUni_Advanced_Vocab,rock-climbing
APEUni_Advanced_Vocab,hygienic
APEUni_Advanced_Vocab,concessioncard
APEUni_Advanced_Vocab,accessto
APEUni_Advanced_Vocab,ahost
APEUni_Advanced_Vocab,deference
APEUni_Advanced_Vocab,pricey
APEUni_Advanced_Vocab,drop-out
APEUni_Advanced_Vocab,enologist
APEUni_Advanced_Vocab,mesmerize
APEUni_Advanced_Vocab,anaesthesia
APEUni_Advanced_Vocab,blonde
APEUni_Advanced_Vocab,sombre
APEUni_Advanced_Vocab,speciality
APEUni_Advanced_Vocab,fervour
APEUni_Advanced_Vocab,democratise
APEUni_Advanced_Vocab,tumour
APEUni_Advanced_Vocab,nanometre
APEUni_Advanced_Vocab,palaeontologist
APEUni_Advanced_Vocab,extol
APEUni_Advanced_Vocab,gruelling
APEUni_Listening_FIB_Exam_Vocab.pdf,researcher
APEUni_Listening_FIB_Exam_Vocab.pdf,company
APEUni_Listening_FIB_Exam_Vocab.pdf,university
APEUni_Listening_FIB_Exam_Vocab.pdf,immigrant
APEUni_Listening_FIB_Exam_Vocab.pdf,tend
APEUni_Listening_FIB_Exam_Vocab.pdf,programme
APEUni_Listening_FIB_Exam_Vocab.pdf,property
APEUni_Listening_FIB_Exam_Vocab.pdf,structure
APEUni_Listening_FIB_Exam_Vocab.pdf,vehicle
APEUni_Listening_FIB_Exam_Vocab.pdf,signal
APEUni_Listening_FIB_Exam_Vocab.pdf,almond
APEUni_Listening_FIB_Exam_Vocab.pdf,chemical
APEUni_Listening_FIB_Exam_Vocab.pdf,coalition
APEUni_Listening_FIB_Exam_Vocab.pdf,opportunity
APEUni_Listening_FIB_Exam_Vocab.pdf,carbon
APEUni_Listening_FIB_Exam_Vocab.pdf,strategy
APEUni_Listening_FIB_Exam_Vocab.pdf,scientist
APEUni_Listening_FIB_Exam_Vocab.pdf,dam
APEUni_Listening_FIB_Exam_Vocab.pdf,climate
APEUni_Listening_FIB_Exam_Vocab.pdf,track
APEUni_Listening_FIB_Exam_Vocab.pdf,lizard
APEUni_Listening_FIB_Exam_Vocab.pdf,assessment
APEUni_Listening_FIB_Exam_Vocab.pdf,starvation
APEUni_Listening_FIB_Exam_Vocab.pdf,migrate
APEUni_Listening_FIB_Exam_Vocab.pdf,basically
APEUni_Listening_FIB_Exam_Vocab.pdf,economist
APEUni_Listening_FIB_Exam_Vocab.pdf,phenomenon
APEUni_Listening_FIB_Exam_Vocab.pdf,practise
APEUni_Listening_FIB_Exam_Vocab.pdf,European
APEUni_Listening_FIB_Exam_Vocab.pdf,investor
APEUni_Listening_FIB_Exam_Vocab.pdf,organisation
APEUni_Listening_FIB_Exam_Vocab.pdf,poverty
APEUni_Listening_FIB_Exam_Vocab.pdf,perch
APEUni_Listening_FIB_Exam_Vocab.pdf,landscape
APEUni_Listening_FIB_Exam_Vocab.pdf,further
APEUni_Listening_FIB_Exam_Vocab.pdf,Latino
APEUni_Listening_FIB_Exam_Vocab.pdf,fund
APEUni_Listening_FIB_Exam_Vocab.pdf,infect
APEUni_Listening_FIB_Exam_Vocab.pdf,unemployment
APEUni_Listening_FIB_Exam_Vocab.pdf,conduct
APEUni_Listening_FIB_Exam_Vocab.pdf,temperature
APEUni_Listening_FIB_Exam_Vocab.pdf,current
APEUni_Listening_FIB_Exam_Vocab.pdf,innovation
APEUni_Listening_FIB_Exam_Vocab.pdf,promotion
APEUni_Listening_FIB_Exam_Vocab.pdf,coral
APEUni_Listening_FIB_Exam_Vocab.pdf,scale
APEUni_Listening_FIB_Exam_Vocab.pdf,colleague
APEUni_Listening_FIB_Exam_Vocab.pdf,switch
APEUni_Listening_FIB_Exam_Vocab.pdf,propose
APEUni_Listening_FIB_Exam_Vocab.pdf,breed
APEUni_Listening_FIB_Exam_Vocab.pdf,analyse
APEUni_Listening_FIB_Exam_Vocab.pdf,illegal
APEUni_Listening_FIB_Exam_Vocab.pdf,release
APEUni_Listening_FIB_Exam_Vocab.pdf,mysterious
APEUni_Listening_FIB_Exam_Vocab.pdf,partial
APEUni_Listening_FIB_Exam_Vocab.pdf,weld
APEUni_Listening_FIB_Exam_Vocab.pdf,involve
APEUni_Listening_FIB_Exam_Vocab.pdf,integrate
APEUni_Listening_FIB_Exam_Vocab.pdf,mistake
APEUni_Listening_FIB_Exam_Vocab.pdf,construction
APEUni_Listening_FIB_Exam_Vocab.pdf,temporary
APEUni_Listening_FIB_Exam_Vocab.pdf,estimate
APEUni_Listening_FIB_Exam_Vocab.pdf,electric
APEUni_Listening_FIB_Exam_Vocab.pdf,insurance
APEUni_Listening_FIB_Exam_Vocab.pdf,identify
APEUni_Listening_FIB_Exam_Vocab.pdf,package
APEUni_Listening_FIB_Exam_Vocab.pdf,astronomer
APEUni_Listening_FIB_Exam_Vocab.pdf,radiation
APEUni_Listening_FIB_Exam_Vocab.pdf,detect
APEUni_Listening_FIB_Exam_Vocab.pdf,concept
APEUni_Listening_FIB_Exam_Vocab.pdf,throughout
APEUni_Listening_FIB_Exam_Vocab.pdf,desirable
APEUni_Listening_FIB_Exam_Vocab.pdf,account
APEUni_Listening_FIB_Exam_Vocab.pdf,grain
APEUni_Listening_FIB_Exam_Vocab.pdf,indicate
APEUni_Listening_FIB_Exam_Vocab.pdf,quality
APEUni_Listening_FIB_Exam_Vocab.pdf,core
APEUni_Listening_FIB_Exam_Vocab.pdf,conference
APEUni_Listening_FIB_Exam_Vocab.pdf,economy
APEUni_Listening_FIB_Exam_Vocab.pdf,eventual
APEUni_Listening_FIB_Exam_Vocab.pdf,gallery
APEUni_Listening_FIB_Exam_Vocab.pdf,mode
APEUni_Listening_FIB_Exam_Vocab.pdf,claim
APEUni_Listening_FIB_Exam_Vocab.pdf,system
APEUni_Listening_FIB_Exam_Vocab.pdf,collision
APEUni_Listening_FIB_Exam_Vocab.pdf,permanent
APEUni_Listening_FIB_Exam_Vocab.pdf,powerful
APEUni_Listening_FIB_Exam_Vocab.pdf,essential
APEUni_Listening_FIB_Exam_Vocab.pdf,herd
APEUni_Listening_FIB_Exam_Vocab.pdf,acoustics
APEUni_Listening_FIB_Exam_Vocab.pdf,criminology
APEUni_Listening_FIB_Exam_Vocab.pdf,entrepreneur
APEUni_Listening_FIB_Exam_Vocab.pdf,agricultural
APEUni_Listening_FIB_Exam_Vocab.pdf,electromagnetic
APEUni_Listening_FIB_Exam_Vocab.pdf,polar
APEUni_Listening_FIB_Exam_Vocab.pdf,amongst
APEUni_Listening_FIB_Exam_Vocab.pdf,satellite
APEUni_Listening_FIB_Exam_Vocab.pdf,significant
APEUni_Listening_FIB_Exam_Vocab.pdf,vernacular
APEUni_Listening_FIB_Exam_Vocab.pdf,definition
APEUni_Listening_FIB_Exam_Vocab.pdf,journal
APEUni_Listening_FIB_Exam_Vocab.pdf,firm
APEUni_Listening_FIB_Exam_Vocab.pdf,photograph
APEUni_Listening_FIB_Exam_Vocab.pdf,repetition
APEUni_Listening_FIB_Exam_Vocab.pdf,circulation
APEUni_Listening_FIB_Exam_Vocab.pdf,totality
APEUni_Listening_FIB_Exam_Vocab.pdf,backward
APEUni_Listening_FIB_Exam_Vocab.pdf,electronic
APEUni_Listening_FIB_Exam_Vocab.pdf,curious
APEUni_Listening_FIB_Exam_Vocab.pdf,bulb
APEUni_Listening_FIB_Exam_Vocab.pdf,environment
APEUni_Listening_FIB_Exam_Vocab.pdf,debris
APEUni_Listening_FIB_Exam_Vocab.pdf,conservation
APEUni_Listening_FIB_Exam_Vocab.pdf,industrial
APEUni_Listening_FIB_Exam_Vocab.pdf,origin
APEUni_Listening_FIB_Exam_Vocab.pdf,marine
APEUni_Listening_FIB_Exam_Vocab.pdf,restrict
APEUni_Listening_FIB_Exam_Vocab.pdf,optimistic
APEUni_Listening_FIB_Exam_Vocab.pdf,individual
APEUni_Listening_FIB_Exam_Vocab.pdf,collide
APEUni_Listening_FIB_Exam_Vocab.pdf,disorder
APEUni_Listening_FIB_Exam_Vocab.pdf,contract
APEUni_Listening_FIB_Exam_Vocab.pdf,luxury
APEUni_Listening_FIB_Exam_Vocab.pdf,distinguish
APEUni_Listening_FIB_Exam_Vocab.pdf,professor
APEUni_Listening_FIB_Exam_Vocab.pdf,sequester
APEUni_Listening_FIB_Exam_Vocab.pdf,particular
APEUni_Listening_FIB_Exam_Vocab.pdf,promote
APEUni_Listening_FIB_Exam_Vocab.pdf,volume
APEUni_Listening_FIB_Exam_Vocab.pdf,politics
APEUni_Listening_FIB_Exam_Vocab.pdf,collection
APEUni_Listening_FIB_Exam_Vocab.pdf,biology
APEUni_Listening_FIB_Exam_Vocab.pdf,eclipse
APEUni_Listening_FIB_Exam_Vocab.pdf,absolute
APEUni_Listening_FIB_Exam_Vocab.pdf,movement
APEUni_Listening_FIB_Exam_Vocab.pdf,executive
APEUni_Listening_FIB_Exam_Vocab.pdf,deficiency
APEUni_Listening_FIB_Exam_Vocab.pdf,compute
APEUni_Listening_FIB_Exam_Vocab.pdf,molecular
APEUni_Listening_FIB_Exam_Vocab.pdf,regulation
APEUni_Listening_FIB_Exam_Vocab.pdf,urgency
APEUni_Listening_FIB_Exam_Vocab.pdf,measure
APEUni_Listening_FIB_Exam_Vocab.pdf,recorder
APEUni_Listening_FIB_Exam_Vocab.pdf,notion
APEUni_Listening_FIB_Exam_Vocab.pdf,subscribe
APEUni_Listening_FIB_Exam_Vocab.pdf,uncover
APEUni_Listening_FIB_Exam_Vocab.pdf,digital
APEUni_Listening_FIB_Exam_Vocab.pdf,financial
APEUni_Listening_FIB_Exam_Vocab.pdf,telescope
APEUni_Listening_FIB_Exam_Vocab.pdf,transition
APEUni_Listening_FIB_Exam_Vocab.pdf,sensitivity
APEUni_Listening_FIB_Exam_Vocab.pdf,hive
APEUni_Listening_FIB_Exam_Vocab.pdf,representative
APEUni_Listening_FIB_Exam_Vocab.pdf,generation
APEUni_Listening_FIB_Exam_Vocab.pdf,motivational
APEUni_Listening_FIB_Exam_Vocab.pdf,moonshot
APEUni_Listening_FIB_Exam_Vocab.pdf,advance
APEUni_Listening_FIB_Exam_Vocab.pdf,float
APEUni_Listening_FIB_Exam_Vocab.pdf,operation
APEUni_Listening_FIB_Exam_Vocab.pdf,resource
APEUni_Listening_FIB_Exam_Vocab.pdf,engineer
APEUni_Listening_FIB_Exam_Vocab.pdf,academic
APEUni_Listening_FIB_Exam_Vocab.pdf,aurora
APEUni_Listening_FIB_Exam_Vocab.pdf,equity
APEUni_Listening_FIB_Exam_Vocab.pdf,assignment
APEUni_Listening_FIB_Exam_Vocab.pdf,desirability
APEUni_Listening_FIB_Exam_Vocab.pdf,feature
APEUni_Listening_FIB_Exam_Vocab.pdf,benefit
APEUni_Listening_FIB_Exam_Vocab.pdf,experiment
APEUni_Listening_FIB_Exam_Vocab.pdf,prove
APEUni_Listening_FIB_Exam_Vocab.pdf,physician
APEUni_Listening_FIB_Exam_Vocab.pdf,abrupt
APEUni_Listening_FIB_Exam_Vocab.pdf,criticism
APEUni_Listening_FIB_Exam_Vocab.pdf,respond
APEUni_Listening_FIB_Exam_Vocab.pdf,complain
APEUni_Listening_FIB_Exam_Vocab.pdf,plunge
APEUni_Listening_FIB_Exam_Vocab.pdf,judgement
APEUni_Listening_FIB_Exam_Vocab.pdf,manuscript
APEUni_Listening_FIB_Exam_Vocab.pdf,honour
APEUni_Listening_FIB_Exam_Vocab.pdf,recognise
APEUni_Listening_FIB_Exam_Vocab.pdf,pose
APEUni_Listening_FIB_Exam_Vocab.pdf,appetite
APEUni_Listening_FIB_Exam_Vocab.pdf,survival
APEUni_Listening_FIB_Exam_Vocab.pdf,tropical
APEUni_Listening_FIB_Exam_Vocab.pdf,contribute
APEUni_Listening_FIB_Exam_Vocab.pdf,leftover
APEUni_Listening_FIB_Exam_Vocab.pdf,approve
APEUni_Listening_FIB_Exam_Vocab.pdf,clamour
APEUni_Listening_FIB_Exam_Vocab.pdf,flick
APEUni_Listening_FIB_Exam_Vocab.pdf,vampire
APEUni_Listening_FIB_Exam_Vocab.pdf,carmaker
APEUni_Listening_FIB_Exam_Vocab.pdf,frequency
APEUni_Listening_FIB_Exam_Vocab.pdf,expansion
APEUni_Listening_FIB_Exam_Vocab.pdf,feedback
APEUni_Listening_FIB_Exam_Vocab.pdf,district
APEUni_Listening_FIB_Exam_Vocab.pdf,agriculture
APEUni_Listening_FIB_Exam_Vocab.pdf,flexible
APEUni_Listening_FIB_Exam_Vocab.pdf,production
APEUni_Listening_FIB_Exam_Vocab.pdf,engineering
APEUni_Listening_FIB_Exam_Vocab.pdf,unashamed
APEUni_Listening_FIB_Exam_Vocab.pdf,aesthetic
APEUni_Listening_FIB_Exam_Vocab.pdf,frontier
APEUni_Listening_FIB_Exam_Vocab.pdf,apparent
APEUni_Listening_FIB_Exam_Vocab.pdf,cluster
APEUni_Listening_FIB_Exam_Vocab.pdf,vacuum
APEUni_Listening_FIB_Exam_Vocab.pdf,artefact
APEUni_Listening_FIB_Exam_Vocab.pdf,derivative
APEUni_Listening_FIB_Exam_Vocab.pdf,census
APEUni_Listening_FIB_Exam_Vocab.pdf,reproduce
APEUni_Listening_FIB_Exam_Vocab.pdf,symptom
APEUni_Listening_FIB_Exam_Vocab.pdf,cruise
APEUni_Listening_FIB_Exam_Vocab.pdf,software
APEUni_Listening_FIB_Exam_Vocab.pdf,echo
APEUni_Listening_FIB_Exam_Vocab.pdf,consider
APEUni_Listening_FIB_Exam_Vocab.pdf,department
APEUni_Listening_FIB_Exam_Vocab.pdf,impression
APEUni_Listening_FIB_Exam_Vocab.pdf,trait
APEUni_Listening_FIB_Exam_Vocab.pdf,thoughtful
APEUni_Listening_FIB_Exam_Vocab.pdf,pilgrim
APEUni_Listening_FIB_Exam_Vocab.pdf,cosmic
APEUni_Listening_FIB_Exam_Vocab.pdf,operational
APEUni_Listening_FIB_Exam_Vocab.pdf,appendix
APEUni_Listening_FIB_Exam_Vocab.pdf,situate
APEUni_Listening_FIB_Exam_Vocab.pdf,cultural
APEUni_Listening_FIB_Exam_Vocab.pdf,puzzle
APEUni_Listening_FIB_Exam_Vocab.pdf,staircase
APEUni_Listening_FIB_Exam_Vocab.pdf,productive
APEUni_Listening_FIB_Exam_Vocab.pdf,forgive
APEUni_Listening_FIB_Exam_Vocab.pdf,transcend
APEUni_Listening_FIB_Exam_Vocab.pdf,archeologist
APEUni_Listening_FIB_Exam_Vocab.pdf,colony
APEUni_Listening_FIB_Exam_Vocab.pdf,clump
APEUni_Listening_FIB_Exam_Vocab.pdf,rhythmical
APEUni_Listening_FIB_Exam_Vocab.pdf,preparation
APEUni_Listening_FIB_Exam_Vocab.pdf,unweldable
APEUni_Listening_FIB_Exam_Vocab.pdf,survive
APEUni_Listening_FIB_Exam_Vocab.pdf,glimpse
APEUni_Listening_FIB_Exam_Vocab.pdf,characterisation
APEUni_Listening_FIB_Exam_Vocab.pdf,technique
APEUni_Listening_FIB_Exam_Vocab.pdf,colloquial
APEUni_Listening_FIB_Exam_Vocab.pdf,sequence
APEUni_Listening_FIB_Exam_Vocab.pdf,refine
APEUni_Listening_FIB_Exam_Vocab.pdf,consideration
APEUni_Listening_FIB_Exam_Vocab.pdf,feather
APEUni_Listening_FIB_Exam_Vocab.pdf,biologist
APEUni_Listening_FIB_Exam_Vocab.pdf,spinal
APEUni_Listening_FIB_Exam_Vocab.pdf,fragile
APEUni_Listening_FIB_Exam_Vocab.pdf,foyer
APEUni_Listening_FIB_Exam_Vocab.pdf,statistics
APEUni_Listening_FIB_Exam_Vocab.pdf,compensate
APEUni_Listening_FIB_Exam_Vocab.pdf,reimagine
APEUni_Listening_FIB_Exam_Vocab.pdf,drought
APEUni_Listening_FIB_Exam_Vocab.pdf,discipline
APEUni_Listening_FIB_Exam_Vocab.pdf,scarlet
APEUni_Listening_FIB_Exam_Vocab.pdf,predict
APEUni_Listening_FIB_Exam_Vocab.pdf,pedal
APEUni_Listening_FIB_Exam_Vocab.pdf,neuron
APEUni_Listening_FIB_Exam_Vocab.pdf,toxic
APEUni_Listening_FIB_Exam_Vocab.pdf,outward
APEUni_Listening_FIB_Exam_Vocab.pdf,dramatic
APEUni_Listening_FIB_Exam_Vocab.pdf,reassess
APEUni_Listening_FIB_Exam_Vocab.pdf,spew
APEUni_Listening_FIB_Exam_Vocab.pdf,margin
APEUni_Listening_FIB_Exam_Vocab.pdf,hub
APEUni_Listening_FIB_Exam_Vocab.pdf,explanation
APEUni_Listening_FIB_Exam_Vocab.pdf,section
APEUni_Listening_FIB_Exam_Vocab.pdf,bracket
APEUni_Listening_FIB_Exam_Vocab.pdf,cord
APEUni_Listening_FIB_Exam_Vocab.pdf,fundamental
APEUni_Listening_FIB_Exam_Vocab.pdf,archeology
APEUni_Listening_FIB_Exam_Vocab.pdf,encompass
APEUni_Listening_FIB_Exam_Vocab.pdf,obstruct
APEUni_Listening_FIB_Exam_Vocab.pdf,academy
APEUni_Listening_FIB_Exam_Vocab.pdf,energetic
APEUni_Listening_FIB_Exam_Vocab.pdf,appoint
APEUni_Listening_FIB_Exam_Vocab.pdf,foreshadow
APEUni_Listening_FIB_Exam_Vocab.pdf,aeroplane
APEUni_Listening_FIB_Exam_Vocab.pdf,coverage
APEUni_Listening_FIB_Exam_Vocab.pdf,confidential
APEUni_Listening_FIB_Exam_Vocab.pdf,deafen
APEUni_Listening_FIB_Exam_Vocab.pdf,awesome
APEUni_Listening_FIB_Exam_Vocab.pdf,stressful
APEUni_Listening_FIB_Exam_Vocab.pdf,narrowness
APEUni_Listening_FIB_Exam_Vocab.pdf,sacrifice
APEUni_Listening_FIB_Exam_Vocab.pdf,prestigious
APEUni_Listening_FIB_Exam_Vocab.pdf,excess
APEUni_Listening_FIB_Exam_Vocab.pdf,signifier
APEUni_Listening_FIB_Exam_Vocab.pdf,professorship
APEUni_Listening_FIB_Exam_Vocab.pdf,skeleton
APEUni_Listening_FIB_Exam_Vocab.pdf,tint
APEUni_Listening_FIB_Exam_Vocab.pdf,cocoon
APEUni_Listening_FIB_Exam_Vocab.pdf,sleek
APEUni_Listening_FIB_Exam_Vocab.pdf,establish
APEUni_Listening_FIB_Exam_Vocab.pdf,eliminate
APEUni_Listening_FIB_Exam_Vocab.pdf,tune
APEUni_Listening_FIB_Exam_Vocab.pdf,lecture
APEUni_Listening_FIB_Exam_Vocab.pdf,ultimate
APEUni_Listening_FIB_Exam_Vocab.pdf,struggle
APEUni_Listening_FIB_Exam_Vocab.pdf,manifesto
APEUni_Listening_FIB_Exam_Vocab.pdf,economics
APEUni_Listening_FIB_Exam_Vocab.pdf,hind
APEUni_Listening_FIB_Exam_Vocab.pdf,visualisation
APEUni_Listening_FIB_Exam_Vocab.pdf,battery
APEUni_Listening_FIB_Exam_Vocab.pdf,wrap
APEUni_Listening_FIB_Exam_Vocab.pdf,uptick
APEUni_Listening_FIB_Exam_Vocab.pdf,dater
APEUni_Listening_FIB_Exam_Vocab.pdf,platform
APEUni_Listening_FIB_Exam_Vocab.pdf,radical
APEUni_Listening_FIB_Exam_Vocab.pdf,inundate
APEUni_Listening_FIB_Exam_Vocab.pdf,genuine
APEUni_Listening_FIB_Exam_Vocab.pdf,blunt
APEUni_Listening_FIB_Exam_Vocab.pdf,prestige
APEUni_Listening_FIB_Exam_Vocab.pdf,rear
APEUni_Listening_FIB_Exam_Vocab.pdf,indirect
APEUni_Listening_FIB_Exam_Vocab.pdf,distance
APEUni_Listening_FIB_Exam_Vocab.pdf,reconstruct
APEUni_Listening_FIB_Exam_Vocab.pdf,oceanographer
APEUni_Listening_FIB_Exam_Vocab.pdf,beleaguer
APEUni_Listening_FIB_Exam_Vocab.pdf,instruct
APEUni_Listening_FIB_Exam_Vocab.pdf,folk
APEUni_Listening_FIB_Exam_Vocab.pdf,boundary
APEUni_Listening_FIB_Exam_Vocab.pdf,rivet
APEUni_Listening_FIB_Exam_Vocab.pdf,critical
APEUni_Listening_FIB_Exam_Vocab.pdf,declare
APEUni_Listening_FIB_Exam_Vocab.pdf,northwest
APEUni_Listening_FIB_Exam_Vocab.pdf,conclude
APEUni_Listening_FIB_Exam_Vocab.pdf,robust
APEUni_Listening_FIB_Exam_Vocab.pdf,mutate
APEUni_Listening_FIB_Exam_Vocab.pdf,particle
APEUni_Listening_FIB_Exam_Vocab.pdf,anniversary
APEUni_Listening_FIB_Exam_Vocab.pdf,socialise
APEUni_Listening_FIB_Exam_Vocab.pdf,elimination
APEUni_Listening_FIB_Exam_Vocab.pdf,interpersonal
APEUni_Listening_FIB_Exam_Vocab.pdf,various
APEUni_Listening_FIB_Exam_Vocab.pdf,original
APEUni_Listening_FIB_Exam_Vocab.pdf,previous
APEUni_Listening_FIB_Exam_Vocab.pdf,politician
APEUni_Listening_FIB_Exam_Vocab.pdf,forth
APEUni_Listening_FIB_Exam_Vocab.pdf,transmit
APEUni_Listening_FIB_Exam_Vocab.pdf,categorise
APEUni_Listening_FIB_Exam_Vocab.pdf,attendant
APEUni_Listening_FIB_Exam_Vocab.pdf,patch
APEUni_Listening_FIB_Exam_Vocab.pdf,architecture
APEUni_Listening_FIB_Exam_Vocab.pdf,stream
APEUni_Listening_FIB_Exam_Vocab.pdf,flake
APEUni_Listening_FIB_Exam_Vocab.pdf,problematic
APEUni_Listening_FIB_Exam_Vocab.pdf,patriotism
APEUni_Listening_FIB_Exam_Vocab.pdf,yawn
APEUni_Listening_FIB_Exam_Vocab.pdf,fossilise
APEUni_Listening_FIB_Exam_Vocab.pdf,intend
APEUni_Listening_FIB_Exam_Vocab.pdf,institution
APEUni_Listening_FIB_Exam_Vocab.pdf,document
APEUni_Listening_FIB_Exam_Vocab.pdf,analyst
APEUni_Listening_FIB_Exam_Vocab.pdf,spate
APEUni_Listening_FIB_Exam_Vocab.pdf,astronomical
APEUni_Listening_FIB_Exam_Vocab.pdf,mechanism
APEUni_Listening_FIB_Exam_Vocab.pdf,interact
APEUni_Listening_FIB_Exam_Vocab.pdf,evident
APEUni_Listening_FIB_Exam_Vocab.pdf,discern
APEUni_Listening_FIB_Exam_Vocab.pdf,universe
APEUni_Listening_FIB_Exam_Vocab.pdf,pesticide
APEUni_Listening_FIB_Exam_Vocab.pdf,unattractive
APEUni_Listening_FIB_Exam_Vocab.pdf,boom
APEUni_Listening_FIB_Exam_Vocab.pdf,realize
APEUni_Listening_FIB_Exam_Vocab.pdf,irrigate
APEUni_Listening_FIB_Exam_Vocab.pdf,variety
APEUni_Listening_FIB_Exam_Vocab.pdf,pertain
APEUni_Listening_FIB_Exam_Vocab.pdf,bloom
APEUni_Listening_FIB_Exam_Vocab.pdf,visible
APEUni_Listening_FIB_Exam_Vocab.pdf,portrait
APEUni_Listening_FIB_Exam_Vocab.pdf,collaboration
APEUni_Listening_FIB_Exam_Vocab.pdf,celebration
APEUni_Listening_FIB_Exam_Vocab.pdf,rebuild
APEUni_Listening_FIB_Exam_Vocab.pdf,grin
APEUni_Listening_FIB_Exam_Vocab.pdf,eradicate
APEUni_Listening_FIB_Exam_Vocab.pdf,matchstick
APEUni_Listening_FIB_Exam_Vocab.pdf,collector
APEUni_Listening_FIB_Exam_Vocab.pdf,depth
APEUni_Listening_FIB_Exam_Vocab.pdf,champagne
APEUni_Listening_FIB_Exam_Vocab.pdf,utter
APEUni_Listening_FIB_Exam_Vocab.pdf,overseas
APEUni_Listening_FIB_Exam_Vocab.pdf,submerge
APEUni_Listening_FIB_Exam_Vocab.pdf,scotch
APEUni_Listening_FIB_Exam_Vocab.pdf,stimulate
APEUni_Listening_FIB_Exam_Vocab.pdf,auroral
APEUni_Listening_FIB_Exam_Vocab.pdf,spatial
APEUni_Listening_FIB_Exam_Vocab.pdf,slam
APEUni_Listening_FIB_Exam_Vocab.pdf,application
APEUni_Listening_FIB_Exam_Vocab.pdf,breadth
APEUni_Listening_FIB_Exam_Vocab.pdf,complexity
APEUni_Listening_FIB_Exam_Vocab.pdf,auditory
APEUni_Listening_FIB_Exam_Vocab.pdf,macromolecular
APEUni_Listening_FIB_Exam_Vocab.pdf,commercial
APEUni_Listening_FIB_Exam_Vocab.pdf,inject
APEUni_Listening_FIB_Exam_Vocab.pdf,merge
APEUni_Listening_FIB_Exam_Vocab.pdf,mite
APEUni_Listening_FIB_Exam_Vocab.pdf,engagement
APEUni_Listening_FIB_Exam_Vocab.pdf,proposal
APEUni_Listening_FIB_Exam_Vocab.pdf,minimal
APEUni_Listening_FIB_Exam_Vocab.pdf,visualise
APEUni_Listening_FIB_Exam_Vocab.pdf,fort
APEUni_Listening_FIB_Exam_Vocab.pdf,overturn
APEUni_Listening_FIB_Exam_Vocab.pdf,disturb
APEUni_Listening_FIB_Exam_Vocab.pdf,compliance
APEUni_Listening_FIB_Exam_Vocab.pdf,unravel
APEUni_Listening_FIB_Exam_Vocab.pdf,capture
APEUni_Listening_FIB_Exam_Vocab.pdf,celebrate
APEUni_Listening_FIB_Exam_Vocab.pdf,exert
APEUni_Listening_FIB_Exam_Vocab.pdf,association
APEUni_Listening_FIB_Exam_Vocab.pdf,fastener
APEUni_Listening_FIB_Exam_Vocab.pdf,surround
APEUni_Listening_FIB_Exam_Vocab.pdf,manufacture
APEUni_Listening_FIB_Exam_Vocab.pdf,transform
APEUni_Listening_FIB_Exam_Vocab.pdf,expectation
APEUni_Listening_FIB_Exam_Vocab.pdf,recovery
APEUni_Listening_FIB_Exam_Vocab.pdf,pulse
APEUni_Listening_FIB_Exam_Vocab.pdf,epidemic
APEUni_Listening_FIB_Exam_Vocab.pdf,stale
APEUni_Listening_FIB_Exam_Vocab.pdf,slump
APEUni_Listening_FIB_Exam_Vocab.pdf,consultant
APEUni_Listening_FIB_Exam_Vocab.pdf,publish
APEUni_Listening_FIB_Exam_Vocab.pdf,defensible
APEUni_Listening_FIB_Exam_Vocab.pdf,concentrate
APEUni_Listening_FIB_Exam_Vocab.pdf,external
APEUni_Listening_FIB_Exam_Vocab.pdf,canyon
APEUni_Listening_FIB_Exam_Vocab.pdf,equation
APEUni_Listening_FIB_Exam_Vocab.pdf,upwards
APEUni_Listening_FIB_Exam_Vocab.pdf,legitimate
APEUni_Listening_FIB_Exam_Vocab.pdf,neighbour
APEUni_Listening_FIB_Exam_Vocab.pdf,associate
APEUni_Listening_FIB_Exam_Vocab.pdf,mammal
APEUni_Listening_FIB_Exam_Vocab.pdf,predicament
APEUni_Listening_FIB_Exam_Vocab.pdf,glean
APEUni_Listening_FIB_Exam_Vocab.pdf,tremendous
APEUni_Listening_FIB_Exam_Vocab.pdf,database
APEUni_Listening_FIB_Exam_Vocab.pdf,biological
APEUni_Listening_FIB_Exam_Vocab.pdf,enlarge
APEUni_Listening_FIB_Exam_Vocab.pdf,contain
APEUni_Listening_FIB_Exam_Vocab.pdf,species
APEUni_Listening_FIB_Exam_Vocab.pdf,interpret
APEUni_Listening_FIB_Exam_Vocab.pdf,historian
APEUni_Listening_FIB_Exam_Vocab.pdf,identical
APEUni_Listening_FIB_Exam_Vocab.pdf,exceptional
APEUni_Listening_FIB_Exam_Vocab.pdf,resident
APEUni_Listening_FIB_Exam_Vocab.pdf,manipulation
APEUni_Listening_FIB_Exam_Vocab.pdf,liquid
APEUni_Listening_FIB_Exam_Vocab.pdf,brood
APEUni_Listening_FIB_Exam_Vocab.pdf,element
APEUni_Listening_FIB_Exam_Vocab.pdf,detector
APEUni_Listening_FIB_Exam_Vocab.pdf,dominate
APEUni_Listening_FIB_Exam_Vocab.pdf,channel
APEUni_Listening_FIB_Exam_Vocab.pdf,consonant
APEUni_Listening_FIB_Exam_Vocab.pdf,interface
APEUni_Listening_FIB_Exam_Vocab.pdf,consume
APEUni_Listening_FIB_Exam_Vocab.pdf,profession
APEUni_Listening_FIB_Exam_Vocab.pdf,atomic
APEUni_Listening_FIB_Exam_Vocab.pdf,antiquarian
APEUni_Listening_FIB_Exam_Vocab.pdf,panel
APEUni_Listening_FIB_Exam_Vocab.pdf,sensitive
APEUni_Listening_FIB_Exam_Vocab.pdf,recession
APEUni_Listening_FIB_Exam_Vocab.pdf,confidence
APEUni_Listening_FIB_Exam_Vocab.pdf,rough
APEUni_Listening_FIB_Exam_Vocab.pdf,congress
APEUni_Listening_FIB_Exam_Vocab.pdf,consensus
APEUni_Listening_FIB_Exam_Vocab.pdf,evidence
APEUni_Listening_FIB_Exam_Vocab.pdf,legislation
APEUni_Listening_FIB_Exam_Vocab.pdf,offset
APEUni_Listening_FIB_Exam_Vocab.pdf,rebound
APEUni_Listening_FIB_Exam_Vocab.pdf,extreme
APEUni_Listening_FIB_Exam_Vocab.pdf,advocate
APEUni_Listening_FIB_Exam_Vocab.pdf,conventional
APEUni_Listening_FIB_Exam_Vocab.pdf,audience
APEUni_Listening_FIB_Exam_Vocab.pdf,pollinator
APEUni_Listening_FIB_Exam_Vocab.pdf,odd
APEUni_Listening_FIB_Exam_Vocab.pdf,dolphin
APEUni_Listening_FIB_Exam_Vocab.pdf,accessible
APEUni_Listening_FIB_Exam_Vocab.pdf,centrifuge
APEUni_Listening_FIB_Exam_Vocab.pdf,landowner
APEUni_Listening_FIB_Exam_Vocab.pdf,emission
APEUni_Listening_FIB_Exam_Vocab.pdf,advertise
APEUni_Listening_FIB_Exam_Vocab.pdf,employment
APEUni_Listening_FIB_Exam_Vocab.pdf,vision
APEUni_Listening_FIB_Exam_Vocab.pdf,mandate
APEUni_Listening_FIB_Exam_Vocab.pdf,distinctive
APEUni_Listening_FIB_Exam_Vocab.pdf,downside
APEUni_Listening_FIB_Exam_Vocab.pdf,delight
APEUni_Listening_FIB_Exam_Vocab.pdf,specific
APEUni_Listening_FIB_Exam_Vocab.pdf,binary
APEUni_Listening_FIB_Exam_Vocab.pdf,interpretation
APEUni_Listening_FIB_Exam_Vocab.pdf,trade-off
APEUni_Listening_FIB_Exam_Vocab.pdf,artificial
APEUni_Listening_FIB_Exam_Vocab.pdf,outgo
APEUni_Listening_FIB_Exam_Vocab.pdf,depiction
APEUni_Listening_FIB_Exam_Vocab.pdf,bargain
APEUni_Listening_FIB_Exam_Vocab.pdf,script
APEUni_Listening_FIB_Exam_Vocab.pdf,fracture
APEUni_Listening_FIB_Exam_Vocab.pdf,observer
APEUni_Listening_FIB_Exam_Vocab.pdf,spike
APEUni_Listening_FIB_Exam_Vocab.pdf,mimic
APEUni_Listening_FIB_Exam_Vocab.pdf,loose
APEUni_Listening_FIB_Exam_Vocab.pdf,realist
APEUni_Listening_FIB_Exam_Vocab.pdf,amend
APEUni_Listening_FIB_Exam_Vocab.pdf,constant
APEUni_Listening_FIB_Exam_Vocab.pdf,negative
APEUni_Listening_FIB_Exam_Vocab.pdf,sediment
APEUni_Listening_FIB_Exam_Vocab.pdf,unimaginative
APEUni_Listening_FIB_Exam_Vocab.pdf,unmix
APEUni_Listening_FIB_Exam_Vocab.pdf,sponsor
APEUni_Listening_FIB_Exam_Vocab.pdf,forge
APEUni_Listening_FIB_Exam_Vocab.pdf,pend
APEUni_Listening_FIB_Exam_Vocab.pdf,historic
APEUni_Listening_FIB_Exam_Vocab.pdf,galaxy
APEUni_Listening_FIB_Exam_Vocab.pdf,gasoline
APEUni_Listening_FIB_Exam_Vocab.pdf,originate
APEUni_Listening_FIB_Exam_Vocab.pdf,exploration
APEUni_Listening_FIB_Exam_Vocab.pdf,majority
APEUni_Listening_FIB_Exam_Vocab.pdf,addition
APEUni_Listening_FIB_Exam_Vocab.pdf,wingless
APEUni_Listening_FIB_Exam_Vocab.pdf,objective
APEUni_Listening_FIB_Exam_Vocab.pdf,tariff
APEUni_Listening_FIB_Exam_Vocab.pdf,broadcast
APEUni_Listening_FIB_Exam_Vocab.pdf,simulate
APEUni_Listening_FIB_Exam_Vocab.pdf,phrenetic
APEUni_Listening_FIB_Exam_Vocab.pdf,dissatisfaction
APEUni_Listening_FIB_Exam_Vocab.pdf,prescribe
APEUni_Listening_FIB_Exam_Vocab.pdf,genome
APEUni_Listening_FIB_Exam_Vocab.pdf,undefined
APEUni_Listening_FIB_Exam_Vocab.pdf,monetary
APEUni_Listening_FIB_Exam_Vocab.pdf,automaker
APEUni_Listening_FIB_Exam_Vocab.pdf,alternative
APEUni_Listening_FIB_Exam_Vocab.pdf,innovator
APEUni_Listening_FIB_Exam_Vocab.pdf,quantity
APEUni_Listening_FIB_Exam_Vocab.pdf,electrical
APEUni_Listening_FIB_Exam_Vocab.pdf,pun
APEUni_Listening_FIB_Exam_Vocab.pdf,settlement
APEUni_Listening_FIB_Exam_Vocab.pdf,relevant
APEUni_Listening_FIB_Exam_Vocab.pdf,extensive
APEUni_Listening_FIB_Exam_Vocab.pdf,curator
APEUni_Listening_FIB_Exam_Vocab.pdf,unpublished
APEUni_Listening_FIB_Exam_Vocab.pdf,atmosphere
APEUni_Listening_FIB_Exam_Vocab.pdf,assistance
APEUni_Listening_FIB_Exam_Vocab.pdf,unusable
APEUni_Listening_FIB_Exam_Vocab.pdf,represent
APEUni_Listening_FIB_Exam_Vocab.pdf,barrier
APEUni_Listening_FIB_Exam_Vocab.pdf,generator
APEUni_Listening_FIB_Exam_Vocab.pdf,violence
APEUni_Listening_FIB_Exam_Vocab.pdf,consumer
APEUni_Listening_FIB_Exam_Vocab.pdf,irrelevant
APEUni_Listening_FIB_Exam_Vocab.pdf,scatter
APEUni_Listening_FIB_Exam_Vocab.pdf,sunflower
APEUni_Listening_FIB_Exam_Vocab.pdf,sparkiness
APEUni_Listening_FIB_Exam_Vocab.pdf,nanometre
APEUni_Listening_FIB_Exam_Vocab.pdf,combination
APEUni_Listening_FIB_Exam_Vocab.pdf,toolkit
APEUni_Listening_FIB_Exam_Vocab.pdf,hydrogen
APEUni_Listening_FIB_Exam_Vocab.pdf,crustacean
APEUni_Listening_FIB_Exam_Vocab.pdf,depict
APEUni_Listening_FIB_Exam_Vocab.pdf,ore
APEUni_Listening_FIB_Exam_Vocab.pdf,flush
APEUni_Listening_FIB_Exam_Vocab.pdf,massive
APEUni_Listening_FIB_Exam_Vocab.pdf,observe
APEUni_Listening_FIB_Exam_Vocab.pdf,coordinate
APEUni_Listening_FIB_Exam_Vocab.pdf,maternal
APEUni_Listening_FIB_Exam_Vocab.pdf,combo
APEUni_Listening_FIB_Exam_Vocab.pdf,counterintuitive
APEUni_Listening_FIB_Exam_Vocab.pdf,vessel
APEUni_Listening_FIB_Exam_Vocab.pdf,humanity
APEUni_Listening_FIB_Exam_Vocab.pdf,biofuel
APEUni_Listening_FIB_Exam_Vocab.pdf,formalistic
APEUni_Listening_FIB_Exam_Vocab.pdf,sexton
APEUni_Listening_FIB_Exam_Vocab.pdf,disappear
APEUni_Listening_FIB_Exam_Vocab.pdf,potential
APEUni_Listening_FIB_Exam_Vocab.pdf,boredom
APEUni_Listening_FIB_Exam_Vocab.pdf,merger
APEUni_Listening_FIB_Exam_Vocab.pdf,bulk
APEUni_Listening_FIB_Exam_Vocab.pdf,stabilise
APEUni_Listening_FIB_Exam_Vocab.pdf,classical
APEUni_Listening_FIB_Exam_Vocab.pdf,restoration
APEUni_Listening_FIB_Exam_Vocab.pdf,deliver
APEUni_Listening_FIB_Exam_Vocab.pdf,sketch
APEUni_Listening_FIB_Exam_Vocab.pdf,brainwave
APEUni_Listening_FIB_Exam_Vocab.pdf,pseudo
APEUni_Listening_FIB_Exam_Vocab.pdf,collaborative
APEUni_Listening_FIB_Exam_Vocab.pdf,accommodate
APEUni_Listening_FIB_Exam_Vocab.pdf,interpreter
APEUni_Listening_FIB_Exam_Vocab.pdf,automobile
APEUni_Listening_FIB_Exam_Vocab.pdf,algorithm
APEUni_Listening_FIB_Exam_Vocab.pdf,nonpartisan
APEUni_Listening_FIB_Exam_Vocab.pdf,sustainable
APEUni_Listening_FIB_Exam_Vocab.pdf,disrupt
APEUni_Listening_FIB_Exam_Vocab.pdf,rationality
APEUni_Listening_FIB_Exam_Vocab.pdf,iceberg
APEUni_Listening_FIB_Exam_Vocab.pdf,accurate
APEUni_Listening_FIB_Exam_Vocab.pdf,responsive
APEUni_Listening_FIB_Exam_Vocab.pdf,conversational
APEUni_Listening_FIB_Exam_Vocab.pdf,pollution
APEUni_Listening_FIB_Exam_Vocab.pdf,microphone
APEUni_Listening_FIB_Exam_Vocab.pdf,migrant
APEUni_Listening_FIB_Exam_Vocab.pdf,cardiologist
APEUni_Listening_FIB_Exam_Vocab.pdf,reposition
APEUni_Listening_FIB_Exam_Vocab.pdf,sober
APEUni_Listening_FIB_Exam_Vocab.pdf,unpopulated
APEUni_Listening_FIB_Exam_Vocab.pdf,vibration
APEUni_Listening_FIB_Exam_Vocab.pdf,investment
APEUni_Listening_FIB_Exam_Vocab.pdf,croft
APEUni_Listening_FIB_Exam_Vocab.pdf,pursuit
APEUni_Listening_FIB_Exam_Vocab.pdf,deform
APEUni_Listening_FIB_Exam_Vocab.pdf,inflection
APEUni_Listening_FIB_Exam_Vocab.pdf,solution
APEUni_Listening_FIB_Exam_Vocab.pdf,shockwave
APEUni_Listening_FIB_Exam_Vocab.pdf,worksheet
APEUni_Listening_FIB_Exam_Vocab.pdf,common
APEUni_Listening_FIB_Exam_Vocab.pdf,bureau
APEUni_Listening_FIB_Exam_Vocab.pdf,confection
APEUni_Listening_FIB_Exam_Vocab.pdf,smartphone
APEUni_Listening_FIB_Exam_Vocab.pdf,frustrate
APEUni_Listening_FIB_Exam_Vocab.pdf,parliament
APEUni_Listening_FIB_Exam_Vocab.pdf,interstellar
APEUni_Listening_FIB_Exam_Vocab.pdf,wilderness
APEUni_Listening_FIB_Exam_Vocab.pdf,multifaceted
APEUni_Listening_FIB_Exam_Vocab.pdf,management
APEUni_Listening_FIB_Exam_Vocab.pdf,preliminary
APEUni_Listening_FIB_Exam_Vocab.pdf,political
APEUni_Listening_FIB_Exam_Vocab.pdf,bias
APEUni_Listening_FIB_Exam_Vocab.pdf,aircraft
APEUni_Listening_FIB_Exam_Vocab.pdf,replace
APEUni_Listening_FIB_Exam_Vocab.pdf,justice
APEUni_Listening_FIB_Exam_Vocab.pdf,dimension
APEUni_Listening_FIB_Exam_Vocab.pdf,confess
APEUni_Listening_FIB_Exam_Vocab.pdf,hemisphere
APEUni_Listening_FIB_Exam_Vocab.pdf,explore
APEUni_Listening_FIB_Exam_Vocab.pdf,dioxide
APEUni_Listening_FIB_Exam_Vocab.pdf,habitat
APEUni_Listening_FIB_Exam_Vocab.pdf,adverse
APEUni_Listening_FIB_Exam_Vocab.pdf,radiant
APEUni_Listening_FIB_Exam_Vocab.pdf,holistic
APEUni_Listening_FIB_Exam_Vocab.pdf,aggressive
APEUni_Listening_FIB_Exam_Vocab.pdf,investigation
APEUni_Listening_FIB_Exam_Vocab.pdf,drainage
APEUni_Listening_FIB_Exam_Vocab.pdf,treatable
APEUni_Listening_FIB_Exam_Vocab.pdf,incredible
APEUni_Listening_FIB_Exam_Vocab.pdf,convene
APEUni_Listening_FIB_Exam_Vocab.pdf,optimise
APEUni_Listening_FIB_Exam_Vocab.pdf,bounty
APEUni_Listening_FIB_Exam_Vocab.pdf,compatible
APEUni_Listening_FIB_Exam_Vocab.pdf,electron
APEUni_Reading_FIB_Advanced_Vocab,facilitate
APEUni_Reading_FIB_Advanced_Vocab,extract
APEUni_Reading_FIB_Advanced_Vocab,diversity
APEUni_Reading_FIB_Advanced_Vocab,chronic
APEUni_Reading_FIB_Advanced_Vocab,collaborative
APEUni_Reading_FIB_Advanced_Vocab,downturn
APEUni_Reading_FIB_Advanced_Vocab,organisation
APEUni_Reading_FIB_Advanced_Vocab,overlap
APEUni_Reading_FIB_Advanced_Vocab,trigger
APEUni_Reading_FIB_Advanced_Vocab,revelation
APEUni_Reading_FIB_Advanced_Vocab,degradation
APEUni_Reading_FIB_Advanced_Vocab,delicacy
APEUni_Reading_FIB_Advanced_Vocab,equitable
APEUni_Reading_FIB_Advanced_Vocab,potent
APEUni_Reading_FIB_Advanced_Vocab,converge
APEUni_Reading_FIB_Advanced_Vocab,microbe
APEUni_Reading_FIB_Advanced_Vocab,radical
APEUni_Reading_FIB_Advanced_Vocab,accessible
APEUni_Reading_FIB_Advanced_Vocab,undermine
APEUni_Reading_FIB_Advanced_Vocab,replacement
APEUni_Reading_FIB_Advanced_Vocab,boon
APEUni_Reading_FIB_Advanced_Vocab,staple
APEUni_Reading_FIB_Advanced_Vocab,rigorous
APEUni_Reading_FIB_Advanced_Vocab,herald
APEUni_Reading_FIB_Advanced_Vocab,trivialise
APEUni_Reading_FIB_Advanced_Vocab,polyester
APEUni_Reading_FIB_Advanced_Vocab,earner
APEUni_Reading_FIB_Advanced_Vocab,kerb
APEUni_Reading_FIB_Advanced_Vocab,aground
APEUni_Reading_FIB_Advanced_Vocab,stalk
APEUni_Reading_FIB_Advanced_Vocab,sustainability
APEUni_Reading_FIB_Advanced_Vocab,archipelago
APEUni_Reading_FIB_Advanced_Vocab,nonetheless
APEUni_Reading_FIB_Advanced_Vocab,leapfrog
APEUni_Reading_FIB_Advanced_Vocab,contributory
APEUni_Reading_FIB_Advanced_Vocab,consistent
APEUni_Reading_FIB_Advanced_Vocab,evolutionary
APEUni_Reading_FIB_Advanced_Vocab,lure
APEUni_Reading_FIB_Advanced_Vocab,exploitative
APEUni_Reading_FIB_Advanced_Vocab,logical
APEUni_Reading_FIB_Advanced_Vocab,unsympathetic
APEUni_Reading_FIB_Advanced_Vocab,smirk
APEUni_Reading_FIB_Advanced_Vocab,heritage
APEUni_Reading_FIB_Advanced_Vocab,originate
APEUni_Reading_FIB_Advanced_Vocab,boost
APEUni_Reading_FIB_Advanced_Vocab,comparable
APEUni_Reading_FIB_Advanced_Vocab,supplant
APEUni_Reading_FIB_Advanced_Vocab,demonstration
APEUni_Reading_FIB_Advanced_Vocab,surge
APEUni_Reading_FIB_Advanced_Vocab,waxy
APEUni_Reading_FIB_Advanced_Vocab,culmination
APEUni_Reading_FIB_Advanced_Vocab,upwelling
APEUni_Reading_FIB_Advanced_Vocab,suitability
APEUni_Reading_FIB_Advanced_Vocab,emulate
APEUni_Reading_FIB_Advanced_Vocab,prolific
APEUni_Reading_FIB_Advanced_Vocab,decomposition
APEUni_Reading_FIB_Advanced_Vocab,eardrum
APEUni_Reading_FIB_Advanced_Vocab,traverse
APEUni_Reading_FIB_Advanced_Vocab,emboss
APEUni_Reading_FIB_Advanced_Vocab,advent
APEUni_Reading_FIB_Advanced_Vocab,constitute
APEUni_Reading_FIB_Advanced_Vocab,patronage
APEUni_Reading_FIB_Advanced_Vocab,reconstruct
APEUni_Reading_FIB_Advanced_Vocab,enterprize
APEUni_Reading_FIB_Advanced_Vocab,skeleton
APEUni_Reading_FIB_Advanced_Vocab,donor
APEUni_Reading_FIB_Advanced_Vocab,notion
APEUni_Reading_FIB_Advanced_Vocab,assessment
APEUni_Reading_FIB_Advanced_Vocab,scandal
APEUni_Reading_FIB_Advanced_Vocab,notable
APEUni_Reading_FIB_Advanced_Vocab,exemplify
APEUni_Reading_FIB_Advanced_Vocab,efficacy
APEUni_Reading_FIB_Advanced_Vocab,emission
APEUni_Reading_FIB_Advanced_Vocab,participation
APEUni_Reading_FIB_Advanced_Vocab,scurry
APEUni_Reading_FIB_Advanced_Vocab,affordability
APEUni_Reading_FIB_Advanced_Vocab,sustenance
APEUni_Reading_FIB_Advanced_Vocab,assert
APEUni_Reading_FIB_Advanced_Vocab,hard-core
APEUni_Reading_FIB_Advanced_Vocab,burgeon
APEUni_Reading_FIB_Advanced_Vocab,quota
APEUni_Reading_FIB_Advanced_Vocab,commitment
APEUni_Reading_FIB_Advanced_Vocab,bacteria
APEUni_Reading_FIB_Advanced_Vocab,fossil
APEUni_Reading_FIB_Advanced_Vocab,preferable
APEUni_Reading_FIB_Advanced_Vocab,frustrate
APEUni_Reading_FIB_Advanced_Vocab,initiate
APEUni_Reading_FIB_Advanced_Vocab,uneconomic
APEUni_Reading_FIB_Advanced_Vocab,salvage
APEUni_Reading_FIB_Advanced_Vocab,plague
APEUni_Reading_FIB_Advanced_Vocab,dissemination
APEUni_Reading_FIB_Advanced_Vocab,proponent
APEUni_Reading_FIB_Advanced_Vocab,drouth
APEUni_Reading_FIB_Advanced_Vocab,synchronise
APEUni_Reading_FIB_Advanced_Vocab,graze
APEUni_Reading_FIB_Advanced_Vocab,rectify
APEUni_Reading_FIB_Advanced_Vocab,simultaneous
APEUni_Reading_FIB_Advanced_Vocab,detrimental
APEUni_Reading_FIB_Advanced_Vocab,tribute
APEUni_Reading_FIB_Advanced_Vocab,adolescent
APEUni_Reading_FIB_Advanced_Vocab,irresistible
APEUni_Reading_FIB_Advanced_Vocab,reservoir
APEUni_Reading_FIB_Advanced_Vocab,purposeful
APEUni_Reading_FIB_Advanced_Vocab,anecdote
APEUni_Reading_FIB_Advanced_Vocab,treatise
APEUni_Reading_FIB_Advanced_Vocab,integrative
APEUni_Reading_FIB_Advanced_Vocab,awe
APEUni_Reading_FIB_Advanced_Vocab,whereas
APEUni_Reading_FIB_Advanced_Vocab,colloquial
APEUni_Reading_FIB_Advanced_Vocab,enhance
APEUni_Reading_FIB_Advanced_Vocab,incorporate
APEUni_Reading_FIB_Advanced_Vocab,module
APEUni_Reading_FIB_Advanced_Vocab,intervene
APEUni_Reading_FIB_Advanced_Vocab,ozone
APEUni_Reading_FIB_Advanced_Vocab,noticeable
APEUni_Reading_FIB_Advanced_Vocab,manifestation
APEUni_Reading_FIB_Advanced_Vocab,encroachment
APEUni_Reading_FIB_Advanced_Vocab,graphical
APEUni_Reading_FIB_Advanced_Vocab,overwhelm
APEUni_Reading_FIB_Advanced_Vocab,nuance
APEUni_Reading_FIB_Advanced_Vocab,democratise
APEUni_Reading_FIB_Advanced_Vocab,poll
APEUni_Reading_FIB_Advanced_Vocab,reassurance
APEUni_Reading_FIB_Advanced_Vocab,conserve
APEUni_Reading_FIB_Advanced_Vocab,molecular
APEUni_Reading_FIB_Advanced_Vocab,categorise
APEUni_Reading_FIB_Advanced_Vocab,attune
APEUni_Reading_FIB_Advanced_Vocab,composite
APEUni_Reading_FIB_Advanced_Vocab,intervention
APEUni_Reading_FIB_Advanced_Vocab,stabilise
APEUni_Reading_FIB_Advanced_Vocab,exceptional
APEUni_Reading_FIB_Advanced_Vocab,antibody
APEUni_Reading_FIB_Advanced_Vocab,respectability
APEUni_Reading_FIB_Advanced_Vocab,whereby
APEUni_Reading_FIB_Advanced_Vocab,formative
APEUni_Reading_FIB_Advanced_Vocab,destructive
APEUni_Reading_FIB_Advanced_Vocab,opus
APEUni_Reading_FIB_Advanced_Vocab,coax
APEUni_Reading_FIB_Advanced_Vocab,capability
APEUni_Reading_FIB_Advanced_Vocab,imagery
APEUni_Reading_FIB_Advanced_Vocab,barque
APEUni_Reading_FIB_Advanced_Vocab,steadfast
APEUni_Reading_FIB_Advanced_Vocab,environmentalist
APEUni_Reading_FIB_Advanced_Vocab,innate
APEUni_Reading_FIB_Advanced_Vocab,parasite
APEUni_Reading_FIB_Advanced_Vocab,environmental
APEUni_Reading_FIB_Advanced_Vocab,unscathed
APEUni_Reading_FIB_Advanced_Vocab,fluctuate
APEUni_Reading_FIB_Advanced_Vocab,constructive
APEUni_Reading_FIB_Advanced_Vocab,diminish
APEUni_Reading_FIB_Advanced_Vocab,recidivist
APEUni_Reading_FIB_Advanced_Vocab,retrieve
APEUni_Reading_FIB_Advanced_Vocab,councilman
APEUni_Reading_FIB_Advanced_Vocab,cringe
APEUni_Reading_FIB_Advanced_Vocab,dissipate
APEUni_Reading_FIB_Advanced_Vocab,imbed
APEUni_Reading_FIB_Advanced_Vocab,flatline
APEUni_Reading_FIB_Advanced_Vocab,equity
APEUni_Reading_FIB_Advanced_Vocab,concise
APEUni_Reading_FIB_Advanced_Vocab,predator
APEUni_Reading_FIB_Advanced_Vocab,catalogue
APEUni_Reading_FIB_Advanced_Vocab,shipment
APEUni_Reading_FIB_Advanced_Vocab,countless
APEUni_Reading_FIB_Advanced_Vocab,occupancy
APEUni_Reading_FIB_Advanced_Vocab,commence
APEUni_Reading_FIB_Advanced_Vocab,cornerstone
APEUni_Reading_FIB_Advanced_Vocab,gratification
APEUni_Reading_FIB_Advanced_Vocab,clinch
APEUni_Reading_FIB_Advanced_Vocab,genre
APEUni_Reading_FIB_Advanced_Vocab,subsidy
APEUni_Reading_FIB_Advanced_Vocab,erode
APEUni_Reading_FIB_Advanced_Vocab,elicit
APEUni_Reading_FIB_Advanced_Vocab,exotic
APEUni_Reading_FIB_Advanced_Vocab,ritual
APEUni_Reading_FIB_Advanced_Vocab,optimise
APEUni_Reading_FIB_Advanced_Vocab,distinct
APEUni_Reading_FIB_Advanced_Vocab,toddler
APEUni_Reading_FIB_Advanced_Vocab,levy
APEUni_Reading_FIB_Advanced_Vocab,nutrient
APEUni_Reading_FIB_Advanced_Vocab,fortify
APEUni_Reading_FIB_Advanced_Vocab,picturesque
APEUni_Reading_FIB_Advanced_Vocab,venom
APEUni_Reading_FIB_Advanced_Vocab,imperfect
APEUni_Reading_FIB_Advanced_Vocab,dweller
APEUni_Reading_FIB_Advanced_Vocab,plagiarism
APEUni_Reading_FIB_Advanced_Vocab,integral
APEUni_Reading_FIB_Advanced_Vocab,deteriorate
APEUni_Reading_FIB_Advanced_Vocab,desperate
APEUni_Reading_FIB_Advanced_Vocab,valuation
APEUni_Reading_FIB_Advanced_Vocab,delineate
APEUni_Reading_FIB_Advanced_Vocab,visualise
APEUni_Reading_FIB_Advanced_Vocab,replicate
APEUni_Reading_FIB_Advanced_Vocab,universalise
APEUni_Reading_FIB_Advanced_Vocab,revert
APEUni_Reading_FIB_Advanced_Vocab,degrade
APEUni_Reading_FIB_Advanced_Vocab,episode
APEUni_Reading_FIB_Advanced_Vocab,neurotoxic
APEUni_Reading_FIB_Advanced_Vocab,penalize
APEUni_Reading_FIB_Advanced_Vocab,acidification
APEUni_Reading_FIB_Advanced_Vocab,incompetent
APEUni_Reading_FIB_Advanced_Vocab,infinite
APEUni_Reading_FIB_Advanced_Vocab,emigre
APEUni_Reading_FIB_Advanced_Vocab,dominance
APEUni_Reading_FIB_Advanced_Vocab,intellectual
APEUni_Reading_FIB_Advanced_Vocab,dietary
APEUni_Reading_FIB_Advanced_Vocab,pore
APEUni_Reading_FIB_Advanced_Vocab,deterrence
APEUni_Reading_FIB_Advanced_Vocab,predominate
APEUni_Reading_FIB_Advanced_Vocab,prerequisite
APEUni_Reading_FIB_Advanced_Vocab,payoff
APEUni_Reading_FIB_Advanced_Vocab,unforeseen
APEUni_Reading_FIB_Advanced_Vocab,simulation
APEUni_Reading_FIB_Advanced_Vocab,signify
APEUni_Reading_FIB_Advanced_Vocab,predate
APEUni_Reading_FIB_Advanced_Vocab,fatality
APEUni_Reading_FIB_Advanced_Vocab,indistinguishable
APEUni_Reading_FIB_Advanced_Vocab,salient
APEUni_Reading_FIB_Advanced_Vocab,ingest
APEUni_Reading_FIB_Advanced_Vocab,transitional
APEUni_Reading_FIB_Advanced_Vocab,hydrocarbon
APEUni_Reading_FIB_Advanced_Vocab,subordinate
APEUni_Reading_FIB_Advanced_Vocab,astronomer
APEUni_Reading_FIB_Advanced_Vocab,suffocation
APEUni_Reading_FIB_Advanced_Vocab,arduous
APEUni_Reading_FIB_Advanced_Vocab,speculation
APEUni_Reading_FIB_Advanced_Vocab,dedicate
APEUni_Reading_FIB_Advanced_Vocab,prey
APEUni_Reading_FIB_Advanced_Vocab,seduce
APEUni_Reading_FIB_Advanced_Vocab,disqualify
APEUni_Reading_FIB_Advanced_Vocab,inject
APEUni_Reading_FIB_Advanced_Vocab,prestigious
APEUni_Reading_FIB_Advanced_Vocab,outpatient
APEUni_Reading_FIB_Advanced_Vocab,inequity
APEUni_Reading_FIB_Advanced_Vocab,pervasive
APEUni_Reading_FIB_Advanced_Vocab,guarantor
APEUni_Reading_FIB_Advanced_Vocab,surpass
APEUni_Reading_FIB_Advanced_Vocab,substantial
APEUni_Reading_FIB_Advanced_Vocab,constrain
APEUni_Reading_FIB_Advanced_Vocab,allegiance
APEUni_Reading_FIB_Advanced_Vocab,void
APEUni_Reading_FIB_Advanced_Vocab,profound
APEUni_Reading_FIB_Advanced_Vocab,amidst
APEUni_Reading_FIB_Advanced_Vocab,engender
APEUni_Reading_FIB_Advanced_Vocab,audacious
APEUni_Reading_FIB_Advanced_Vocab,allocate
APEUni_Reading_FIB_Advanced_Vocab,corollary
APEUni_Reading_FIB_Advanced_Vocab,forerunner
APEUni_Reading_FIB_Advanced_Vocab,commonplace
APEUni_Reading_FIB_Advanced_Vocab,vulnerable
APEUni_Reading_FIB_Advanced_Vocab,contaminate
APEUni_Reading_FIB_Advanced_Vocab,equate
APEUni_Reading_FIB_Advanced_Vocab,fantastic
APEUni_Reading_FIB_Advanced_Vocab,insight
APEUni_Reading_FIB_Advanced_Vocab,stubborn
APEUni_Reading_FIB_Advanced_Vocab,dedication
APEUni_Reading_FIB_Advanced_Vocab,abundance
APEUni_Reading_FIB_Advanced_Vocab,incidence
APEUni_Reading_FIB_Advanced_Vocab,cohesive
APEUni_Reading_FIB_Advanced_Vocab,re-emit
APEUni_Reading_FIB_Advanced_Vocab,groundbreaking
APEUni_Reading_FIB_Advanced_Vocab,unsuspecting
APEUni_Reading_FIB_Advanced_Vocab,fake
APEUni_Reading_FIB_Advanced_Vocab,sophisticate
APEUni_Reading_FIB_Advanced_Vocab,jurisdiction
APEUni_Reading_FIB_Advanced_Vocab,chronicle
APEUni_Reading_FIB_Advanced_Vocab,intricate
APEUni_Reading_FIB_Advanced_Vocab,hinge
APEUni_Reading_FIB_Advanced_Vocab,aspiration
APEUni_Reading_FIB_Advanced_Vocab,divert
APEUni_Reading_FIB_Advanced_Vocab,laborious
APEUni_Reading_FIB_Advanced_Vocab,distracted
APEUni_Reading_FIB_Advanced_Vocab,misperceive
APEUni_Reading_FIB_Advanced_Vocab,innovator
APEUni_Reading_FIB_Advanced_Vocab,seemingly
APEUni_Reading_FIB_Advanced_Vocab,verse
APEUni_Reading_FIB_Advanced_Vocab,prospective
APEUni_Reading_FIB_Advanced_Vocab,slideshow
APEUni_Reading_FIB_Advanced_Vocab,inoculate
APEUni_Reading_FIB_Advanced_Vocab,partnership
APEUni_Reading_FIB_Advanced_Vocab,distract
APEUni_Reading_FIB_Advanced_Vocab,contender
APEUni_Reading_FIB_Advanced_Vocab,nanotube
APEUni_Reading_FIB_Advanced_Vocab,inconsistent
APEUni_Reading_FIB_Advanced_Vocab,vaccination
APEUni_Reading_FIB_Advanced_Vocab,disposable
APEUni_Reading_FIB_Advanced_Vocab,consecutive
APEUni_Reading_FIB_Advanced_Vocab,tranquillity
APEUni_Reading_FIB_Advanced_Vocab,prosecution
APEUni_Reading_FIB_Advanced_Vocab,asset
APEUni_Reading_FIB_Advanced_Vocab,minimise
APEUni_Reading_FIB_Advanced_Vocab,ingrain
APEUni_Reading_FIB_Advanced_Vocab,survivor
APEUni_Reading_FIB_Advanced_Vocab,saturate
APEUni_Reading_FIB_Advanced_Vocab,whopping
APEUni_Reading_FIB_Advanced_Vocab,physiology
APEUni_Reading_FIB_Advanced_Vocab,disproportionate
APEUni_Reading_FIB_Advanced_Vocab,dispersal
APEUni_Reading_FIB_Advanced_Vocab,apt
APEUni_Reading_FIB_Advanced_Vocab,therapeutic
APEUni_Reading_FIB_Advanced_Vocab,eavesdrop
APEUni_Reading_FIB_Advanced_Vocab,habitable
APEUni_Reading_FIB_Advanced_Vocab,irritating
APEUni_Reading_FIB_Advanced_Vocab,expertise
APEUni_Reading_FIB_Advanced_Vocab,analyse
APEUni_Reading_FIB_Advanced_Vocab,symbolic
APEUni_Reading_FIB_Advanced_Vocab,hinder
APEUni_Reading_FIB_Advanced_Vocab,suspend
APEUni_Reading_FIB_Advanced_Vocab,wander
APEUni_Reading_FIB_Advanced_Vocab,passionate
APEUni_Reading_FIB_Advanced_Vocab,parallel
APEUni_Reading_FIB_Advanced_Vocab,mimic
APEUni_Reading_FIB_Advanced_Vocab,reminder
APEUni_Reading_FIB_Advanced_Vocab,progression
APEUni_Reading_FIB_Advanced_Vocab,respiratory
APEUni_Reading_FIB_Advanced_Vocab,boundless
APEUni_Reading_FIB_Advanced_Vocab,spectacular
APEUni_Reading_FIB_Advanced_Vocab,discourse
APEUni_Reading_FIB_Advanced_Vocab,inadequate
APEUni_Reading_FIB_Advanced_Vocab,automate
APEUni_Reading_FIB_Advanced_Vocab,consultant
APEUni_Reading_FIB_Advanced_Vocab,obsolete
APEUni_Reading_FIB_Advanced_Vocab,confront
APEUni_Reading_FIB_Advanced_Vocab,dominate
APEUni_Reading_FIB_Advanced_Vocab,algae
APEUni_Reading_FIB_Advanced_Vocab,illusion
APEUni_Reading_FIB_Advanced_Vocab,pathology
APEUni_Reading_FIB_Advanced_Vocab,expenditure
APEUni_Reading_FIB_Advanced_Vocab,reckon
APEUni_Reading_FIB_Advanced_Vocab,visually
APEUni_Reading_FIB_Advanced_Vocab,metaphor
APEUni_Reading_FIB_Advanced_Vocab,shimmery
APEUni_Reading_FIB_Advanced_Vocab,utterance
APEUni_Reading_FIB_Advanced_Vocab,stimulus
APEUni_Reading_FIB_Advanced_Vocab,delve
APEUni_Reading_FIB_Advanced_Vocab,smartphone
APEUni_Reading_FIB_Advanced_Vocab,expressive
APEUni_Reading_FIB_Advanced_Vocab,authentic
APEUni_Reading_FIB_Advanced_Vocab,unrivalled
APEUni_Reading_FIB_Advanced_Vocab,weird
APEUni_Reading_FIB_Advanced_Vocab,electorate
APEUni_Reading_FIB_Advanced_Vocab,symbolise
APEUni_Reading_FIB_Advanced_Vocab,imbalance
APEUni_Reading_FIB_Advanced_Vocab,novelty
APEUni_Reading_FIB_Advanced_Vocab,overemphasize
APEUni_Reading_FIB_Advanced_Vocab,shareholder
APEUni_Reading_FIB_Advanced_Vocab,engagement
APEUni_Reading_FIB_Advanced_Vocab,hone
APEUni_Reading_FIB_Advanced_Vocab,geospatial
APEUni_Reading_FIB_Advanced_Vocab,slither
APEUni_Reading_FIB_Advanced_Vocab,mechanism
APEUni_Reading_FIB_Advanced_Vocab,diagnose
APEUni_Reading_FIB_Advanced_Vocab,provoke
APEUni_Reading_FIB_Advanced_Vocab,instinctual
APEUni_Reading_FIB_Advanced_Vocab,infection
APEUni_Reading_FIB_Advanced_Vocab,derision
APEUni_Reading_FIB_Advanced_Vocab,responsive
APEUni_Reading_FIB_Advanced_Vocab,definitive
APEUni_Reading_FIB_Advanced_Vocab,esthetic
APEUni_Reading_FIB_Advanced_Vocab,coordination
APEUni_Reading_FIB_Advanced_Vocab,avid
APEUni_Reading_FIB_Advanced_Vocab,progressive
APEUni_Reading_FIB_Advanced_Vocab,perspective
APEUni_Reading_FIB_Advanced_Vocab,hereditary
APEUni_Reading_FIB_Advanced_Vocab,obsessive
APEUni_Reading_FIB_Advanced_Vocab,massive
APEUni_Reading_FIB_Advanced_Vocab,culpability
APEUni_Reading_FIB_Advanced_Vocab,brownie
APEUni_Reading_FIB_Advanced_Vocab,trio
APEUni_Reading_FIB_Advanced_Vocab,corporate
APEUni_Reading_FIB_Advanced_Vocab,regimen
APEUni_Reading_FIB_Advanced_Vocab,rocky
APEUni_Reading_FIB_Advanced_Vocab,odoriferous
APEUni_Reading_FIB_Advanced_Vocab,beholder
APEUni_Reading_FIB_Advanced_Vocab,counterpart
APEUni_Reading_FIB_Advanced_Vocab,enigma
APEUni_Reading_FIB_Advanced_Vocab,obsess
APEUni_Reading_FIB_Advanced_Vocab,debris
APEUni_Reading_FIB_Advanced_Vocab,royalty
APEUni_Reading_FIB_Advanced_Vocab,adjoin
APEUni_Reading_FIB_Advanced_Vocab,sedentary
APEUni_Reading_FIB_Advanced_Vocab,prosper
APEUni_Reading_FIB_Advanced_Vocab,forage
APEUni_Reading_FIB_Advanced_Vocab,unethical
APEUni_Reading_FIB_Advanced_Vocab,statistical
APEUni_Reading_FIB_Advanced_Vocab,philanthropist
APEUni_Reading_FIB_Advanced_Vocab,covet
APEUni_Reading_FIB_Advanced_Vocab,contraction
APEUni_Reading_FIB_Advanced_Vocab,exacerbate
APEUni_Reading_FIB_Advanced_Vocab,invigilator
APEUni_Reading_FIB_Advanced_Vocab,enforcement
APEUni_Reading_FIB_Advanced_Vocab,pest
APEUni_Reading_FIB_Advanced_Vocab,disruptive
APEUni_Reading_FIB_Advanced_Vocab,interplay
APEUni_Reading_FIB_Advanced_Vocab,lone
APEUni_Reading_FIB_Advanced_Vocab,unwitting
APEUni_Reading_FIB_Advanced_Vocab,cultivate
APEUni_Reading_FIB_Advanced_Vocab,rationalize
APEUni_Reading_FIB_Advanced_Vocab,facet
APEUni_Reading_FIB_Advanced_Vocab,revenue
APEUni_Reading_FIB_Advanced_Vocab,strive
APEUni_Reading_FIB_Advanced_Vocab,disorient
APEUni_Reading_FIB_Advanced_Vocab,diverge
APEUni_Reading_FIB_Advanced_Vocab,civilisation
APEUni_Reading_FIB_Advanced_Vocab,suspicious
APEUni_Reading_FIB_Advanced_Vocab,conviction
APEUni_Reading_FIB_Advanced_Vocab,deliberate
APEUni_Reading_FIB_Advanced_Vocab,fascinate
APEUni_Reading_FIB_Advanced_Vocab,venue
APEUni_Reading_FIB_Advanced_Vocab,devastate
APEUni_Reading_FIB_Advanced_Vocab,cumbersome
APEUni_Reading_FIB_Advanced_Vocab,vaccine
APEUni_Reading_FIB_Advanced_Vocab,proficiency
APEUni_Reading_FIB_Advanced_Vocab,receptor
APEUni_Reading_FIB_Advanced_Vocab,freshwater
APEUni_Reading_FIB_Advanced_Vocab,deterrent
APEUni_Reading_FIB_Advanced_Vocab,articulate
APEUni_Reading_FIB_Advanced_Vocab,integrate
APEUni_Reading_FIB_Advanced_Vocab,awareness
APEUni_Reading_FIB_Advanced_Vocab,utopian
APEUni_Reading_FIB_Advanced_Vocab,intake
APEUni_Reading_FIB_Advanced_Vocab,guaranty
APEUni_Reading_FIB_Advanced_Vocab,hormone
APEUni_Reading_FIB_Advanced_Vocab,depict
APEUni_Reading_FIB_Advanced_Vocab,baseline
APEUni_Reading_FIB_Advanced_Vocab,cavity
APEUni_Reading_FIB_Advanced_Vocab,characterise
APEUni_Reading_FIB_Advanced_Vocab,tenacity
APEUni_Reading_FIB_Advanced_Vocab,mar
APEUni_Reading_FIB_Advanced_Vocab,credibility
APEUni_Reading_FIB_Advanced_Vocab,serum
APEUni_Reading_FIB_Advanced_Vocab,frigid
APEUni_Reading_FIB_Advanced_Vocab,vocalisation
APEUni_Reading_FIB_Advanced_Vocab,minimal
APEUni_Reading_FIB_Advanced_Vocab,interactive
APEUni_Reading_FIB_Advanced_Vocab,momentum
APEUni_Reading_FIB_Advanced_Vocab,commemorate
APEUni_Reading_FIB_Advanced_Vocab,impetus
APEUni_Reading_FIB_Advanced_Vocab,assertive
APEUni_Reading_FIB_Advanced_Vocab,abide
APEUni_Reading_FIB_Advanced_Vocab,splurge
APEUni_Reading_FIB_Advanced_Vocab,disperse
APEUni_Reading_FIB_Advanced_Vocab,marvel
APEUni_Reading_FIB_Advanced_Vocab,considerable
APEUni_Reading_FIB_Advanced_Vocab,unorthodox
APEUni_Reading_FIB_Advanced_Vocab,sovereignty
APEUni_Reading_FIB_Advanced_Vocab,stellar
APEUni_Reading_FIB_Advanced_Vocab,distinctive
APEUni_Reading_FIB_Advanced_Vocab,original
APEUni_Reading_FIB_Advanced_Vocab,domain
APEUni_Reading_FIB_Advanced_Vocab,flange
APEUni_Reading_FIB_Advanced_Vocab,fabric
APEUni_Reading_FIB_Advanced_Vocab,therapist
APEUni_Reading_FIB_Advanced_Vocab,microscopic
APEUni_Reading_FIB_Advanced_Vocab,nourishment
APEUni_Reading_FIB_Advanced_Vocab,demographic
APEUni_Reading_FIB_Advanced_Vocab,unsustainable
APEUni_Reading_FIB_Advanced_Vocab,benchmark
APEUni_Reading_FIB_Advanced_Vocab,deplete
APEUni_Reading_FIB_Advanced_Vocab,attire
APEUni_Reading_FIB_Advanced_Vocab,sociable
APEUni_Reading_FIB_Advanced_Vocab,implicit
APEUni_Reading_FIB_Advanced_Vocab,selective
APEUni_Reading_FIB_Advanced_Vocab,surveyor
APEUni_Reading_FIB_Advanced_Vocab,reintroduce
APEUni_Reading_FIB_Advanced_Vocab,perception
APEUni_Reading_FIB_Advanced_Vocab,absorption
APEUni_Reading_FIB_Advanced_Vocab,domination
APEUni_Reading_FIB_Advanced_Vocab,magnitude
APEUni_Reading_FIB_Advanced_Vocab,vehicular
APEUni_Reading_FIB_Advanced_Vocab,transcription
APEUni_Reading_FIB_Advanced_Vocab,conflate
APEUni_Reading_FIB_Advanced_Vocab,conditional
APEUni_Reading_FIB_Advanced_Vocab,harrow
APEUni_Reading_FIB_Advanced_Vocab,genetic
APEUni_Reading_FIB_Advanced_Vocab,wetland
APEUni_Reading_FIB_Advanced_Vocab,browser
APEUni_Reading_FIB_Advanced_Vocab,peak
APEUni_Reading_FIB_Advanced_Vocab,biological
APEUni_Reading_FIB_Advanced_Vocab,payment
APEUni_Reading_FIB_Advanced_Vocab,cognitive
APEUni_Reading_FIB_Advanced_Vocab,humanity
APEUni_Reading_FIB_Advanced_Vocab,particle
APEUni_Reading_FIB_Advanced_Vocab,conservancy
APEUni_Reading_FIB_Advanced_Vocab,galaxy
APEUni_Reading_FIB_Advanced_Vocab,syllable
APEUni_Reading_FIB_Advanced_Vocab,curriculum
APEUni_Reading_FIB_Advanced_Vocab,sustainable
APEUni_Reading_FIB_Advanced_Vocab,globalisation
APEUni_Reading_FIB_Advanced_Vocab,sociology
APEUni_Reading_FIB_Advanced_Vocab,reef
APEUni_Reading_FIB_Advanced_Vocab,cocoanut
APEUni_Reading_FIB_Advanced_Vocab,biodiversity
APEUni_Reading_FIB_Advanced_Vocab,complementary
APEUni_Reading_FIB_Advanced_Vocab,migration
APEUni_Reading_FIB_Advanced_Vocab,cosmetic
APEUni_Reading_FIB_Advanced_Vocab,migrate
APEUni_Reading_FIB_Advanced_Vocab,debtor
APEUni_Reading_FIB_Advanced_Vocab,fertility
APEUni_Reading_FIB_Advanced_Vocab,typically
APEUni_Reading_FIB_Advanced_Vocab,circulation
APEUni_Reading_FIB_Advanced_Vocab,internationally
APEUni_Reading_FIB_Advanced_Vocab,microbiology
APEUni_Reading_FIB_Advanced_Vocab,contribution
APEUni_Reading_FIB_Advanced_Vocab,obesity
APEUni_Reading_FIB_Advanced_Vocab,mammal
APEUni_Reading_FIB_Advanced_Vocab,placebo
APEUni_Reading_FIB_Advanced_Vocab,innovation
APEUni_Reading_FIB_Advanced_Vocab,proceeding
APEUni_Reading_FIB_Advanced_Vocab,rodent
APEUni_Reading_FIB_Advanced_Vocab,hypothesis
APEUni_Reading_FIB_Advanced_Vocab,copyright
APEUni_Reading_FIB_Advanced_Vocab,sensor
APEUni_Reading_FIB_Advanced_Vocab,cane
APEUni_Reading_FIB_Advanced_Vocab,perceive
APEUni_Reading_FIB_Advanced_Vocab,guideline
APEUni_Reading_FIB_Advanced_Vocab,predominant
APEUni_Reading_FIB_Advanced_Vocab,ingredient
APEUni_Reading_FIB_Advanced_Vocab,emerald
APEUni_Reading_FIB_Advanced_Vocab,indigenous
APEUni_Reading_FIB_Advanced_Vocab,moth
APEUni_Reading_FIB_Advanced_Vocab,utilise
APEUni_Reading_FIB_Advanced_Vocab,arena
APEUni_Reading_FIB_Advanced_Vocab,archeologist
APEUni_Reading_FIB_Advanced_Vocab,implementation
APEUni_Reading_FIB_Advanced_Vocab,profile
APEUni_Reading_FIB_Advanced_Vocab,peacekeeping
APEUni_Reading_FIB_Advanced_Vocab,medalist
APEUni_Reading_FIB_Advanced_Vocab,flexibility
APEUni_Reading_FIB_Advanced_Vocab,shrimp
APEUni_Reading_FIB_Advanced_Vocab,therapy
APEUni_Reading_FIB_Advanced_Vocab,panel
APEUni_Reading_FIB_Advanced_Vocab,iceberg
APEUni_Reading_FIB_Advanced_Vocab,penetrate
APEUni_Reading_FIB_Advanced_Vocab,neuron
APEUni_Reading_FIB_Advanced_Vocab,delegate
APEUni_Reading_FIB_Advanced_Vocab,Buddhist
APEUni_Reading_FIB_Advanced_Vocab,enhancement
APEUni_Reading_FIB_Advanced_Vocab,dioxide
APEUni_Reading_FIB_Advanced_Vocab,coral
APEUni_Reading_FIB_Advanced_Vocab,permanent
APEUni_Reading_FIB_Advanced_Vocab,moveable
APEUni_Reading_FIB_Advanced_Vocab,biomedical
APEUni_Reading_FIB_Advanced_Vocab,quantitative
APEUni_Reading_FIB_Advanced_Vocab,segment
APEUni_Reading_FIB_Advanced_Vocab,herbicide
APEUni_Reading_FIB_Advanced_Vocab,agrarian
APEUni_Reading_FIB_Advanced_Vocab,maximise
APEUni_Reading_FIB_Advanced_Vocab,arctic
APEUni_Reading_FIB_Advanced_Vocab,cottonwood
APEUni_Reading_FIB_Advanced_Vocab,specialise
APEUni_Reading_FIB_Advanced_Vocab,mammoth
APEUni_Reading_FIB_Advanced_Vocab,diabetes
APEUni_Reading_FIB_Advanced_Vocab,herbal
APEUni_Reading_FIB_Advanced_Vocab,renewable
APEUni_Reading_FIB_Advanced_Vocab,extinction
APEUni_Reading_FIB_Advanced_Vocab,submissive
APEUni_Reading_FIB_Advanced_Vocab,editorial
APEUni_Reading_FIB_Advanced_Vocab,architect
APEUni_Reading_FIB_Advanced_Vocab,voter
APEUni_Reading_FIB_Advanced_Vocab,seminar
APEUni_Reading_FIB_Advanced_Vocab,paraphrase
APEUni_Reading_FIB_Advanced_Vocab,mortality
APEUni_Reading_FIB_Advanced_Vocab,isolation
APEUni_Reading_FIB_Advanced_Vocab,cosmic
APEUni_Reading_FIB_Advanced_Vocab,hue
APEUni_Reading_FIB_Advanced_Vocab,intrigue
APEUni_Reading_FIB_Advanced_Vocab,elite
APEUni_Reading_FIB_Advanced_Vocab,indicator
APEUni_Reading_FIB_Advanced_Vocab,innovative
APEUni_Reading_FIB_Advanced_Vocab,linear
APEUni_Reading_FIB_Advanced_Vocab,identifiable
APEUni_Reading_FIB_Advanced_Vocab,behavioural
APEUni_Reading_FIB_Advanced_Vocab,unprecedented
APEUni_Reading_FIB_Advanced_Vocab,vocal
APEUni_Reading_FIB_Advanced_Vocab,morality
APEUni_Reading_FIB_Advanced_Vocab,accountant
APEUni_Reading_FIB_Advanced_Vocab,trait
APEUni_Reading_FIB_Advanced_Vocab,entrepreneur
APEUni_Reading_FIB_Advanced_Vocab,truant
APEUni_Reading_FIB_Advanced_Vocab,initiative
APEUni_Reading_FIB_Advanced_Vocab,depression
APEUni_Reading_FIB_Advanced_Vocab,physiological
APEUni_Reading_FIB_Advanced_Vocab,photography
APEUni_Reading_FIB_Advanced_Vocab,nectar
APEUni_Reading_FIB_Advanced_Vocab,prototype
APEUni_Reading_FIB_Advanced_Vocab,posture
APEUni_Reading_FIB_Advanced_Vocab,caterpillar
APEUni_Reading_FIB_Advanced_Vocab,millennium
APEUni_Reading_FIB_Advanced_Vocab,genome
APEUni_Reading_FIB_Advanced_Vocab,eruption
APEUni_Reading_FIB_Advanced_Vocab,fundamental
APEUni_Reading_FIB_Advanced_Vocab,clinical
APEUni_Reading_FIB_Advanced_Vocab,cluster
APEUni_Reading_FIB_Advanced_Vocab,audition
APEUni_Reading_FIB_Advanced_Vocab,pesticide
APEUni_Reading_FIB_Advanced_Vocab,archeology
APEUni_Reading_FIB_Advanced_Vocab,pedestrian
APEUni_Reading_FIB_Advanced_Vocab,inadvertently
APEUni_Reading_FIB_Advanced_Vocab,peanut
APEUni_Reading_FIB_Advanced_Vocab,calcium
APEUni_Reading_FIB_Advanced_Vocab,psychologist
APEUni_Reading_FIB_Advanced_Vocab,palm
APEUni_Reading_FIB_Advanced_Vocab,spike
APEUni_Reading_FIB_Advanced_Vocab,pollen
APEUni_Reading_FIB_Advanced_Vocab,nutritional
APEUni_Reading_FIB_Advanced_Vocab,anthropologist
APEUni_Reading_FIB_Advanced_Vocab,impair
APEUni_Reading_FIB_Advanced_Vocab,dwell
APEUni_Reading_FIB_Advanced_Vocab,representation
APEUni_Reading_FIB_Advanced_Vocab,complexity
APEUni_Reading_FIB_Advanced_Vocab,dramatical
APEUni_Reading_FIB_Advanced_Vocab,toxin
APEUni_Reading_FIB_Advanced_Vocab,miraculous
APEUni_Reading_FIB_Advanced_Vocab,invasive
APEUni_Reading_FIB_Advanced_Vocab,glamour
APEUni_Reading_FIB_Advanced_Vocab,entity
APEUni_Reading_FIB_Advanced_Vocab,clown
APEUni_Reading_FIB_Advanced_Vocab,pollinate
APEUni_Reading_FIB_Advanced_Vocab,distortion
APEUni_Reading_FIB_Advanced_Vocab,sizeable
APEUni_Reading_FIB_Advanced_Vocab,auditory
APEUni_Reading_FIB_Advanced_Vocab,peasantry
APEUni_Reading_FIB_Advanced_Vocab,reproductive
APEUni_Reading_FIB_Advanced_Vocab,imperial
APEUni_Reading_FIB_Advanced_Vocab,fertiliser
APEUni_Reading_FIB_Advanced_Vocab,distraction
APEUni_Reading_FIB_Advanced_Vocab,biocontrol
APEUni_Reading_FIB_Advanced_Vocab,influx
APEUni_Reading_FIB_Advanced_Vocab,advisor
APEUni_Reading_FIB_Advanced_Vocab,ministerial
APEUni_Reading_FIB_Advanced_Vocab,scenario
APEUni_Reading_FIB_Advanced_Vocab,impressionism
APEUni_Reading_FIB_Advanced_Vocab,designate
APEUni_Reading_FIB_Advanced_Vocab,octopus
APEUni_Reading_FIB_Advanced_Vocab,motherese
APEUni_Reading_FIB_Advanced_Vocab,metropolis
APEUni_Reading_FIB_Advanced_Vocab,beetle
APEUni_Reading_FIB_Advanced_Vocab,folklore
APEUni_Reading_FIB_Advanced_Vocab,gravitational
APEUni_Reading_FIB_Advanced_Vocab,offspring
APEUni_Reading_FIB_Advanced_Vocab,viper
APEUni_Reading_FIB_Advanced_Vocab,cue
APEUni_Reading_FIB_Advanced_Vocab,counsel
APEUni_Reading_FIB_Advanced_Vocab,conceive
APEUni_Reading_FIB_Advanced_Vocab,rumble
APEUni_Reading_FIB_Advanced_Vocab,dome
APEUni_Reading_FIB_Advanced_Vocab,maple
APEUni_Reading_FIB_Advanced_Vocab,controversy
APEUni_Reading_FIB_Advanced_Vocab,migrant
APEUni_Reading_FIB_Advanced_Vocab,interdisciplinary
APEUni_Reading_FIB_Advanced_Vocab,advertisement
APEUni_Reading_FIB_Advanced_Vocab,metabolism
APEUni_Reading_FIB_Advanced_Vocab,drowsy
APEUni_Reading_FIB_Advanced_Vocab,shipwreck
APEUni_Reading_FIB_Advanced_Vocab,allergic
APEUni_Reading_FIB_Advanced_Vocab,unauthorised
APEUni_Reading_FIB_Advanced_Vocab,overdue
APEUni_Reading_FIB_Advanced_Vocab,proximity
APEUni_Reading_FIB_Advanced_Vocab,variolation
APEUni_Reading_FIB_Advanced_Vocab,resultant
APEUni_Reading_FIB_Advanced_Vocab,vibrant
APEUni_Reading_FIB_Advanced_Vocab,ramp
APEUni_Reading_FIB_Advanced_Vocab,integrity
APEUni_Reading_FIB_Advanced_Vocab,irrigate
APEUni_Reading_FIB_Advanced_Vocab,barcode
APEUni_Reading_FIB_Advanced_Vocab,canine
APEUni_Reading_FIB_Advanced_Vocab,trade-off
APEUni_Reading_FIB_Advanced_Vocab,rampant
APEUni_Reading_FIB_Advanced_Vocab,geological
APEUni_Reading_FIB_Advanced_Vocab,endurance
APEUni_Reading_FIB_Advanced_Vocab,virtual
APEUni_Reading_FIB_Advanced_Vocab,periodic
APEUni_Reading_FIB_Advanced_Vocab,elevation
APEUni_Reading_FIB_Advanced_Vocab,epidemic
APEUni_Reading_FIB_Advanced_Vocab,photographer
APEUni_Reading_FIB_Advanced_Vocab,juror
APEUni_Reading_FIB_Advanced_Vocab,crucial
APEUni_Reading_FIB_Advanced_Vocab,disrupt
APEUni_Reading_FIB_Advanced_Vocab,stance
APEUni_Reading_FIB_Advanced_Vocab,everest
APEUni_Reading_FIB_Advanced_Vocab,iridescent
APEUni_Reading_FIB_Advanced_Vocab,gear
APEUni_Reading_FIB_Advanced_Vocab,toxic
APEUni_Reading_FIB_Advanced_Vocab,identity
APEUni_Reading_FIB_Advanced_Vocab,flip
APEUni_Reading_FIB_Advanced_Vocab,stroll
APEUni_Reading_FIB_Advanced_Vocab,duel
APEUni_Reading_FIB_Advanced_Vocab,spawn
APEUni_Reading_FIB_Advanced_Vocab,salmon
APEUni_Reading_FIB_Advanced_Vocab,developmental
APEUni_Reading_FIB_Advanced_Vocab,bishop
APEUni_Reading_FIB_Advanced_Vocab,artery
APEUni_Reading_FIB_Advanced_Vocab,stun
APEUni_Reading_FIB_Advanced_Vocab,inevitable
APEUni_Reading_FIB_Advanced_Vocab,potential
APEUni_Reading_FIB_Advanced_Vocab,revolutionise
APEUni_Reading_FIB_Advanced_Vocab,buck
APEUni_Reading_FIB_Advanced_Vocab,socioeconomic
APEUni_Reading_FIB_Advanced_Vocab,patent
APEUni_Reading_FIB_Advanced_Vocab,cultivation
APEUni_Reading_FIB_Advanced_Vocab,artefact
APEUni_Reading_FIB_Advanced_Vocab,simplistic
APEUni_Reading_FIB_Advanced_Vocab,bard
APEUni_Reading_FIB_Advanced_Vocab,exploration
APEUni_Reading_FIB_Advanced_Vocab,archive
APEUni_Reading_FIB_Advanced_Vocab,anthropology
APEUni_Reading_FIB_Advanced_Vocab,vicious
APEUni_Reading_FIB_Advanced_Vocab,respondent
APEUni_Reading_FIB_Advanced_Vocab,entitlement
APEUni_Reading_FIB_Advanced_Vocab,plausible
APEUni_Reading_FIB_Advanced_Vocab,sentiment
APEUni_Reading_FIB_Advanced_Vocab,insulin
APEUni_Reading_FIB_Advanced_Vocab,sheer
APEUni_Reading_FIB_Advanced_Vocab,excavate
APEUni_Reading_FIB_Advanced_Vocab,offence
APEUni_Reading_FIB_Advanced_Vocab,console
APEUni_Reading_FIB_Advanced_Vocab,gut
APEUni_Reading_FIB_Advanced_Vocab,forum
APEUni_Reading_FIB_Advanced_Vocab,exploratory
APEUni_Reading_FIB_Advanced_Vocab,accordion
APEUni_Reading_FIB_Advanced_Vocab,tidal
APEUni_Reading_FIB_Advanced_Vocab,landmark
APEUni_Reading_FIB_Advanced_Vocab,constitutional
APEUni_Reading_FIB_Advanced_Vocab,willow
APEUni_Reading_FIB_Advanced_Vocab,sidewalk
APEUni_Reading_FIB_Advanced_Vocab,beaver
APEUni_Reading_FIB_Advanced_Vocab,soybean
APEUni_Reading_FIB_Advanced_Vocab,remittance
APEUni_Reading_FIB_Advanced_Vocab,archeological
APEUni_Reading_FIB_Advanced_Vocab,lush
APEUni_Reading_FIB_Advanced_Vocab,doctoral
APEUni_Reading_FIB_Advanced_Vocab,peacemaker
APEUni_Reading_FIB_Advanced_Vocab,profitable
APEUni_Reading_FIB_Advanced_Vocab,biomass
APEUni_Reading_FIB_Advanced_Vocab,overture
APEUni_Reading_FIB_Advanced_Vocab,sociological
APEUni_Reading_FIB_Advanced_Vocab,demolish
APEUni_Reading_FIB_Advanced_Vocab,dynamics
APEUni_Reading_FIB_Advanced_Vocab,cacophony
APEUni_Reading_FIB_Advanced_Vocab,linger
APEUni_Reading_FIB_Advanced_Vocab,subterranean
APEUni_Reading_FIB_Advanced_Vocab,invert
APEUni_Reading_FIB_Advanced_Vocab,superstition
APEUni_Reading_FIB_Advanced_Vocab,divergent
APEUni_Reading_FIB_Advanced_Vocab,migraine
APEUni_Reading_FIB_Advanced_Vocab,medication
APEUni_Reading_FIB_Advanced_Vocab,plaque
APEUni_Reading_FIB_Advanced_Vocab,extinct
APEUni_Reading_FIB_Advanced_Vocab,recession
APEUni_Reading_FIB_Advanced_Vocab,flute
APEUni_Reading_FIB_Advanced_Vocab,falcon
APEUni_Reading_FIB_Advanced_Vocab,remnant
APEUni_Reading_FIB_Advanced_Vocab,longevity
APEUni_Reading_FIB_Advanced_Vocab,preconceive
APEUni_Reading_FIB_Advanced_Vocab,astronomical
APEUni_Reading_FIB_Advanced_Vocab,reproduction
APEUni_Reading_FIB_Advanced_Vocab,breathtaking
APEUni_Reading_FIB_Advanced_Vocab,fingermark
APEUni_Reading_FIB_Advanced_Vocab,granular
APEUni_Reading_FIB_Advanced_Vocab,feasibility
APEUni_Reading_FIB_Advanced_Vocab,sniff
APEUni_Reading_FIB_Advanced_Vocab,sibling
APEUni_Reading_FIB_Advanced_Vocab,hamstring
APEUni_Reading_FIB_Advanced_Vocab,inclusion
APEUni_Reading_FIB_Advanced_Vocab,dominant
APEUni_Reading_FIB_Advanced_Vocab,heritable
APEUni_Reading_FIB_Advanced_Vocab,legitimate
APEUni_Reading_FIB_Advanced_Vocab,optimal
APEUni_Reading_FIB_Advanced_Vocab,naturalist
APEUni_Reading_FIB_Advanced_Vocab,connotation
APEUni_Reading_FIB_Advanced_Vocab,geothermal
APEUni_Reading_FIB_Advanced_Vocab,technological
APEUni_Reading_FIB_Advanced_Vocab,counterfactual
APEUni_Reading_FIB_Advanced_Vocab,soar
APEUni_Reading_FIB_Advanced_Vocab,underway
APEUni_Reading_FIB_Advanced_Vocab,observational
APEUni_Reading_FIB_Advanced_Vocab,severity
APEUni_Reading_FIB_Advanced_Vocab,encompass
APEUni_Reading_FIB_Advanced_Vocab,cumulative
APEUni_Reading_FIB_Advanced_Vocab,temperate
APEUni_Reading_FIB_Advanced_Vocab,constraint
APEUni_Reading_FIB_Advanced_Vocab,housekeep
APEUni_Reading_FIB_Advanced_Vocab,alley
APEUni_Reading_FIB_Advanced_Vocab,inheritance
APEUni_Reading_FIB_Advanced_Vocab,conception
APEUni_Reading_FIB_Advanced_Vocab,functionality
APEUni_Reading_FIB_Advanced_Vocab,asteroid
APEUni_Reading_FIB_Advanced_Vocab,integration
APEUni_Reading_FIB_Advanced_Vocab,inequality
APEUni_Reading_FIB_Advanced_Vocab,neural
APEUni_Reading_FIB_Advanced_Vocab,petal
APEUni_Reading_FIB_Advanced_Vocab,mighty
APEUni_Reading_FIB_Advanced_Vocab,verbal
APEUni_Reading_FIB_Advanced_Vocab,radioactive
APEUni_Reading_FIB_Advanced_Vocab,pertain
APEUni_Reading_FIB_Advanced_Vocab,computational
APEUni_Reading_FIB_Advanced_Vocab,alert
APEUni_Reading_FIB_Advanced_Vocab,counsellor
APEUni_Reading_FIB_Advanced_Vocab,rancid
APEUni_Reading_FIB_Advanced_Vocab,purveyor
APEUni_Reading_FIB_Advanced_Vocab,maternal
APEUni_Reading_FIB_Advanced_Vocab,coverage
APEUni_Reading_FIB_Advanced_Vocab,maze
APEUni_Reading_FIB_Advanced_Vocab,loom
APEUni_Reading_FIB_Advanced_Vocab,inquisitive
APEUni_Reading_FIB_Advanced_Vocab,purchaser
APEUni_Reading_FIB_Advanced_Vocab,neuroscience
APEUni_Reading_FIB_Advanced_Vocab,lesser
APEUni_Reading_FIB_Advanced_Vocab,grease
APEUni_Reading_FIB_Advanced_Vocab,carefree
APEUni_Reading_FIB_Advanced_Vocab,demographer
APEUni_Reading_FIB_Advanced_Vocab,bias
APEUni_Reading_FIB_Advanced_Vocab,waterway
APEUni_Reading_FIB_Advanced_Vocab,ward
APEUni_Reading_FIB_Advanced_Vocab,philosophical
APEUni_Reading_FIB_Advanced_Vocab,cram
APEUni_Reading_FIB_Advanced_Vocab,simulate
APEUni_Reading_FIB_Advanced_Vocab,guardian
APEUni_Reading_FIB_Advanced_Vocab,tract
APEUni_Reading_FIB_Advanced_Vocab,crab
APEUni_Reading_FIB_Advanced_Vocab,behold
APEUni_Reading_FIB_Advanced_Vocab,paradoxically
APEUni_Reading_FIB_Advanced_Vocab,wilderness
APEUni_Reading_FIB_Advanced_Vocab,cello
APEUni_Reading_FIB_Advanced_Vocab,essence
APEUni_Reading_FIB_Advanced_Vocab,legacy
APEUni_Reading_FIB_Advanced_Vocab,spinal
APEUni_Reading_FIB_Advanced_Vocab,proctor
APEUni_Reading_FIB_Advanced_Vocab,protestor
APEUni_Reading_FIB_Advanced_Vocab,neutrality
APEUni_Reading_FIB_Advanced_Vocab,primates
APEUni_Reading_FIB_Advanced_Vocab,iridescence
APEUni_Reading_FIB_Advanced_Vocab,crustacean
APEUni_Reading_FIB_Advanced_Vocab,edible
APEUni_Reading_FIB_Advanced_Vocab,problematic
APEUni_Reading_FIB_Advanced_Vocab,sensory
APEUni_Reading_FIB_Advanced_Vocab,spine
APEUni_Reading_FIB_Advanced_Vocab,tsunami
APEUni_Reading_FIB_Advanced_Vocab,blunt
APEUni_Reading_FIB_Advanced_Vocab,livestock
APEUni_Reading_FIB_Advanced_Vocab,backbone
APEUni_Reading_FIB_Advanced_Vocab,hatchling
APEUni_Reading_FIB_Advanced_Vocab,bestow
APEUni_Reading_FIB_Advanced_Vocab,fringe
APEUni_Reading_FIB_Advanced_Vocab,hibernation
APEUni_Reading_FIB_Advanced_Vocab,charter
APEUni_Reading_FIB_Advanced_Vocab,vintage
APEUni_Reading_FIB_Advanced_Vocab,colonial
APEUni_Reading_FIB_Advanced_Vocab,architectural
APEUni_Reading_FIB_Advanced_Vocab,sophistication
APEUni_Reading_FIB_Advanced_Vocab,pollination
APEUni_Reading_FIB_Advanced_Vocab,expend
APEUni_Reading_FIB_Advanced_Vocab,mutation
APEUni_Reading_FIB_Advanced_Vocab,anatomy
APEUni_Reading_FIB_Advanced_Vocab,sitter
APEUni_Reading_FIB_Advanced_Vocab,egalitarian
APEUni_Reading_FIB_Advanced_Vocab,sprawl
APEUni_Reading_FIB_Advanced_Vocab,payroll
APEUni_Reading_FIB_Advanced_Vocab,bully
APEUni_Reading_FIB_Advanced_Vocab,trout
APEUni_Reading_FIB_Advanced_Vocab,ruthless
APEUni_Reading_FIB_Advanced_Vocab,quest
APEUni_Reading_FIB_Advanced_Vocab,legislation
APEUni_Reading_FIB_Advanced_Vocab,cohort
APEUni_Reading_FIB_Advanced_Vocab,mangle
APEUni_Reading_FIB_Advanced_Vocab,infamous
APEUni_Reading_FIB_Advanced_Vocab,duckling
APEUni_Reading_FIB_Advanced_Vocab,confrontation
APEUni_Reading_FIB_Advanced_Vocab,gem
APEUni_Reading_FIB_Advanced_Vocab,pathologist
APEUni_Reading_FIB_Advanced_Vocab,squeak
APEUni_Reading_FIB_Advanced_Vocab,arthropod
APEUni_Reading_FIB_Advanced_Vocab,deficit
APEUni_Reading_FIB_Advanced_Vocab,accredit
APEUni_Reading_FIB_Advanced_Vocab,reside
APEUni_Reading_FIB_Advanced_Vocab,ceramic
APEUni_Reading_FIB_Advanced_Vocab,spontaneous
APEUni_Reading_FIB_Advanced_Vocab,plankton
APEUni_Reading_FIB_Advanced_Vocab,rhetorical
APEUni_Reading_FIB_Advanced_Vocab,disciplinary
APEUni_Reading_FIB_Advanced_Vocab,unaffordable
APEUni_Reading_FIB_Advanced_Vocab,rearward
APEUni_Reading_FIB_Advanced_Vocab,confer
APEUni_Reading_FIB_Advanced_Vocab,invoice
APEUni_Reading_FIB_Advanced_Vocab,camouflage
APEUni_Reading_FIB_Advanced_Vocab,traumatic
APEUni_Reading_FIB_Advanced_Vocab,outgo
APEUni_Reading_FIB_Advanced_Vocab,perk
APEUni_Reading_FIB_Advanced_Vocab,chimp
APEUni_Reading_FIB_Advanced_Vocab,residue
APEUni_Reading_FIB_Advanced_Vocab,welter
APEUni_Reading_FIB_Advanced_Vocab,inversion
APEUni_Reading_FIB_Advanced_Vocab,grail
APEUni_Reading_FIB_Advanced_Vocab,tilt
APEUni_Reading_FIB_Advanced_Vocab,profitability
APEUni_Reading_FIB_Advanced_Vocab,alumnus
APEUni_Reading_FIB_Advanced_Vocab,fanatic
APEUni_Reading_FIB_Advanced_Vocab,subspecies
APEUni_Reading_FIB_Advanced_Vocab,membrane
APEUni_Reading_FIB_Advanced_Vocab,commodity
APEUni_Reading_FIB_Advanced_Vocab,multitasking
APEUni_Reading_FIB_Advanced_Vocab,recoup
APEUni_Reading_FIB_Advanced_Vocab,gusher
APEUni_Reading_FIB_Advanced_Vocab,clam
APEUni_Reading_FIB_Advanced_Vocab,grin
APEUni_Reading_FIB_Advanced_Vocab,orientation
APEUni_Reading_FIB_Advanced_Vocab,excitable
APEUni_Reading_FIB_Advanced_Vocab,terminal
APEUni_Reading_FIB_Advanced_Vocab,judicial
APEUni_Reading_FIB_Advanced_Vocab,ideology
APEUni_Reading_FIB_Advanced_Vocab,ornateness
APEUni_Reading_FIB_Advanced_Vocab,locust
APEUni_Reading_FIB_Advanced_Vocab,adjacent
APEUni_Reading_FIB_Advanced_Vocab,saturation
APEUni_Reading_FIB_Advanced_Vocab,paradoxical
APEUni_Reading_FIB_Advanced_Vocab,displacement
APEUni_Reading_FIB_Advanced_Vocab,consistency
APEUni_Reading_FIB_Advanced_Vocab,foundry
APEUni_Reading_FIB_Advanced_Vocab,militancy
APEUni_Reading_FIB_Advanced_Vocab,allergy
APEUni_Reading_FIB_Advanced_Vocab,flotilla
APEUni_Reading_FIB_Advanced_Vocab,genetics
APEUni_Reading_FIB_Advanced_Vocab,boulevard
APEUni_Reading_FIB_Advanced_Vocab,taxonomist
APEUni_Reading_FIB_Advanced_Vocab,estate
APEUni_Reading_FIB_Advanced_Vocab,seine
APEUni_Reading_FIB_Advanced_Vocab,appendix
APEUni_Reading_FIB_Advanced_Vocab,decimal
APEUni_Reading_FIB_Advanced_Vocab,competency
APEUni_Reading_FIB_Advanced_Vocab,eccentric
APEUni_Reading_FIB_Advanced_Vocab,mosaic
APEUni_Reading_FIB_Advanced_Vocab,wane
APEUni_Reading_FIB_Advanced_Vocab,hostility
APEUni_Reading_FIB_Advanced_Vocab,vulnerability
APEUni_Reading_FIB_Advanced_Vocab,holistic
APEUni_Reading_FIB_Advanced_Vocab,geneticist
APEUni_Reading_FIB_Advanced_Vocab,fitting
APEUni_Reading_FIB_Advanced_Vocab,warehouse
APEUni_Reading_FIB_Advanced_Vocab,embryonic
APEUni_Reading_FIB_Advanced_Vocab,scrutiny
APEUni_Reading_FIB_Advanced_Vocab,explanatory
APEUni_Reading_FIB_Advanced_Vocab,warfare
APEUni_Reading_FIB_Advanced_Vocab,fishery
APEUni_Reading_FIB_Advanced_Vocab,institutionalise
APEUni_Reading_FIB_Advanced_Vocab,intimacy
APEUni_Reading_FIB_Advanced_Vocab,multinational
APEUni_Reading_FIB_Advanced_Vocab,clan
APEUni_Reading_FIB_Advanced_Vocab,inadequacy
APEUni_Reading_FIB_Advanced_Vocab,civic
APEUni_Reading_FIB_Advanced_Vocab,inverter
APEUni_Reading_FIB_Advanced_Vocab,builder
APEUni_Reading_FIB_Advanced_Vocab,decimate
APEUni_Reading_FIB_Advanced_Vocab,systematical
APEUni_Reading_FIB_Advanced_Vocab,birch
APEUni_Reading_FIB_Advanced_Vocab,extensive
APEUni_Reading_FIB_Advanced_Vocab,woodcut
APEUni_Reading_FIB_Advanced_Vocab,inclusive
APEUni_Reading_FIB_Advanced_Vocab,incredible
APEUni_Reading_FIB_Advanced_Vocab,foible
APEUni_Reading_FIB_Advanced_Vocab,formality
APEUni_Reading_FIB_Advanced_Vocab,phoenix
APEUni_Reading_FIB_Advanced_Vocab,brutal
APEUni_Reading_FIB_Advanced_Vocab,deforestation
APEUni_Reading_FIB_Advanced_Vocab,parameter
APEUni_Reading_FIB_Advanced_Vocab,poke
APEUni_Reading_FIB_Advanced_Vocab,saturn
APEUni_Reading_FIB_Advanced_Vocab,electoral
APEUni_Reading_FIB_Advanced_Vocab,predictable
APEUni_Reading_FIB_Advanced_Vocab,dissection
APEUni_Reading_FIB_Advanced_Vocab,malarial
APEUni_Reading_FIB_Advanced_Vocab,strand
APEUni_Reading_FIB_Advanced_Vocab,mint
APEUni_Reading_FIB_Advanced_Vocab,professional
APEUni_Reading_FIB_Advanced_Vocab,inexplicit
APEUni_Reading_FIB_Advanced_Vocab,scramble
APEUni_Reading_FIB_Advanced_Vocab,colonise
APEUni_Reading_FIB_Advanced_Vocab,refrain
APEUni_Reading_FIB_Advanced_Vocab,dun
APEUni_Reading_FIB_Advanced_Vocab,acquisition
APEUni_Reading_FIB_Advanced_Vocab,haughty
APEUni_Reading_FIB_Advanced_Vocab,bizarre
APEUni_Reading_FIB_Advanced_Vocab,fret
APEUni_Reading_FIB_Advanced_Vocab,evergreen
APEUni_Reading_FIB_Advanced_Vocab,onset
APEUni_Reading_FIB_Advanced_Vocab,bacterial
APEUni_Reading_FIB_Advanced_Vocab,brainstorm
APEUni_Reading_FIB_Advanced_Vocab,rebellious
APEUni_Reading_FIB_Advanced_Vocab,instrumentation
APEUni_Reading_FIB_Advanced_Vocab,papyrus
APEUni_Reading_FIB_Advanced_Vocab,universality
APEUni_Reading_FIB_Advanced_Vocab,gable
APEUni_Reading_FIB_Advanced_Vocab,deception
APEUni_Reading_FIB_Advanced_Vocab,spew
APEUni_Reading_FIB_Advanced_Vocab,unadorned
APEUni_Reading_FIB_Advanced_Vocab,explicit
APEUni_Reading_FIB_Advanced_Vocab,ethics
APEUni_Reading_FIB_Advanced_Vocab,crocodile
APEUni_Reading_FIB_Advanced_Vocab,determinant
APEUni_Reading_FIB_Advanced_Vocab,modification
APEUni_Reading_FIB_Advanced_Vocab,credible
APEUni_Reading_FIB_Advanced_Vocab,pharmacy
APEUni_Reading_FIB_Advanced_Vocab,incompatible
APEUni_Reading_FIB_Advanced_Vocab,overweight
APEUni_Reading_FIB_Advanced_Vocab,literate
APEUni_Reading_FIB_Advanced_Vocab,kidnap
APEUni_Reading_FIB_Advanced_Vocab,antifreeze
APEUni_Reading_FIB_Advanced_Vocab,forefront
APEUni_Reading_FIB_Advanced_Vocab,ongoing
APEUni_Reading_FIB_Advanced_Vocab,dent
APEUni_Reading_FIB_Advanced_Vocab,fossilise
APEUni_Reading_FIB_Advanced_Vocab,infestation
APEUni_Reading_FIB_Advanced_Vocab,Buddhism
APEUni_Reading_FIB_Advanced_Vocab,chimpanzee
APEUni_Reading_FIB_Advanced_Vocab,prodigy
APEUni_Reading_FIB_Advanced_Vocab,unravel
APEUni_Reading_FIB_Advanced_Vocab,reassure
APEUni_Reading_FIB_Advanced_Vocab,farmyard
APEUni_Reading_FIB_Advanced_Vocab,individualise
APEUni_Reading_FIB_Advanced_Vocab,subsequent
APEUni_Reading_FIB_Advanced_Vocab,acupuncturist
APEUni_Reading_FIB_Advanced_Vocab,unintentional
APEUni_Reading_FIB_Advanced_Vocab,occupational
APEUni_Reading_FIB_Advanced_Vocab,horrify
APEUni_Reading_FIB_Advanced_Vocab,diplomatic
APEUni_Reading_FIB_Advanced_Vocab,patchy
APEUni_Reading_FIB_Advanced_Vocab,accessibility
APEUni_Reading_FIB_Advanced_Vocab,descendant
APEUni_Reading_FIB_Advanced_Vocab,vocational
APEUni_Reading_FIB_Advanced_Vocab,isles
APEUni_Reading_FIB_Advanced_Vocab,involuntary
APEUni_Reading_FIB_Advanced_Vocab,exponential
APEUni_Reading_FIB_Advanced_Vocab,pottery
APEUni_Reading_FIB_Advanced_Vocab,subsurface
APEUni_Reading_FIB_Advanced_Vocab,precede
APEUni_Reading_FIB_Advanced_Vocab,distinguish
APEUni_Reading_FIB_Advanced_Vocab,inhere
APEUni_Reading_FIB_Advanced_Vocab,hail
APEUni_Reading_FIB_Advanced_Vocab,forensics
APEUni_Reading_FIB_Advanced_Vocab,panorama
APEUni_Reading_FIB_Advanced_Vocab,generosity
APEUni_Reading_FIB_Advanced_Vocab,absenteeism
APEUni_Reading_FIB_Advanced_Vocab,schematic
APEUni_Reading_FIB_Advanced_Vocab,extraneous
APEUni_Reading_FIB_Advanced_Vocab,nestle
APEUni_Reading_FIB_Advanced_Vocab,representational
APEUni_Reading_FIB_Advanced_Vocab,legislator
APEUni_Reading_FIB_Advanced_Vocab,stall
APEUni_Reading_FIB_Advanced_Vocab,misrepresent
APEUni_Reading_FIB_Advanced_Vocab,digitise
APEUni_Reading_FIB_Advanced_Vocab,omniscient
APEUni_Reading_FIB_Advanced_Vocab,critter
APEUni_Reading_FIB_Advanced_Vocab,termite
APEUni_Reading_FIB_Advanced_Vocab,moisturiser
APEUni_Reading_FIB_Advanced_Vocab,inflow
APEUni_Reading_FIB_Advanced_Vocab,queasy
APEUni_Reading_FIB_Advanced_Vocab,subsidiary
APEUni_Reading_FIB_Advanced_Vocab,projection
APEUni_Reading_FIB_Advanced_Vocab,jewellery
APEUni_Reading_FIB_Advanced_Vocab,unveil
APEUni_Reading_FIB_Advanced_Vocab,bittern
APEUni_Reading_FIB_Advanced_Vocab,validate
APEUni_Reading_FIB_Advanced_Vocab,intersection
APEUni_Reading_FIB_Advanced_Vocab,rupture
APEUni_Reading_FIB_Advanced_Vocab,indorse
APEUni_Reading_FIB_Advanced_Vocab,outflow
APEUni_Reading_FIB_Advanced_Vocab,transplant
APEUni_Reading_FIB_Advanced_Vocab,phosphorus
APEUni_Reading_FIB_Advanced_Vocab,astrophysics
APEUni_Reading_FIB_Advanced_Vocab,disarm
APEUni_Reading_FIB_Advanced_Vocab,downstream
APEUni_Reading_FIB_Advanced_Vocab,conduit
APEUni_Reading_FIB_Advanced_Vocab,dainty
APEUni_Reading_FIB_Advanced_Vocab,gladiator
APEUni_Reading_FIB_Advanced_Vocab,elasticity
APEUni_Reading_FIB_Advanced_Vocab,multifaceted
APEUni_Reading_FIB_Advanced_Vocab,acclaim
APEUni_Reading_FIB_Advanced_Vocab,cheater
APEUni_Reading_FIB_Advanced_Vocab,accelerator
APEUni_Reading_FIB_Advanced_Vocab,generalise
APEUni_Reading_FIB_Advanced_Vocab,boomer
APEUni_Reading_FIB_Advanced_Vocab,medicinal
APEUni_Reading_FIB_Advanced_Vocab,marsh
APEUni_Reading_FIB_Advanced_Vocab,colonist
APEUni_Reading_FIB_Advanced_Vocab,cocktail
APEUni_Reading_FIB_Advanced_Vocab,flashy
APEUni_Reading_FIB_Advanced_Vocab,reliant
APEUni_Reading_FIB_Advanced_Vocab,boyhood
APEUni_Reading_FIB_Advanced_Vocab,botany
APEUni_Reading_FIB_Advanced_Vocab,carbohydrate
APEUni_Reading_FIB_Advanced_Vocab,redouble
APEUni_Reading_FIB_Advanced_Vocab,suppress
APEUni_Reading_FIB_Advanced_Vocab,outdated
APEUni_Reading_FIB_Advanced_Vocab,edict
APEUni_Reading_FIB_Advanced_Vocab,terrestrial
APEUni_Reading_FIB_Advanced_Vocab,fictionalize
APEUni_Reading_FIB_Advanced_Vocab,parasitic
APEUni_Reading_FIB_Advanced_Vocab,airbag
APEUni_Reading_FIB_Advanced_Vocab,cone
APEUni_Reading_FIB_Advanced_Vocab,symphony
APEUni_Reading_FIB_Advanced_Vocab,greenish
APEUni_Reading_FIB_Advanced_Vocab,ally
APEUni_Reading_FIB_Advanced_Vocab,overstate
APEUni_Reading_FIB_Advanced_Vocab,foliage
APEUni_Reading_FIB_Advanced_Vocab,libretto
APEUni_Reading_FIB_Advanced_Vocab,intimate
APEUni_Reading_FIB_Advanced_Vocab,interface
APEUni_Reading_FIB_Advanced_Vocab,skeletal
APEUni_Reading_FIB_Advanced_Vocab,deem
APEUni_Reading_FIB_Advanced_Vocab,monetary
APEUni_Reading_FIB_Advanced_Vocab,overwhelming
APEUni_Reading_FIB_Advanced_Vocab,multiplier
APEUni_Reading_FIB_Advanced_Vocab,fungus
APEUni_Reading_FIB_Advanced_Vocab,syllabus
APEUni_Reading_FIB_Advanced_Vocab,fodder
APEUni_Reading_FIB_Advanced_Vocab,fieldman
APEUni_Reading_FIB_Advanced_Vocab,comic
APEUni_Reading_FIB_Advanced_Vocab,drab
APEUni_Reading_FIB_Advanced_Vocab,collide
APEUni_Reading_FIB_Advanced_Vocab,hallmark
APEUni_Reading_FIB_Advanced_Vocab,schism
APEUni_Reading_FIB_Advanced_Vocab,biosphere
APEUni_Reading_FIB_Advanced_Vocab,mimicry
APEUni_Reading_FIB_Advanced_Vocab,disposition
APEUni_Reading_FIB_Advanced_Vocab,sponsorship
APEUni_Reading_FIB_Advanced_Vocab,doctrine
APEUni_Reading_FIB_Advanced_Vocab,potion
APEUni_Reading_FIB_Advanced_Vocab,proverb
APEUni_Reading_FIB_Advanced_Vocab,intuitive
APEUni_Reading_FIB_Advanced_Vocab,census
APEUni_Reading_FIB_Advanced_Vocab,inflation
APEUni_Reading_FIB_Advanced_Vocab,forecaster
APEUni_Reading_FIB_Advanced_Vocab,ashore
APEUni_Reading_FIB_Advanced_Vocab,internationalisation
APEUni_Reading_FIB_Advanced_Vocab,pun
APEUni_Reading_FIB_Advanced_Vocab,swinge
APEUni_Reading_FIB_Advanced_Vocab,concoct
APEUni_Reading_FIB_Advanced_Vocab,amendment
APEUni_Reading_FIB_Advanced_Vocab,distaste
APEUni_Reading_FIB_Advanced_Vocab,pitiful
APEUni_Reading_FIB_Advanced_Vocab,recreational
APEUni_Reading_FIB_Advanced_Vocab,snug
APEUni_Reading_FIB_Advanced_Vocab,dividend
APEUni_Reading_FIB_Advanced_Vocab,latent
APEUni_Reading_FIB_Advanced_Vocab,refrigerate
APEUni_Reading_FIB_Advanced_Vocab,maize
APEUni_Reading_FIB_Advanced_Vocab,emergent
APEUni_Reading_FIB_Advanced_Vocab,finite
APEUni_Reading_FIB_Advanced_Vocab,pragmatic
APEUni_Reading_FIB_Advanced_Vocab,instructional
APEUni_Reading_FIB_Advanced_Vocab,inconceivable
APEUni_Reading_FIB_Advanced_Vocab,stylize
APEUni_Reading_FIB_Advanced_Vocab,contributor
APEUni_Reading_FIB_Advanced_Vocab,catastrophic
APEUni_Reading_FIB_Advanced_Vocab,consensus
APEUni_Reading_FIB_Advanced_Vocab,communal
APEUni_Reading_FIB_Advanced_Vocab,stride
APEUni_Reading_FIB_Advanced_Vocab,drone
APEUni_Reading_FIB_Advanced_Vocab,commensurate
APEUni_Reading_FIB_Advanced_Vocab,allege
APEUni_Reading_FIB_Advanced_Vocab,overgrow
APEUni_Reading_FIB_Advanced_Vocab,stagnate
APEUni_Reading_FIB_Advanced_Vocab,prevalence
APEUni_Reading_FIB_Advanced_Vocab,portrayal
APEUni_Reading_FIB_Advanced_Vocab,detector
APEUni_Reading_FIB_Advanced_Vocab,antagonistic
APEUni_Reading_FIB_Advanced_Vocab,alleyway
APEUni_Reading_FIB_Advanced_Vocab,java
APEUni_Reading_FIB_Advanced_Vocab,unguarded
APEUni_Reading_FIB_Advanced_Vocab,sensitivity
APEUni_Reading_FIB_Advanced_Vocab,geographical
APEUni_Reading_FIB_Advanced_Vocab,chequer
APEUni_Reading_FIB_Advanced_Vocab,fictional
APEUni_Reading_FIB_Advanced_Vocab,honorary
APEUni_Reading_FIB_Advanced_Vocab,municipal
APEUni_Reading_FIB_Advanced_Vocab,subcontract
APEUni_Reading_FIB_Advanced_Vocab,exploitation
APEUni_Reading_FIB_Advanced_Vocab,glorify
APEUni_Reading_FIB_Advanced_Vocab,statistician
APEUni_Reading_FIB_Advanced_Vocab,innumerable
APEUni_Reading_FIB_Advanced_Vocab,intense
APEUni_Reading_FIB_Advanced_Vocab,compassion
APEUni_Reading_FIB_Advanced_Vocab,administer
APEUni_Reading_FIB_Advanced_Vocab,sideline
APEUni_Reading_FIB_Advanced_Vocab,legislature
APEUni_Reading_FIB_Advanced_Vocab,compliance
APEUni_Reading_FIB_Advanced_Vocab,raze
APEUni_Reading_FIB_Advanced_Vocab,creditor
APEUni_Reading_FIB_Advanced_Vocab,alleviate
APEUni_Reading_FIB_Advanced_Vocab,symbiosis
APEUni_Reading_FIB_Advanced_Vocab,spectrum
APEUni_Reading_FIB_Advanced_Vocab,immense
APEUni_Reading_FIB_Advanced_Vocab,lobster
APEUni_Reading_FIB_Advanced_Vocab,underlie
APEUni_Reading_FIB_Advanced_Vocab,unconstrained
APEUni_Reading_FIB_Advanced_Vocab,partake
APEUni_Reading_FIB_Advanced_Vocab,global
APEUni_Reading_FIB_Advanced_Vocab,dwarf
APEUni_Reading_FIB_Advanced_Vocab,barricade
APEUni_Reading_FIB_Advanced_Vocab,foil
APEUni_Reading_FIB_Advanced_Vocab,glucose
APEUni_Reading_FIB_Advanced_Vocab,separatist
APEUni_Reading_FIB_Advanced_Vocab,idleness
APEUni_Reading_FIB_Advanced_Vocab,animation
APEUni_Reading_FIB_Advanced_Vocab,inoculation
APEUni_Reading_FIB_Advanced_Vocab,fuse
APEUni_Reading_FIB_Advanced_Vocab,grasshopper
APEUni_Reading_FIB_Advanced_Vocab,impartial
APEUni_Reading_FIB_Advanced_Vocab,intricacy
APEUni_Reading_FIB_Advanced_Vocab,uninhabitable
APEUni_Reading_FIB_Advanced_Vocab,glacier
APEUni_Reading_FIB_Advanced_Vocab,undesirable
APEUni_Reading_FIB_Advanced_Vocab,brilliance
APEUni_Reading_FIB_Advanced_Vocab,strife
APEUni_Reading_FIB_Advanced_Vocab,speck
APEUni_Reading_FIB_Advanced_Vocab,dictatorship
APEUni_Reading_FIB_Advanced_Vocab,draught
APEUni_Reading_FIB_Advanced_Vocab,punchline
APEUni_Reading_FIB_Advanced_Vocab,hemisphere
APEUni_Reading_FIB_Advanced_Vocab,tang
APEUni_Reading_FIB_Advanced_Vocab,hydraulic
APEUni_Reading_FIB_Advanced_Vocab,articulation
APEUni_Reading_FIB_Advanced_Vocab,aboriginal
APEUni_Reading_FIB_Advanced_Vocab,filtration
APEUni_Reading_FIB_Advanced_Vocab,worsen
APEUni_Reading_FIB_Advanced_Vocab,charcoal
APEUni_Reading_FIB_Advanced_Vocab,allure
APEUni_Reading_FIB_Advanced_Vocab,excavation
APEUni_Reading_FIB_Advanced_Vocab,monolingual
APEUni_Reading_FIB_Advanced_Vocab,quantify
APEUni_Reading_FIB_Advanced_Vocab,irresponsibility
APEUni_Reading_FIB_Advanced_Vocab,generalist
APEUni_Reading_FIB_Advanced_Vocab,folktale
APEUni_Reading_FIB_Advanced_Vocab,particoloured
APEUni_Reading_FIB_Advanced_Vocab,arbitration
APEUni_Reading_FIB_Advanced_Vocab,mistreatment
APEUni_Reading_FIB_Advanced_Vocab,experimenter
APEUni_Reading_FIB_Advanced_Vocab,coincide
APEUni_Reading_FIB_Advanced_Vocab,embroider
APEUni_Reading_FIB_Advanced_Vocab,pasture
APEUni_Reading_FIB_Advanced_Vocab,poster
APEUni_Reading_FIB_Advanced_Vocab,truancy
APEUni_Reading_FIB_Advanced_Vocab,ubiquitous
APEUni_Reading_FIB_Advanced_Vocab,foster
APEUni_Reading_FIB_Advanced_Vocab,autonomy
APEUni_Reading_FIB_Advanced_Vocab,sensible
APEUni_Reading_FIB_Advanced_Vocab,tillage
APEUni_Reading_FIB_Advanced_Vocab,theorise
APEUni_Reading_FIB_Advanced_Vocab,grimace
APEUni_Reading_FIB_Advanced_Vocab,premiss
APEUni_Reading_FIB_Advanced_Vocab,civilise
APEUni_Reading_FIB_Advanced_Vocab,execution
APEUni_Reading_FIB_Advanced_Vocab,forestry
APEUni_Reading_FIB_Advanced_Vocab,facetious
APEUni_Reading_FIB_Advanced_Vocab,verdict
APEUni_Reading_FIB_Advanced_Vocab,parliament
APEUni_Reading_FIB_Advanced_Vocab,bust
APEUni_Reading_FIB_Advanced_Vocab,outworked
APEUni_Reading_FIB_Advanced_Vocab,introspection
APEUni_Reading_FIB_Advanced_Vocab,justification
APEUni_Reading_FIB_Advanced_Vocab,cruelty
APEUni_Reading_FIB_Advanced_Vocab,binge
APEUni_Reading_FIB_Advanced_Vocab,emanate
APEUni_Reading_FIB_Advanced_Vocab,celestial
APEUni_Reading_FIB_Advanced_Vocab,locality
APEUni_Reading_FIB_Advanced_Vocab,script
APEUni_Reading_FIB_Advanced_Vocab,formalistic
APEUni_Reading_FIB_Advanced_Vocab,impulse
APEUni_Reading_FIB_Advanced_Vocab,monastery
APEUni_Reading_FIB_Advanced_Vocab,hum
APEUni_Reading_FIB_Advanced_Vocab,encounter
APEUni_Reading_FIB_Advanced_Vocab,campaigner
APEUni_Reading_FIB_Advanced_Vocab,autopsy
APEUni_Reading_FIB_Basic_Vocab,establish
APEUni_Reading_FIB_Basic_Vocab,arrangement
APEUni_Reading_FIB_Basic_Vocab,determine
APEUni_Reading_FIB_Basic_Vocab,engage
APEUni_Reading_FIB_Basic_Vocab,concern
APEUni_Reading_FIB_Basic_Vocab,characteristic
APEUni_Reading_FIB_Basic_Vocab,associate
APEUni_Reading_FIB_Basic_Vocab,acceptance
APEUni_Reading_FIB_Basic_Vocab,complex
APEUni_Reading_FIB_Basic_Vocab,reveal
APEUni_Reading_FIB_Basic_Vocab,approach
APEUni_Reading_FIB_Basic_Vocab,publish
APEUni_Reading_FIB_Basic_Vocab,identical
APEUni_Reading_FIB_Basic_Vocab,consumption
APEUni_Reading_FIB_Basic_Vocab,represent
APEUni_Reading_FIB_Basic_Vocab,decline
APEUni_Reading_FIB_Basic_Vocab,tremendous
APEUni_Reading_FIB_Basic_Vocab,barrier
APEUni_Reading_FIB_Basic_Vocab,production
APEUni_Reading_FIB_Basic_Vocab,measure
APEUni_Reading_FIB_Basic_Vocab,experiment
APEUni_Reading_FIB_Basic_Vocab,recognise
APEUni_Reading_FIB_Basic_Vocab,generate
APEUni_Reading_FIB_Basic_Vocab,accelerate
APEUni_Reading_FIB_Basic_Vocab,detect
APEUni_Reading_FIB_Basic_Vocab,substance
APEUni_Reading_FIB_Basic_Vocab,consequence
APEUni_Reading_FIB_Basic_Vocab,potential
APEUni_Reading_FIB_Basic_Vocab,system
APEUni_Reading_FIB_Basic_Vocab,fragment
APEUni_Reading_FIB_Basic_Vocab,emphasis
APEUni_Reading_FIB_Basic_Vocab,entire
APEUni_Reading_FIB_Basic_Vocab,signal
APEUni_Reading_FIB_Basic_Vocab,root
APEUni_Reading_FIB_Basic_Vocab,benefit
APEUni_Reading_FIB_Basic_Vocab,phenomenon
APEUni_Reading_FIB_Basic_Vocab,stretch
APEUni_Reading_FIB_Basic_Vocab,comprehensive
APEUni_Reading_FIB_Basic_Vocab,treatment
APEUni_Reading_FIB_Basic_Vocab,suitable
APEUni_Reading_FIB_Basic_Vocab,observe
APEUni_Reading_FIB_Basic_Vocab,claim
APEUni_Reading_FIB_Basic_Vocab,response
APEUni_Reading_FIB_Basic_Vocab,identify
APEUni_Reading_FIB_Basic_Vocab,recognition
APEUni_Reading_FIB_Basic_Vocab,evidence
APEUni_Reading_FIB_Basic_Vocab,operate
APEUni_Reading_FIB_Basic_Vocab,define
APEUni_Reading_FIB_Basic_Vocab,majority
APEUni_Reading_FIB_Basic_Vocab,tradition
APEUni_Reading_FIB_Basic_Vocab,strike
APEUni_Reading_FIB_Basic_Vocab,researcher
APEUni_Reading_FIB_Basic_Vocab,previously
APEUni_Reading_FIB_Basic_Vocab,accord
APEUni_Reading_FIB_Basic_Vocab,reaction
APEUni_Reading_FIB_Basic_Vocab,conduct
APEUni_Reading_FIB_Basic_Vocab,convey
APEUni_Reading_FIB_Basic_Vocab,instance
APEUni_Reading_FIB_Basic_Vocab,indicate
APEUni_Reading_FIB_Basic_Vocab,efficient
APEUni_Reading_FIB_Basic_Vocab,skyscraper
APEUni_Reading_FIB_Basic_Vocab,wander
APEUni_Reading_FIB_Basic_Vocab,boom
APEUni_Reading_FIB_Basic_Vocab,effective
APEUni_Reading_FIB_Basic_Vocab,discipline
APEUni_Reading_FIB_Basic_Vocab,preserve
APEUni_Reading_FIB_Basic_Vocab,maintain
APEUni_Reading_FIB_Basic_Vocab,arrange
APEUni_Reading_FIB_Basic_Vocab,intend
APEUni_Reading_FIB_Basic_Vocab,consume
APEUni_Reading_FIB_Basic_Vocab,successfully
APEUni_Reading_FIB_Basic_Vocab,virtually
APEUni_Reading_FIB_Basic_Vocab,conventional
APEUni_Reading_FIB_Basic_Vocab,unique
APEUni_Reading_FIB_Basic_Vocab,proportion
APEUni_Reading_FIB_Basic_Vocab,concept
APEUni_Reading_FIB_Basic_Vocab,contract
APEUni_Reading_FIB_Basic_Vocab,security
APEUni_Reading_FIB_Basic_Vocab,decade
APEUni_Reading_FIB_Basic_Vocab,representative
APEUni_Reading_FIB_Basic_Vocab,forecast
APEUni_Reading_FIB_Basic_Vocab,attitude
APEUni_Reading_FIB_Basic_Vocab,observation
APEUni_Reading_FIB_Basic_Vocab,mode
APEUni_Reading_FIB_Basic_Vocab,consist
APEUni_Reading_FIB_Basic_Vocab,evolve
APEUni_Reading_FIB_Basic_Vocab,individual
APEUni_Reading_FIB_Basic_Vocab,colony
APEUni_Reading_FIB_Basic_Vocab,capture
APEUni_Reading_FIB_Basic_Vocab,tone
APEUni_Reading_FIB_Basic_Vocab,rational
APEUni_Reading_FIB_Basic_Vocab,luxury
APEUni_Reading_FIB_Basic_Vocab,locate
APEUni_Reading_FIB_Basic_Vocab,throughout
APEUni_Reading_FIB_Basic_Vocab,container
APEUni_Reading_FIB_Basic_Vocab,emotional
APEUni_Reading_FIB_Basic_Vocab,mysterious
APEUni_Reading_FIB_Basic_Vocab,structure
APEUni_Reading_FIB_Basic_Vocab,counter
APEUni_Reading_FIB_Basic_Vocab,filter
APEUni_Reading_FIB_Basic_Vocab,stimulate
APEUni_Reading_FIB_Basic_Vocab,estimate
APEUni_Reading_FIB_Basic_Vocab,intention
APEUni_Reading_FIB_Basic_Vocab,eventually
APEUni_Reading_FIB_Basic_Vocab,reliable
APEUni_Reading_FIB_Basic_Vocab,undergo
APEUni_Reading_FIB_Basic_Vocab,volume
APEUni_Reading_FIB_Basic_Vocab,circular
APEUni_Reading_FIB_Basic_Vocab,movement
APEUni_Reading_FIB_Basic_Vocab,tolerate
APEUni_Reading_FIB_Basic_Vocab,implication
APEUni_Reading_FIB_Basic_Vocab,participate
APEUni_Reading_FIB_Basic_Vocab,neutral
APEUni_Reading_FIB_Basic_Vocab,procedure
APEUni_Reading_FIB_Basic_Vocab,eagle
APEUni_Reading_FIB_Basic_Vocab,regulate
APEUni_Reading_FIB_Basic_Vocab,publication
APEUni_Reading_FIB_Basic_Vocab,presence
APEUni_Reading_FIB_Basic_Vocab,track
APEUni_Reading_FIB_Basic_Vocab,reform
APEUni_Reading_FIB_Basic_Vocab,delay
APEUni_Reading_FIB_Basic_Vocab,interpret
APEUni_Reading_FIB_Basic_Vocab,puzzle
APEUni_Reading_FIB_Basic_Vocab,derive
APEUni_Reading_FIB_Basic_Vocab,recommendation
APEUni_Reading_FIB_Basic_Vocab,flexible
APEUni_Reading_FIB_Basic_Vocab,feather
APEUni_Reading_FIB_Basic_Vocab,concentration
APEUni_Reading_FIB_Basic_Vocab,tendency
APEUni_Reading_FIB_Basic_Vocab,bravery
APEUni_Reading_FIB_Basic_Vocab,critical
APEUni_Reading_FIB_Basic_Vocab,accumulate
APEUni_Reading_FIB_Basic_Vocab,criticism
APEUni_Reading_FIB_Basic_Vocab,exceed
APEUni_Reading_FIB_Basic_Vocab,unwilling
APEUni_Reading_FIB_Basic_Vocab,shed
APEUni_Reading_FIB_Basic_Vocab,supreme
APEUni_Reading_FIB_Basic_Vocab,crude
APEUni_Reading_FIB_Basic_Vocab,resemble
APEUni_Reading_FIB_Basic_Vocab,thunder
APEUni_Reading_FIB_Basic_Vocab,progressive
APEUni_Reading_FIB_Basic_Vocab,emerge
APEUni_Reading_FIB_Basic_Vocab,gather
APEUni_Reading_FIB_Basic_Vocab,proposal
APEUni_Reading_FIB_Basic_Vocab,enthusiasm
APEUni_Reading_FIB_Basic_Vocab,encounter
APEUni_Reading_FIB_Basic_Vocab,resource
APEUni_Reading_FIB_Basic_Vocab,exposure
APEUni_Reading_FIB_Basic_Vocab,maintenance
APEUni_Reading_FIB_Basic_Vocab,steep
APEUni_Reading_FIB_Basic_Vocab,efficiency
APEUni_Reading_FIB_Basic_Vocab,bind
APEUni_Reading_FIB_Basic_Vocab,occupation
APEUni_Reading_FIB_Basic_Vocab,demonstrate
APEUni_Reading_FIB_Basic_Vocab,contribute
APEUni_Reading_FIB_Basic_Vocab,relevant
APEUni_Reading_FIB_Basic_Vocab,experimental
APEUni_Reading_FIB_Basic_Vocab,halt
APEUni_Reading_FIB_Basic_Vocab,evaluate
APEUni_Reading_FIB_Basic_Vocab,confirm
APEUni_Reading_FIB_Basic_Vocab,principle
APEUni_Reading_FIB_Basic_Vocab,transmit
APEUni_Reading_FIB_Basic_Vocab,fade
APEUni_Reading_FIB_Basic_Vocab,spin
APEUni_Reading_FIB_Basic_Vocab,variation
APEUni_Reading_FIB_Basic_Vocab,measurement
APEUni_Reading_FIB_Basic_Vocab,output
APEUni_Reading_FIB_Basic_Vocab,cripple
APEUni_Reading_FIB_Basic_Vocab,investigation
APEUni_Reading_FIB_Basic_Vocab,variable
APEUni_Reading_FIB_Basic_Vocab,accommodate
APEUni_Reading_FIB_Basic_Vocab,deserve
APEUni_Reading_FIB_Basic_Vocab,embarrass
APEUni_Reading_FIB_Basic_Vocab,minimum
APEUni_Reading_FIB_Basic_Vocab,intelligence
APEUni_Reading_FIB_Basic_Vocab,slave
APEUni_Reading_FIB_Basic_Vocab,competent
APEUni_Reading_FIB_Basic_Vocab,distinguish
APEUni_Reading_FIB_Basic_Vocab,electric
APEUni_Reading_FIB_Basic_Vocab,temperature
APEUni_Reading_FIB_Basic_Vocab,revise
APEUni_Reading_FIB_Basic_Vocab,conjunction
APEUni_Reading_FIB_Basic_Vocab,imitate
APEUni_Reading_FIB_Basic_Vocab,respective
APEUni_Reading_FIB_Basic_Vocab,formation
APEUni_Reading_FIB_Basic_Vocab,prior
APEUni_Reading_FIB_Basic_Vocab,undertake
APEUni_Reading_FIB_Basic_Vocab,prevail
APEUni_Reading_FIB_Basic_Vocab,hence
APEUni_Reading_FIB_Basic_Vocab,launch
APEUni_Reading_FIB_Basic_Vocab,assumption
APEUni_Reading_FIB_Basic_Vocab,compound
APEUni_Reading_FIB_Basic_Vocab,evolution
APEUni_Reading_FIB_Basic_Vocab,fence
APEUni_Reading_FIB_Basic_Vocab,frighten
APEUni_Reading_FIB_Basic_Vocab,definite
APEUni_Reading_FIB_Basic_Vocab,occurrence
APEUni_Reading_FIB_Basic_Vocab,compensate
APEUni_Reading_FIB_Basic_Vocab,outcome
APEUni_Reading_FIB_Basic_Vocab,reflection
APEUni_Reading_FIB_Basic_Vocab,artificial
APEUni_Reading_FIB_Basic_Vocab,invade
APEUni_Reading_FIB_Basic_Vocab,render
APEUni_Reading_FIB_Basic_Vocab,authority
APEUni_Reading_FIB_Basic_Vocab,substitute
APEUni_Reading_FIB_Basic_Vocab,destination
APEUni_Reading_FIB_Basic_Vocab,presentation
APEUni_Reading_FIB_Basic_Vocab,substantial
APEUni_Reading_FIB_Basic_Vocab,axis
APEUni_Reading_FIB_Basic_Vocab,dense
APEUni_Reading_FIB_Basic_Vocab,injure
APEUni_Reading_FIB_Basic_Vocab,complicate
APEUni_Reading_FIB_Basic_Vocab,compel
APEUni_Reading_FIB_Basic_Vocab,dose
APEUni_Reading_FIB_Basic_Vocab,hatch
APEUni_Reading_FIB_Basic_Vocab,victim
APEUni_Reading_FIB_Basic_Vocab,infant
APEUni_Reading_FIB_Basic_Vocab,distribute
APEUni_Reading_FIB_Basic_Vocab,subtract
APEUni_Reading_FIB_Basic_Vocab,magnetic
APEUni_Reading_FIB_Basic_Vocab,quantity
APEUni_Reading_FIB_Basic_Vocab,discard
APEUni_Reading_FIB_Basic_Vocab,scheme
APEUni_Reading_FIB_Basic_Vocab,curiosity
APEUni_Reading_FIB_Basic_Vocab,competence
APEUni_Reading_FIB_Basic_Vocab,institution
APEUni_Reading_FIB_Basic_Vocab,leisure
APEUni_Reading_FIB_Basic_Vocab,regulation
APEUni_Reading_FIB_Basic_Vocab,existence
APEUni_Reading_FIB_Basic_Vocab,satellite
APEUni_Reading_FIB_Basic_Vocab,collision
APEUni_Reading_FIB_Basic_Vocab,altitude
APEUni_Reading_FIB_Basic_Vocab,intensity
APEUni_Reading_FIB_Basic_Vocab,resistant
APEUni_Reading_FIB_Basic_Vocab,instant
APEUni_Reading_FIB_Basic_Vocab,assembly
APEUni_Reading_FIB_Basic_Vocab,reign
APEUni_Reading_FIB_Basic_Vocab,executive
APEUni_Reading_FIB_Basic_Vocab,modest
APEUni_Reading_FIB_Basic_Vocab,pipeline
APEUni_Reading_FIB_Basic_Vocab,democracy
APEUni_Reading_FIB_Basic_Vocab,creep
APEUni_Reading_FIB_Basic_Vocab,retain
APEUni_Reading_FIB_Basic_Vocab,settlement
APEUni_Reading_FIB_Basic_Vocab,interaction
APEUni_Reading_FIB_Basic_Vocab,dispose
APEUni_Reading_FIB_Basic_Vocab,drift
APEUni_Reading_FIB_Basic_Vocab,cord
APEUni_Reading_FIB_Basic_Vocab,expectation
APEUni_Reading_FIB_Basic_Vocab,accidental
APEUni_Reading_FIB_Basic_Vocab,submarine
APEUni_Reading_FIB_Basic_Vocab,fertile
APEUni_Reading_FIB_Basic_Vocab,prejudice
APEUni_Reading_FIB_Basic_Vocab,equivalent
APEUni_Reading_FIB_Basic_Vocab,statistics
APEUni_Reading_FIB_Basic_Vocab,explosive
APEUni_Reading_FIB_Basic_Vocab,genius
APEUni_Reading_FIB_Basic_Vocab,inspire
APEUni_Reading_FIB_Basic_Vocab,reduction
APEUni_Reading_FIB_Basic_Vocab,vanish
APEUni_Reading_FIB_Basic_Vocab,instinct
APEUni_Reading_FIB_Basic_Vocab,coordinate
APEUni_Reading_FIB_Basic_Vocab,appetite
APEUni_Reading_FIB_Basic_Vocab,indispensable
APEUni_Reading_FIB_Basic_Vocab,impose
APEUni_Reading_FIB_Basic_Vocab,finance
APEUni_Reading_FIB_Basic_Vocab,worship
APEUni_Reading_FIB_Basic_Vocab,breed
APEUni_Reading_FIB_Basic_Vocab,postpone
APEUni_Reading_FIB_Basic_Vocab,association
APEUni_Reading_FIB_Basic_Vocab,comparison
APEUni_Reading_FIB_Basic_Vocab,vivid
APEUni_Reading_FIB_Basic_Vocab,calculate
APEUni_Reading_FIB_Basic_Vocab,submit
APEUni_Reading_FIB_Basic_Vocab,tropical
APEUni_Reading_FIB_Basic_Vocab,nevertheless
APEUni_Reading_FIB_Basic_Vocab,concentrate
APEUni_Reading_FIB_Basic_Vocab,rouse
APEUni_Reading_FIB_Basic_Vocab,combination
APEUni_Reading_FIB_Basic_Vocab,illustration
APEUni_Reading_FIB_Basic_Vocab,motivate
APEUni_Reading_FIB_Basic_Vocab,sum
APEUni_Reading_FIB_Basic_Vocab,interfere
APEUni_Reading_FIB_Basic_Vocab,conceal
APEUni_Reading_FIB_Basic_Vocab,devote
APEUni_Reading_FIB_Basic_Vocab,consult
APEUni_Reading_FIB_Basic_Vocab,inspection
APEUni_Reading_FIB_Basic_Vocab,division
APEUni_Reading_FIB_Basic_Vocab,certainty
APEUni_Reading_FIB_Basic_Vocab,possession
APEUni_Reading_FIB_Basic_Vocab,appliance
APEUni_Reading_FIB_Basic_Vocab,continent
APEUni_Reading_FIB_Basic_Vocab,reserve
APEUni_Reading_FIB_Basic_Vocab,strategy
APEUni_Reading_FIB_Basic_Vocab,intellectual
APEUni_Reading_FIB_Basic_Vocab,suspect
APEUni_Reading_FIB_Basic_Vocab,aircraft
APEUni_Reading_FIB_Basic_Vocab,thrive
APEUni_Reading_FIB_Basic_Vocab,precise
APEUni_Reading_FIB_Basic_Vocab,celebrate
APEUni_Reading_FIB_Basic_Vocab,distinct
APEUni_Reading_FIB_Basic_Vocab,diameter
APEUni_Reading_FIB_Basic_Vocab,realm
APEUni_Reading_FIB_Basic_Vocab,split
APEUni_Reading_FIB_Basic_Vocab,investigate
APEUni_Reading_FIB_Basic_Vocab,entitle
APEUni_Reading_FIB_Basic_Vocab,application
APEUni_Reading_FIB_Basic_Vocab,construct
APEUni_Reading_FIB_Basic_Vocab,residence
APEUni_Reading_FIB_Basic_Vocab,elaborate
APEUni_Reading_FIB_Basic_Vocab,mechanics
APEUni_Reading_FIB_Basic_Vocab,electronics
APEUni_Reading_FIB_Basic_Vocab,twist
APEUni_Reading_FIB_Basic_Vocab,controversial
APEUni_Reading_FIB_Basic_Vocab,reap
APEUni_Reading_FIB_Basic_Vocab,justify
APEUni_Reading_FIB_Basic_Vocab,orbit
APEUni_Reading_FIB_Basic_Vocab,conflict
APEUni_Reading_FIB_Basic_Vocab,alternative
APEUni_Reading_FIB_Basic_Vocab,intense
APEUni_Reading_FIB_Basic_Vocab,primarily
APEUni_Reading_FIB_Basic_Vocab,bulk
APEUni_Reading_FIB_Basic_Vocab,contemporary
APEUni_Reading_FIB_Basic_Vocab,liable
APEUni_Reading_FIB_Basic_Vocab,infinite
APEUni_Reading_FIB_Basic_Vocab,blossom
APEUni_Reading_FIB_Basic_Vocab,frequency
APEUni_Reading_FIB_Basic_Vocab,discharge
APEUni_Reading_FIB_Basic_Vocab,regardless
APEUni_Reading_FIB_Basic_Vocab,astonish
APEUni_Reading_FIB_Basic_Vocab,survive
APEUni_Reading_FIB_Basic_Vocab,prescribe
APEUni_Reading_FIB_Basic_Vocab,motivation
APEUni_Reading_FIB_Basic_Vocab,circulate
APEUni_Reading_FIB_Basic_Vocab,sustain
APEUni_Reading_FIB_Basic_Vocab,operational
APEUni_Reading_FIB_Basic_Vocab,expansion
APEUni_Reading_FIB_Basic_Vocab,primitive
APEUni_Reading_FIB_Basic_Vocab,consistent
APEUni_Reading_FIB_Basic_Vocab,definition
APEUni_Reading_FIB_Basic_Vocab,confusion
APEUni_Reading_FIB_Basic_Vocab,wrinkle
APEUni_Reading_FIB_Basic_Vocab,string
APEUni_Reading_FIB_Basic_Vocab,sculpture
APEUni_Reading_FIB_Basic_Vocab,democratic
APEUni_Reading_FIB_Basic_Vocab,exploit
APEUni_Reading_FIB_Basic_Vocab,prominent
APEUni_Reading_FIB_Basic_Vocab,reservation
APEUni_Reading_FIB_Basic_Vocab,champion
APEUni_Reading_FIB_Basic_Vocab,submerge
APEUni_Reading_FIB_Basic_Vocab,prohibit
APEUni_Reading_FIB_Basic_Vocab,attribute
APEUni_Reading_FIB_Basic_Vocab,dramatic
APEUni_Reading_FIB_Basic_Vocab,assist
APEUni_Reading_FIB_Basic_Vocab,preference
APEUni_Reading_FIB_Basic_Vocab,disclose
APEUni_Reading_FIB_Basic_Vocab,surround
APEUni_Reading_FIB_Basic_Vocab,physicist
APEUni_Reading_FIB_Basic_Vocab,whilst
APEUni_Reading_FIB_Basic_Vocab,composition
APEUni_Reading_FIB_Basic_Vocab,expedition
APEUni_Reading_FIB_Basic_Vocab,agricultural
APEUni_Reading_FIB_Basic_Vocab,undoubtedly
APEUni_Reading_FIB_Basic_Vocab,transform
APEUni_Reading_FIB_Basic_Vocab,vessel
APEUni_Reading_FIB_Basic_Vocab,vision
APEUni_Reading_FIB_Basic_Vocab,renew
APEUni_Reading_FIB_Basic_Vocab,boundary
APEUni_Reading_FIB_Basic_Vocab,candidate
APEUni_Reading_FIB_Basic_Vocab,considerable
APEUni_Reading_FIB_Basic_Vocab,conversely
APEUni_Reading_FIB_Basic_Vocab,atmospheric
APEUni_Reading_FIB_Basic_Vocab,revolutionary
APEUni_Reading_FIB_Basic_Vocab,conservative
APEUni_Reading_FIB_Basic_Vocab,breakthrough
APEUni_Reading_FIB_Basic_Vocab,facility
APEUni_Reading_FIB_Basic_Vocab,dimension
APEUni_Reading_FIB_Basic_Vocab,management
APEUni_Reading_FIB_Basic_Vocab,trace
APEUni_Reading_FIB_Basic_Vocab,simplify
APEUni_Reading_FIB_Basic_Vocab,infect
APEUni_Reading_FIB_Basic_Vocab,component
APEUni_Reading_FIB_Basic_Vocab,threat
APEUni_Reading_FIB_Basic_Vocab,awkward
APEUni_Reading_FIB_Basic_Vocab,anticipate
APEUni_Reading_FIB_Basic_Vocab,essential
APEUni_Reading_FIB_Basic_Vocab,revolution
APEUni_Reading_FIB_Basic_Vocab,temptation
APEUni_Reading_FIB_Basic_Vocab,fierce
APEUni_Reading_FIB_Basic_Vocab,compulsory
APEUni_Reading_FIB_Basic_Vocab,strain
APEUni_Reading_FIB_Basic_Vocab,attain
APEUni_Reading_FIB_Basic_Vocab,criterion
APEUni_Reading_FIB_Basic_Vocab,synthetic
APEUni_Reading_FIB_Basic_Vocab,productive
APEUni_Reading_FIB_Basic_Vocab,manufacturer
APEUni_Reading_FIB_Basic_Vocab,equipment
APEUni_Reading_FIB_Basic_Vocab,universe
APEUni_Reading_FIB_Basic_Vocab,exclude
APEUni_Reading_FIB_Basic_Vocab,defence
APEUni_Reading_FIB_Basic_Vocab,unbearable
APEUni_Reading_FIB_Basic_Vocab,amongst
APEUni_Reading_FIB_Basic_Vocab,protein
APEUni_Reading_FIB_Basic_Vocab,marine
APEUni_Reading_FIB_Basic_Vocab,literature
APEUni_Reading_FIB_Basic_Vocab,psychology
APEUni_Reading_FIB_Basic_Vocab,propose
APEUni_Reading_FIB_Basic_Vocab,electron
APEUni_Reading_FIB_Basic_Vocab,investment
APEUni_Reading_FIB_Basic_Vocab,portrait
APEUni_Reading_FIB_Basic_Vocab,property
APEUni_Reading_FIB_Basic_Vocab,diverse
APEUni_Reading_FIB_Basic_Vocab,drug
APEUni_Reading_FIB_Basic_Vocab,absence
APEUni_Reading_FIB_Basic_Vocab,digital
APEUni_Reading_FIB_Basic_Vocab,sequence
APEUni_Reading_FIB_Basic_Vocab,organism
APEUni_Reading_FIB_Basic_Vocab,impression
APEUni_Reading_FIB_Basic_Vocab,commission
APEUni_Reading_FIB_Basic_Vocab,commercial
APEUni_Reading_FIB_Basic_Vocab,statistical
APEUni_Reading_FIB_Basic_Vocab,scale
APEUni_Reading_FIB_Basic_Vocab,revision
APEUni_Reading_FIB_Basic_Vocab,reference
APEUni_Reading_FIB_Basic_Vocab,plate
APEUni_Reading_FIB_Basic_Vocab,stream
APEUni_Reading_FIB_Basic_Vocab,telescope
APEUni_Reading_FIB_Basic_Vocab,version
APEUni_Reading_FIB_Basic_Vocab,capacity
APEUni_Reading_FIB_Basic_Vocab,combine
APEUni_Reading_FIB_Basic_Vocab,astronomy
APEUni_Reading_FIB_Basic_Vocab,phrase
APEUni_Reading_FIB_Basic_Vocab,framework
APEUni_Reading_FIB_Basic_Vocab,agriculture
APEUni_Reading_FIB_Basic_Vocab,operation
APEUni_Reading_FIB_Basic_Vocab,literary
APEUni_Reading_FIB_Basic_Vocab,budget
APEUni_Reading_FIB_Basic_Vocab,leadership
APEUni_Reading_FIB_Basic_Vocab,respect
APEUni_Reading_FIB_Basic_Vocab,enormous
APEUni_Reading_FIB_Basic_Vocab,politics
APEUni_Reading_FIB_Basic_Vocab,freeze
APEUni_Reading_FIB_Basic_Vocab,philosophy
APEUni_Reading_FIB_Basic_Vocab,committee
APEUni_Reading_FIB_Basic_Vocab,construction
APEUni_Reading_FIB_Basic_Vocab,helicopter
APEUni_Reading_FIB_Basic_Vocab,stable
APEUni_Reading_FIB_Basic_Vocab,hay
APEUni_Reading_FIB_Basic_Vocab,selection
APEUni_Reading_FIB_Basic_Vocab,ultimately
APEUni_Reading_FIB_Basic_Vocab,divorce
APEUni_Reading_FIB_Basic_Vocab,district
APEUni_Reading_FIB_Basic_Vocab,influential
APEUni_Reading_FIB_Basic_Vocab,volcano
APEUni_Reading_FIB_Basic_Vocab,cycle
APEUni_Reading_FIB_Basic_Vocab,organ
APEUni_Reading_FIB_Basic_Vocab,fundamental
APEUni_Reading_FIB_Basic_Vocab,photograph
APEUni_Reading_FIB_Basic_Vocab,military
APEUni_Reading_FIB_Basic_Vocab,acquire
APEUni_Reading_FIB_Basic_Vocab,atomic
APEUni_Reading_FIB_Basic_Vocab,invisible
APEUni_Reading_FIB_Basic_Vocab,document
APEUni_Reading_FIB_Basic_Vocab,gesture
APEUni_Reading_FIB_Basic_Vocab,vitamin
APEUni_Reading_FIB_Basic_Vocab,critic
APEUni_Reading_FIB_Basic_Vocab,conservation
APEUni_Reading_FIB_Basic_Vocab,corn
APEUni_Reading_FIB_Basic_Vocab,mud
APEUni_Reading_FIB_Basic_Vocab,plot
APEUni_Reading_FIB_Basic_Vocab,marriage
APEUni_Reading_FIB_Basic_Vocab,govern
APEUni_Reading_FIB_Basic_Vocab,extensive
APEUni_Reading_FIB_Basic_Vocab,stripe
APEUni_Reading_FIB_Basic_Vocab,poetry
APEUni_Reading_FIB_Basic_Vocab,deliver
APEUni_Reading_FIB_Basic_Vocab,thread
APEUni_Reading_FIB_Basic_Vocab,violent
APEUni_Reading_FIB_Basic_Vocab,judgement
APEUni_Reading_FIB_Basic_Vocab,objective
APEUni_Reading_FIB_Basic_Vocab,modify
APEUni_Reading_FIB_Basic_Vocab,territory
APEUni_Reading_FIB_Basic_Vocab,theoretical
APEUni_Reading_FIB_Basic_Vocab,physician
APEUni_Reading_FIB_Basic_Vocab,rapidly
APEUni_Reading_FIB_Basic_Vocab,mosquito
APEUni_Reading_FIB_Basic_Vocab,textile
APEUni_Reading_FIB_Basic_Vocab,mechanical
APEUni_Reading_FIB_Basic_Vocab,appropriate
APEUni_Reading_FIB_Basic_Vocab,council
APEUni_Reading_FIB_Basic_Vocab,organic
APEUni_Reading_FIB_Basic_Vocab,principal
APEUni_Reading_FIB_Basic_Vocab,consciousness
APEUni_Reading_FIB_Basic_Vocab,pole
APEUni_Reading_FIB_Basic_Vocab,previous
APEUni_Reading_FIB_Basic_Vocab,alter
APEUni_Reading_FIB_Basic_Vocab,code
APEUni_Reading_FIB_Basic_Vocab,distant
APEUni_Reading_FIB_Basic_Vocab,convention
APEUni_Reading_FIB_Basic_Vocab,atmosphere
APEUni_Reading_FIB_Basic_Vocab,faculty
APEUni_Reading_FIB_Basic_Vocab,basin
APEUni_Reading_FIB_Basic_Vocab,manufacture
APEUni_Reading_FIB_Basic_Vocab,crack
APEUni_Reading_FIB_Basic_Vocab,ratio
APEUni_Reading_FIB_Basic_Vocab,prospect
APEUni_Reading_FIB_Basic_Vocab,survival
APEUni_Reading_FIB_Basic_Vocab,psychological
APEUni_Reading_FIB_Basic_Vocab,barn
APEUni_Reading_FIB_Basic_Vocab,bulb
APEUni_Reading_FIB_Basic_Vocab,fluid
APEUni_Reading_FIB_Basic_Vocab,mission
APEUni_Reading_FIB_Basic_Vocab,commit
APEUni_Reading_FIB_Basic_Vocab,bronze
APEUni_Reading_FIB_Basic_Vocab,deposit
APEUni_Reading_FIB_Basic_Vocab,monitor
APEUni_Reading_FIB_Basic_Vocab,religious
APEUni_Reading_FIB_Basic_Vocab,symptom
APEUni_Reading_FIB_Basic_Vocab,lung
APEUni_Reading_FIB_Basic_Vocab,liquid
APEUni_Reading_FIB_Basic_Vocab,constant
APEUni_Reading_FIB_Basic_Vocab,radioactivity
APEUni_Reading_FIB_Basic_Vocab,era
APEUni_Reading_FIB_Basic_Vocab,numerous
APEUni_Reading_FIB_Basic_Vocab,questionnaire
APEUni_Reading_FIB_Basic_Vocab,interior
APEUni_Reading_FIB_Basic_Vocab,constitution
APEUni_Reading_FIB_Basic_Vocab,conference
APEUni_Reading_FIB_Basic_Vocab,aggressive
APEUni_Reading_FIB_Basic_Vocab,edition
APEUni_Reading_FIB_Basic_Vocab,accommodation
APEUni_Reading_FIB_Basic_Vocab,embrace
APEUni_Reading_FIB_Basic_Vocab,specialist
APEUni_Reading_FIB_Basic_Vocab,foundation
APEUni_Reading_FIB_Basic_Vocab,nutrition
APEUni_Reading_FIB_Basic_Vocab,abundant
APEUni_Reading_FIB_Basic_Vocab,tense
APEUni_Reading_FIB_Basic_Vocab,sink
APEUni_Reading_FIB_Basic_Vocab,hurricane
APEUni_Reading_FIB_Basic_Vocab,molecule
APEUni_Reading_FIB_Basic_Vocab,court
APEUni_Reading_FIB_Basic_Vocab,oppose
APEUni_Reading_FIB_Basic_Vocab,entertainment
APEUni_Reading_FIB_Basic_Vocab,nucleus
APEUni_Reading_FIB_Basic_Vocab,atom
APEUni_Reading_FIB_Basic_Vocab,youth
APEUni_Reading_FIB_Basic_Vocab,frontier
APEUni_Reading_FIB_Basic_Vocab,crowd
APEUni_Reading_FIB_Basic_Vocab,visible
APEUni_Reading_FIB_Basic_Vocab,mathematical
APEUni_Reading_FIB_Basic_Vocab,roll
APEUni_Reading_FIB_Basic_Vocab,crew
APEUni_Reading_FIB_Basic_Vocab,circumstance
APEUni_Reading_FIB_Basic_Vocab,steady
APEUni_Reading_FIB_Basic_Vocab,rotten
APEUni_Reading_FIB_Basic_Vocab,departure
APEUni_Reading_FIB_Basic_Vocab,disagree
APEUni_Reading_FIB_Basic_Vocab,column
APEUni_Reading_FIB_Basic_Vocab,minority
APEUni_Reading_FIB_Basic_Vocab,cubic
APEUni_Reading_FIB_Basic_Vocab,personnel
APEUni_Reading_FIB_Basic_Vocab,sketch
APEUni_Reading_FIB_Basic_Vocab,unfortunate
APEUni_Reading_FIB_Basic_Vocab,mature
APEUni_Reading_FIB_Basic_Vocab,route
APEUni_Reading_FIB_Basic_Vocab,permanent
APEUni_Reading_FIB_Basic_Vocab,rotate
APEUni_Reading_FIB_Basic_Vocab,elect
APEUni_Reading_FIB_Basic_Vocab,invasion
APEUni_Reading_FIB_Basic_Vocab,concrete
APEUni_Reading_FIB_Basic_Vocab,flavour
APEUni_Reading_FIB_Basic_Vocab,apparent
APEUni_Reading_FIB_Basic_Vocab,sensitive
APEUni_Reading_FIB_Basic_Vocab,undergraduate
APEUni_Reading_FIB_Basic_Vocab,mathematics
APEUni_Reading_FIB_Basic_Vocab,poison
APEUni_Reading_FIB_Basic_Vocab,formal
APEUni_Reading_FIB_Basic_Vocab,inhabit
APEUni_Reading_FIB_Basic_Vocab,sway
APEUni_Reading_FIB_Basic_Vocab,tongue
APEUni_Reading_FIB_Basic_Vocab,dam
APEUni_Reading_FIB_Basic_Vocab,refine
APEUni_Reading_FIB_Basic_Vocab,observer
APEUni_Reading_FIB_Basic_Vocab,requirement
APEUni_Reading_FIB_Basic_Vocab,stem
APEUni_Reading_FIB_Basic_Vocab,recipe
APEUni_Reading_FIB_Basic_Vocab,straightforward
APEUni_Reading_FIB_Basic_Vocab,ignore
APEUni_Reading_FIB_Basic_Vocab,orchestra
APEUni_Reading_FIB_Basic_Vocab,reproduce
APEUni_Reading_FIB_Basic_Vocab,historical
APEUni_Reading_FIB_Basic_Vocab,external
APEUni_Reading_FIB_Basic_Vocab,confuse
APEUni_Reading_FIB_Basic_Vocab,establishment
APEUni_Reading_FIB_Basic_Vocab,clone
APEUni_Reading_FIB_Basic_Vocab,imagination
APEUni_Reading_FIB_Basic_Vocab,distribution
APEUni_Reading_FIB_Basic_Vocab,feedback
APEUni_Reading_FIB_Basic_Vocab,steer
APEUni_Reading_FIB_Basic_Vocab,tailor
APEUni_Reading_FIB_Basic_Vocab,dynamic
APEUni_Reading_FIB_Basic_Vocab,isolate
APEUni_Reading_FIB_Basic_Vocab,insurance
APEUni_Reading_FIB_Basic_Vocab,elsewhere
APEUni_Reading_FIB_Basic_Vocab,radiation
APEUni_Reading_FIB_Basic_Vocab,circuit
APEUni_Reading_FIB_Basic_Vocab,ridge
APEUni_Reading_FIB_Basic_Vocab,impressive
APEUni_Reading_FIB_Basic_Vocab,description
APEUni_Reading_FIB_Basic_Vocab,grand
APEUni_Reading_FIB_Basic_Vocab,harvest
APEUni_Reading_FIB_Basic_Vocab,portion
APEUni_Reading_FIB_Basic_Vocab,inner
APEUni_Reading_FIB_Basic_Vocab,administration
APEUni_Reading_FIB_Basic_Vocab,gunpowder
APEUni_Reading_FIB_Basic_Vocab,remedy
APEUni_Reading_FIB_Basic_Vocab,eliminate
APEUni_Reading_FIB_Basic_Vocab,supplement
APEUni_Reading_FIB_Basic_Vocab,freedom
APEUni_Reading_FIB_Basic_Vocab,excess
APEUni_Reading_FIB_Basic_Vocab,welfare
APEUni_Reading_FIB_Basic_Vocab,universal
APEUni_Reading_FIB_Basic_Vocab,comprise
APEUni_Reading_FIB_Basic_Vocab,celebration
APEUni_Reading_FIB_Basic_Vocab,evident
APEUni_Reading_FIB_Basic_Vocab,cultivate
APEUni_Reading_FIB_Basic_Vocab,unite
APEUni_Reading_FIB_Basic_Vocab,stroke
APEUni_Reading_FIB_Basic_Vocab,wire
APEUni_Reading_FIB_Basic_Vocab,thoughtful
APEUni_Reading_FIB_Basic_Vocab,bid
APEUni_Reading_FIB_Basic_Vocab,aluminium
APEUni_Reading_FIB_Basic_Vocab,dairy
APEUni_Reading_FIB_Basic_Vocab,genuine
APEUni_Reading_FIB_Basic_Vocab,fragile
APEUni_Reading_FIB_Basic_Vocab,canal
APEUni_Reading_FIB_Basic_Vocab,consequent
APEUni_Reading_FIB_Basic_Vocab,dig
APEUni_Reading_FIB_Basic_Vocab,republic
APEUni_Reading_FIB_Basic_Vocab,frequent
APEUni_Reading_FIB_Basic_Vocab,mere
APEUni_Reading_FIB_Basic_Vocab,recreation
APEUni_Reading_FIB_Basic_Vocab,exhibit
APEUni_Reading_FIB_Basic_Vocab,odour
APEUni_Reading_FIB_Basic_Vocab,entertain
APEUni_Reading_FIB_Basic_Vocab,thereby
APEUni_Reading_FIB_Basic_Vocab,adjust
APEUni_Reading_FIB_Basic_Vocab,wheat
APEUni_Reading_FIB_Basic_Vocab,unconscious
APEUni_Reading_FIB_Basic_Vocab,widespread
APEUni_Reading_FIB_Basic_Vocab,venture
APEUni_Reading_FIB_Basic_Vocab,prescription
APEUni_Reading_FIB_Basic_Vocab,register
APEUni_Reading_FIB_Basic_Vocab,federal
APEUni_Reading_FIB_Basic_Vocab,extraordinary
APEUni_Reading_FIB_Basic_Vocab,equip
APEUni_Reading_FIB_Basic_Vocab,qualification
APEUni_Reading_FIB_Basic_Vocab,ease
APEUni_Reading_FIB_Basic_Vocab,trail
APEUni_Reading_FIB_Basic_Vocab,immigrant
APEUni_Reading_FIB_Basic_Vocab,destroy
APEUni_Reading_FIB_Basic_Vocab,corridor
APEUni_Reading_FIB_Basic_Vocab,moderate
APEUni_Reading_FIB_Basic_Vocab,murder
APEUni_Reading_FIB_Basic_Vocab,fibre
APEUni_Reading_FIB_Basic_Vocab,persuade
APEUni_Reading_FIB_Basic_Vocab,neighbourhood
APEUni_Reading_FIB_Basic_Vocab,interpretation
APEUni_Reading_FIB_Basic_Vocab,vibration
APEUni_Reading_FIB_Basic_Vocab,interrupt
APEUni_Reading_FIB_Basic_Vocab,sweat
APEUni_Reading_FIB_Basic_Vocab,mount
APEUni_Reading_FIB_Basic_Vocab,aggression
APEUni_Reading_FIB_Basic_Vocab,thorough
APEUni_Reading_FIB_Basic_Vocab,riddle
APEUni_Reading_FIB_Basic_Vocab,peasant
APEUni_Reading_FIB_Basic_Vocab,sacrifice
APEUni_Reading_FIB_Basic_Vocab,rid
APEUni_Reading_FIB_Basic_Vocab,harsh
APEUni_Reading_FIB_Basic_Vocab,rigid
APEUni_Reading_FIB_Basic_Vocab,percentage
APEUni_Reading_FIB_Basic_Vocab,justice
APEUni_Reading_FIB_Basic_Vocab,applicable
APEUni_Reading_FIB_Basic_Vocab,beneath
APEUni_Reading_FIB_Basic_Vocab,headquarter
APEUni_Reading_FIB_Basic_Vocab,desirable
APEUni_Reading_FIB_Basic_Vocab,accomplish
APEUni_Reading_FIB_Basic_Vocab,entrance
APEUni_Reading_FIB_Basic_Vocab,oxygen
APEUni_Reading_FIB_Basic_Vocab,deny
APEUni_Reading_FIB_Basic_Vocab,blame
APEUni_Reading_FIB_Basic_Vocab,cure
APEUni_Reading_FIB_Basic_Vocab,horizon
APEUni_Reading_FIB_Basic_Vocab,domestic
APEUni_Reading_FIB_Basic_Vocab,shuttle
APEUni_Reading_FIB_Basic_Vocab,hydrogen
APEUni_Reading_FIB_Basic_Vocab,mould
APEUni_Reading_FIB_Basic_Vocab,tempt
APEUni_Reading_FIB_Basic_Vocab,religion
APEUni_Reading_FIB_Basic_Vocab,bureau
APEUni_Reading_FIB_Basic_Vocab,preparation
APEUni_Reading_FIB_Basic_Vocab,swallow
APEUni_Reading_FIB_Basic_Vocab,imply
APEUni_Reading_FIB_Basic_Vocab,chamber
APEUni_Reading_FIB_Basic_Vocab,satisfactory
APEUni_Reading_FIB_Basic_Vocab,threaten
APEUni_Reading_FIB_Basic_Vocab,bend
APEUni_Reading_FIB_Basic_Vocab,unity
APEUni_Reading_FIB_Basic_Vocab,fortunate
APEUni_Reading_FIB_Basic_Vocab,mill
APEUni_Reading_FIB_Basic_Vocab,permission
APEUni_Reading_FIB_Basic_Vocab,secondary
APEUni_Reading_FIB_Basic_Vocab,indirect
APEUni_Reading_FIB_Basic_Vocab,preliminary
APEUni_Reading_FIB_Basic_Vocab,destruction
APEUni_Reading_FIB_Basic_Vocab,precision
APEUni_Reading_FIB_Basic_Vocab,dispute
APEUni_Reading_FIB_Basic_Vocab,absolute
APEUni_Reading_FIB_Basic_Vocab,scatter
APEUni_Reading_FIB_Basic_Vocab,continuous
APEUni_Reading_FIB_Basic_Vocab,erupt
APEUni_Reading_FIB_Basic_Vocab,paragraph
APEUni_Reading_FIB_Basic_Vocab,abstract
APEUni_Reading_FIB_Basic_Vocab,coincidence
APEUni_Reading_FIB_Basic_Vocab,feast
APEUni_Reading_FIB_Basic_Vocab,alcohol
APEUni_Reading_FIB_Basic_Vocab,pack
APEUni_Reading_FIB_Basic_Vocab,admission
APEUni_Reading_FIB_Basic_Vocab,helmet
APEUni_Reading_FIB_Basic_Vocab,surgeon
APEUni_Reading_FIB_Basic_Vocab,pile
APEUni_Reading_FIB_Basic_Vocab,lean
APEUni_Reading_FIB_Basic_Vocab,automatic
APEUni_Reading_FIB_Basic_Vocab,legend
APEUni_Reading_FIB_Basic_Vocab,cyclist
APEUni_Reading_FIB_Basic_Vocab,garbage
APEUni_Reading_FIB_Basic_Vocab,insert
APEUni_Reading_FIB_Basic_Vocab,prosperous
APEUni_Reading_FIB_Basic_Vocab,trial
APEUni_Reading_FIB_Basic_Vocab,subsequent
APEUni_Reading_FIB_Basic_Vocab,identification
APEUni_Reading_FIB_Basic_Vocab,bay
APEUni_Reading_FIB_Basic_Vocab,punishment
APEUni_Reading_FIB_Basic_Vocab,sticky
APEUni_Reading_FIB_Basic_Vocab,fortune
APEUni_Reading_FIB_Basic_Vocab,systematic
APEUni_Reading_FIB_Basic_Vocab,pursuit
APEUni_Reading_FIB_Basic_Vocab,scent
APEUni_Reading_FIB_Basic_Vocab,fatal
APEUni_Reading_FIB_Basic_Vocab,consideration
APEUni_Reading_FIB_Basic_Vocab,vehicle
APEUni_Reading_FIB_Basic_Vocab,mixture
APEUni_Reading_FIB_Basic_Vocab,pulse
APEUni_Reading_FIB_Basic_Vocab,ministry
APEUni_Reading_FIB_Basic_Vocab,comb
APEUni_Reading_FIB_Basic_Vocab,calculation
APEUni_Reading_FIB_Basic_Vocab,utility
APEUni_Reading_FIB_Basic_Vocab,density
APEUni_Reading_FIB_Basic_Vocab,temple
APEUni_Reading_FIB_Basic_Vocab,knot
APEUni_Reading_FIB_Basic_Vocab,magnificent
APEUni_Reading_FIB_Basic_Vocab,elastic
APEUni_Reading_FIB_Basic_Vocab,opponent
APEUni_Reading_FIB_Basic_Vocab,economical
APEUni_Reading_FIB_Basic_Vocab,alloy
APEUni_Reading_FIB_Basic_Vocab,philosopher
APEUni_Reading_FIB_Basic_Vocab,sufficient
APEUni_Reading_FIB_Basic_Vocab,jar
APEUni_Reading_FIB_Basic_Vocab,contest
APEUni_Reading_FIB_Basic_Vocab,yield
APEUni_Reading_FIB_Basic_Vocab,nursery
APEUni_Reading_FIB_Basic_Vocab,harbour
APEUni_Reading_FIB_Basic_Vocab,comment
APEUni_Reading_FIB_Basic_Vocab,perfume
APEUni_Reading_FIB_Basic_Vocab,valid
APEUni_Reading_FIB_Basic_Vocab,architecture
APEUni_Reading_FIB_Basic_Vocab,abuse
APEUni_Reading_FIB_Basic_Vocab,layout
APEUni_Reading_FIB_Basic_Vocab,veil
APEUni_Reading_FIB_Basic_Vocab,width
APEUni_Reading_FIB_Basic_Vocab,resort
APEUni_Reading_FIB_Basic_Vocab,immigration
APEUni_Reading_FIB_Basic_Vocab,purify
APEUni_Reading_FIB_Basic_Vocab,profession
APEUni_Reading_FIB_Basic_Vocab,convert
APEUni_Reading_FIB_Basic_Vocab,ownership
APEUni_Reading_FIB_Basic_Vocab,electrical
APEUni_Reading_FIB_Basic_Vocab,temporary
APEUni_Reading_FIB_Basic_Vocab,overhead
APEUni_Reading_FIB_Basic_Vocab,curve
APEUni_Reading_FIB_Basic_Vocab,photographic
APEUni_Reading_FIB_Basic_Vocab,horn
APEUni_Reading_FIB_Basic_Vocab,communism
APEUni_Reading_FIB_Basic_Vocab,fulfil
APEUni_Reading_FIB_Basic_Vocab,tractor
APEUni_Reading_FIB_Basic_Vocab,election
APEUni_Reading_FIB_Basic_Vocab,punch
APEUni_Reading_FIB_Basic_Vocab,oral
APEUni_Reading_FIB_Basic_Vocab,delight
APEUni_Reading_FIB_Basic_Vocab,exhibition
APEUni_Reading_FIB_Basic_Vocab,acceleration
APEUni_Reading_FIB_Basic_Vocab,neglect
APEUni_Reading_FIB_Basic_Vocab,bang
APEUni_Reading_FIB_Basic_Vocab,summary
APEUni_Reading_FIB_Basic_Vocab,worthless
APEUni_Reading_FIB_Basic_Vocab,assistance
APEUni_Reading_FIB_Basic_Vocab,sunrise
APEUni_Reading_FIB_Basic_Vocab,stack
APEUni_Reading_FIB_Basic_Vocab,illustrate
APEUni_Reading_FIB_Basic_Vocab,privilege
APEUni_Reading_FIB_Basic_Vocab,inhabitant
APEUni_Reading_FIB_Basic_Vocab,inventor
APEUni_Reading_FIB_Basic_Vocab,spokesman
APEUni_Reading_FIB_Basic_Vocab,jewel
APEUni_Reading_FIB_Basic_Vocab,locomotive
APEUni_Reading_FIB_Basic_Vocab,weed
APEUni_Reading_FIB_Basic_Vocab,acute
APEUni_Reading_FIB_Basic_Vocab,fate
APEUni_Reading_FIB_Basic_Vocab,flash
APEUni_Reading_FIB_Basic_Vocab,sword
APEUni_Reading_FIB_Basic_Vocab,famine
APEUni_Reading_FIB_Basic_Vocab,republica
APEUni_Reading_FIB_Basic_Vocab,tight
APEUni_Reading_FIB_Basic_Vocab,tablet
APEUni_Reading_FIB_Basic_Vocab,assign
APEUni_Reading_FIB_Basic_Vocab,tribe
APEUni_Reading_FIB_Basic_Vocab,restless
APEUni_Reading_FIB_Basic_Vocab,obstacle
APEUni_Reading_FIB_Basic_Vocab,distinction
APEUni_Reading_FIB_Basic_Vocab,appreciate
APEUni_Reading_FIB_Basic_Vocab,gymnasium
APEUni_Reading_FIB_Basic_Vocab,distress
APEUni_Reading_FIB_Basic_Vocab,refute
APEUni_Reading_FIB_Basic_Vocab,jungle
APEUni_Reading_FIB_Basic_Vocab,resolve
APEUni_Reading_FIB_Basic_Vocab,defend
APEUni_Reading_FIB_Basic_Vocab,leap
APEUni_Reading_FIB_Basic_Vocab,decorate
APEUni_Reading_FIB_Basic_Vocab,racial
APEUni_Reading_FIB_Basic_Vocab,span
APEUni_Reading_FIB_Basic_Vocab,timber
APEUni_Reading_FIB_Basic_Vocab,crush
APEUni_Reading_FIB_Basic_Vocab,shadow
APEUni_Reading_FIB_Basic_Vocab,schedule
APEUni_Reading_FIB_Basic_Vocab,speciman
APEUni_Reading_FIB_Basic_Vocab,conductor
APEUni_Reading_FIB_Basic_Vocab,vibrate
APEUni_Reading_FIB_Basic_Vocab,probability
APEUni_Reading_FIB_Basic_Vocab,logical
APEUni_Reading_FIB_Basic_Vocab,surgery
APEUni_Reading_FIB_Basic_Vocab,aviation
APEUni_Reading_FIB_Basic_Vocab,pyramid
APEUni_Reading_FIB_Basic_Vocab,sensible
APEUni_Reading_FIB_Basic_Vocab,microphone
APEUni_Reading_FIB_Basic_Vocab,compile
APEUni_Reading_FIB_Basic_Vocab,aside
APEUni_Reading_FIB_Basic_Vocab,shrink
APEUni_Reading_FIB_Basic_Vocab,wholly
APEUni_Reading_FIB_Basic_Vocab,shallow
APEUni_Reading_FIB_Basic_Vocab,motto
APEUni_Reading_FIB_Basic_Vocab,strait
APEUni_Reading_FIB_Basic_Vocab,squeeze
APEUni_Reading_FIB_Basic_Vocab,appointment
APEUni_Reading_FIB_Basic_Vocab,disposal
APEUni_Reading_FIB_Basic_Vocab,emergency
APEUni_Reading_FIB_Basic_Vocab,nitrogen
APEUni_Reading_FIB_Basic_Vocab,sponsor
APEUni_Reading_FIB_Basic_Vocab,tuck
APEUni_Reading_FIB_Basic_Vocab,wage
APEUni_Reading_FIB_Basic_Vocab,republican
APEUni_Reading_FIB_Basic_Vocab,flee
APEUni_Reading_FIB_Basic_Vocab,discrimination
APEUni_Reading_FIB_Basic_Vocab,intensive
APEUni_Reading_FIB_Basic_Vocab,crust
APEUni_Reading_FIB_Basic_Vocab,repetition
APEUni_Reading_FIB_Basic_Vocab,abnormal
APEUni_Reading_FIB_Basic_Vocab,secretary
APEUni_Reading_FIB_Basic_Vocab,pistol
APEUni_Reading_FIB_Basic_Vocab,knit
APEUni_Reading_FIB_Basic_Vocab,accustom
APEUni_Reading_FIB_Basic_Vocab,spur
APEUni_Reading_FIB_Basic_Vocab,occasion
APEUni_Reading_FIB_Basic_Vocab,precaution
APEUni_Reading_FIB_Basic_Vocab,beloved
APEUni_Reading_FIB_Basic_Vocab,wax
APEUni_Reading_FIB_Basic_Vocab,quake
APEUni_Reading_FIB_Basic_Vocab,flock
APEUni_Reading_FIB_Basic_Vocab,stability
APEUni_Reading_FIB_Basic_Vocab,tension
APEUni_Reading_FIB_Basic_Vocab,resistance
APEUni_Reading_FIB_Basic_Vocab,superior
APEUni_Reading_FIB_Basic_Vocab,transparent
APEUni_Reading_FIB_Basic_Vocab,absurd
APEUni_Reading_FIB_Basic_Vocab,chaos
APEUni_Reading_FIB_Basic_Vocab,yawn
APEUni_Reading_FIB_Basic_Vocab,basement
APEUni_Reading_FIB_Basic_Vocab,negotiate
APEUni_Reading_FIB_Basic_Vocab,boast
APEUni_Reading_FIB_Basic_Vocab,drain
APEUni_Reading_FIB_Basic_Vocab,workshop
APEUni_Reading_FIB_Basic_Vocab,utter
APEUni_Reading_FIB_Basic_Vocab,restriction
APEUni_Reading_FIB_Basic_Vocab,engineering
APEUni_Reading_FIB_Basic_Vocab,despise
APEUni_Reading_FIB_Basic_Vocab,mutual
APEUni_Reading_FIB_Basic_Vocab,incident
APEUni_Reading_FIB_Basic_Vocab,transmission
APEUni_Reading_FIB_Basic_Vocab,incline
APEUni_Reading_FIB_Basic_Vocab,initial
APEUni_Reading_FIB_Basic_Vocab,pillar
APEUni_Reading_FIB_Basic_Vocab,slope
APEUni_Reading_FIB_Basic_Vocab,pump
APEUni_Reading_FIB_Basic_Vocab,ultimate
APEUni_Reading_FIB_Basic_Vocab,inefficient
APEUni_Reading_FIB_Basic_Vocab,descend
APEUni_Reading_FIB_Basic_Vocab,headmaster
APEUni_Reading_FIB_Basic_Vocab,owe
APEUni_Reading_FIB_Basic_Vocab,rod
APEUni_Reading_FIB_Basic_Vocab,succession
APEUni_Reading_FIB_Basic_Vocab,precious
APEUni_Reading_FIB_Basic_Vocab,starve
APEUni_Reading_FIB_Basic_Vocab,porter
APEUni_Reading_FIB_Basic_Vocab,faint
APEUni_Reading_FIB_Basic_Vocab,compress
APEUni_Reading_FIB_Basic_Vocab,resist
APEUni_Reading_FIB_Basic_Vocab,prosperity
APEUni_Reading_FIB_Basic_Vocab,waggon
APEUni_Reading_FIB_Basic_Vocab,outlet
APEUni_Reading_FIB_Basic_Vocab,voluntary
APEUni_Reading_FIB_Basic_Vocab,rib
APEUni_Reading_FIB_Basic_Vocab,undo
APEUni_Reading_FIB_Basic_Vocab,condense
APEUni_Reading_FIB_Basic_Vocab,damp
APEUni_Reading_FIB_Basic_Vocab,pleasant
APEUni_Reading_FIB_Basic_Vocab,compute
APEUni_Reading_FIB_Basic_Vocab,zone
APEUni_Reading_FIB_Basic_Vocab,corporation
APEUni_Reading_FIB_Basic_Vocab,stitch
APEUni_Reading_FIB_Basic_Vocab,navigation
APEUni_Reading_FIB_Basic_Vocab,dawn
APEUni_Reading_FIB_Basic_Vocab,glance
APEUni_basic_Vocab,exhaust
APEUni_basic_Vocab,intense
APEUni_basic_Vocab,deny
APEUni_basic_Vocab,nucleus
APEUni_basic_Vocab,demand
APEUni_basic_Vocab,understand
APEUni_basic_Vocab,intellectual
APEUni_basic_Vocab,factor
APEUni_basic_Vocab,disorder
APEUni_basic_Vocab,mean
APEUni_basic_Vocab,recycle
APEUni_basic_Vocab,circular
APEUni_basic_Vocab,appearance
APEUni_basic_Vocab,bat
APEUni_basic_Vocab,literature
APEUni_basic_Vocab,exposure
APEUni_basic_Vocab,explore
APEUni_basic_Vocab,abstract
APEUni_basic_Vocab,conservation
APEUni_basic_Vocab,effort
APEUni_basic_Vocab,consequently
APEUni_basic_Vocab,remain
APEUni_basic_Vocab,Budget
APEUni_basic_Vocab,reflect
APEUni_basic_Vocab,design
APEUni_basic_Vocab,competent
APEUni_basic_Vocab,force
APEUni_basic_Vocab,allow
APEUni_basic_Vocab,damp
APEUni_basic_Vocab,perception
APEUni_basic_Vocab,ingredient
APEUni_basic_Vocab,write
APEUni_basic_Vocab,combine
APEUni_basic_Vocab,industrial
APEUni_basic_Vocab,local
APEUni_basic_Vocab,lead
APEUni_basic_Vocab,solar
APEUni_basic_Vocab,scientific
APEUni_basic_Vocab,critical
APEUni_basic_Vocab,miss
APEUni_basic_Vocab,ambitious
APEUni_basic_Vocab,distribution
APEUni_basic_Vocab,capacity
APEUni_basic_Vocab,contest
APEUni_basic_Vocab,core
APEUni_basic_Vocab,immense
APEUni_basic_Vocab,purchase
APEUni_basic_Vocab,prosperity
APEUni_basic_Vocab,precede
APEUni_basic_Vocab,vulnerable
APEUni_basic_Vocab,usage
APEUni_basic_Vocab,be
APEUni_basic_Vocab,medium
APEUni_basic_Vocab,opponent
APEUni_basic_Vocab,technique
APEUni_basic_Vocab,symbol
APEUni_basic_Vocab,enable
APEUni_basic_Vocab,launch
APEUni_basic_Vocab,interest
APEUni_basic_Vocab,electric
APEUni_basic_Vocab,manufacturer
APEUni_basic_Vocab,qualify
APEUni_basic_Vocab,readily
APEUni_basic_Vocab,sensible
APEUni_basic_Vocab,X-ray
APEUni_basic_Vocab,ban
APEUni_basic_Vocab,determine
APEUni_basic_Vocab,species
APEUni_basic_Vocab,presentation
APEUni_basic_Vocab,include
APEUni_basic_Vocab,result
APEUni_basic_Vocab,financial
APEUni_basic_Vocab,odd
APEUni_basic_Vocab,neutral
APEUni_basic_Vocab,approach
APEUni_basic_Vocab,observe
APEUni_basic_Vocab,cope
APEUni_basic_Vocab,particularly
APEUni_basic_Vocab,rotten
APEUni_basic_Vocab,tour
APEUni_basic_Vocab,internal
APEUni_basic_Vocab,gesture
APEUni_basic_Vocab,glimpse
APEUni_basic_Vocab,allocate
APEUni_basic_Vocab,graduate
APEUni_basic_Vocab,adequate
APEUni_basic_Vocab,engine
APEUni_basic_Vocab,constitute
APEUni_basic_Vocab,substantial
APEUni_basic_Vocab,accordance
APEUni_basic_Vocab,alternative
APEUni_basic_Vocab,source
APEUni_basic_Vocab,necessarily
APEUni_basic_Vocab,responsible
APEUni_basic_Vocab,conclusion
APEUni_basic_Vocab,ethnic
APEUni_basic_Vocab,give
APEUni_basic_Vocab,output
APEUni_basic_Vocab,pond
APEUni_basic_Vocab,positive
APEUni_basic_Vocab,ability
APEUni_basic_Vocab,potential
APEUni_basic_Vocab,oral
APEUni_basic_Vocab,hardship
APEUni_basic_Vocab,highlight
APEUni_basic_Vocab,desperate
APEUni_basic_Vocab,association
APEUni_basic_Vocab,poverty
APEUni_basic_Vocab,division
APEUni_basic_Vocab,strategy
APEUni_basic_Vocab,management
APEUni_basic_Vocab,market
APEUni_basic_Vocab,analysis
APEUni_basic_Vocab,preparation
APEUni_basic_Vocab,beneath
APEUni_basic_Vocab,breed
APEUni_basic_Vocab,contrary
APEUni_basic_Vocab,semester
APEUni_basic_Vocab,achievement
APEUni_basic_Vocab,radical
APEUni_basic_Vocab,scope
APEUni_basic_Vocab,convince
APEUni_basic_Vocab,measure
APEUni_basic_Vocab,weaken
APEUni_basic_Vocab,strengthen
APEUni_basic_Vocab,union
APEUni_basic_Vocab,necessity
APEUni_basic_Vocab,independent
APEUni_basic_Vocab,wealth
APEUni_basic_Vocab,powerful
APEUni_basic_Vocab,career
APEUni_basic_Vocab,equivalent
APEUni_basic_Vocab,generator
APEUni_basic_Vocab,motor
APEUni_basic_Vocab,humor
APEUni_basic_Vocab,optimistic
APEUni_basic_Vocab,temper
APEUni_basic_Vocab,puzzle
APEUni_basic_Vocab,relative
APEUni_basic_Vocab,virtually
APEUni_basic_Vocab,recently
APEUni_basic_Vocab,invariably
APEUni_basic_Vocab,hip
APEUni_basic_Vocab,elbow
APEUni_basic_Vocab,outward
APEUni_basic_Vocab,signal
APEUni_basic_Vocab,likely
APEUni_basic_Vocab,survive
APEUni_basic_Vocab,alliance
APEUni_basic_Vocab,protection
APEUni_basic_Vocab,exchange
APEUni_basic_Vocab,flesh
APEUni_basic_Vocab,grand
APEUni_basic_Vocab,attain
APEUni_basic_Vocab,specific
APEUni_basic_Vocab,subject
APEUni_basic_Vocab,debate
APEUni_basic_Vocab,evidence
APEUni_basic_Vocab,establish
APEUni_basic_Vocab,similar
APEUni_basic_Vocab,pregnant
APEUni_basic_Vocab,propose
APEUni_basic_Vocab,publication
APEUni_basic_Vocab,journal
APEUni_basic_Vocab,mood
APEUni_basic_Vocab,influence
APEUni_basic_Vocab,extent
APEUni_basic_Vocab,rely
APEUni_basic_Vocab,focus
APEUni_basic_Vocab,external
APEUni_basic_Vocab,promote
APEUni_basic_Vocab,negative
APEUni_basic_Vocab,recruit
APEUni_basic_Vocab,alphabet
APEUni_basic_Vocab,spell
APEUni_basic_Vocab,despite
APEUni_basic_Vocab,performance
APEUni_basic_Vocab,requirement
APEUni_basic_Vocab,environment
APEUni_basic_Vocab,condition
APEUni_basic_Vocab,resource
APEUni_basic_Vocab,material
APEUni_basic_Vocab,limit
APEUni_basic_Vocab,supply
APEUni_basic_Vocab,faculty
APEUni_basic_Vocab,spite
APEUni_basic_Vocab,significance
APEUni_basic_Vocab,efficiency
APEUni_basic_Vocab,represent
APEUni_basic_Vocab,single
APEUni_basic_Vocab,aspect
APEUni_basic_Vocab,debt
APEUni_basic_Vocab,truly
APEUni_basic_Vocab,average
APEUni_basic_Vocab,loan
APEUni_basic_Vocab,tuition
APEUni_basic_Vocab,insult
APEUni_basic_Vocab,criticism
APEUni_basic_Vocab,unexpected
APEUni_basic_Vocab,enthusiasm
APEUni_basic_Vocab,competition
APEUni_basic_Vocab,participate
APEUni_basic_Vocab,fame
APEUni_basic_Vocab,series
APEUni_basic_Vocab,paw
APEUni_basic_Vocab,project
APEUni_basic_Vocab,survey
APEUni_basic_Vocab,whereas
APEUni_basic_Vocab,interview
APEUni_basic_Vocab,administration
APEUni_basic_Vocab,option
APEUni_basic_Vocab,bake
APEUni_basic_Vocab,patient
APEUni_basic_Vocab,drink
APEUni_basic_Vocab,widespread
APEUni_basic_Vocab,acceptance
APEUni_basic_Vocab,criminal
APEUni_basic_Vocab,regulation
APEUni_basic_Vocab,prohibit
APEUni_basic_Vocab,vary
APEUni_basic_Vocab,definition
APEUni_basic_Vocab,legislation
APEUni_basic_Vocab,define
APEUni_basic_Vocab,substance
APEUni_basic_Vocab,loose
APEUni_basic_Vocab,product
APEUni_basic_Vocab,welfare
APEUni_basic_Vocab,unite
APEUni_basic_Vocab,aid
APEUni_basic_Vocab,comparison
APEUni_basic_Vocab,regard
APEUni_basic_Vocab,universal
APEUni_basic_Vocab,region
APEUni_basic_Vocab,obtain
APEUni_basic_Vocab,support
APEUni_basic_Vocab,writer
APEUni_basic_Vocab,characteristic
APEUni_basic_Vocab,pulse
APEUni_basic_Vocab,billion
APEUni_basic_Vocab,variable
APEUni_basic_Vocab,graph
APEUni_basic_Vocab,select
APEUni_basic_Vocab,analyse
APEUni_basic_Vocab,click
APEUni_basic_Vocab,chief
APEUni_basic_Vocab,executive
APEUni_basic_Vocab,balance
APEUni_basic_Vocab,motivate
APEUni_basic_Vocab,diverse
APEUni_basic_Vocab,staf
APEUni_basic_Vocab,legal
APEUni_basic_Vocab,cheerful
APEUni_basic_Vocab,enhance
APEUni_basic_Vocab,concentration
APEUni_basic_Vocab,hence
APEUni_basic_Vocab,pad
APEUni_basic_Vocab,philosopher
APEUni_basic_Vocab,describe
APEUni_basic_Vocab,rational
APEUni_basic_Vocab,emotional
APEUni_basic_Vocab,deliberate
APEUni_basic_Vocab,tune
APEUni_basic_Vocab,blend
APEUni_basic_Vocab,precise
APEUni_basic_Vocab,divide
APEUni_basic_Vocab,function
APEUni_basic_Vocab,creative
APEUni_basic_Vocab,logical
APEUni_basic_Vocab,tendency
APEUni_basic_Vocab,tend
APEUni_basic_Vocab,crowd
APEUni_basic_Vocab,global
APEUni_basic_Vocab,atmosphere
APEUni_basic_Vocab,trend
APEUni_basic_Vocab,concern
APEUni_basic_Vocab,official
APEUni_basic_Vocab,greenhouse
APEUni_basic_Vocab,personnel
APEUni_basic_Vocab,target
APEUni_basic_Vocab,attack
APEUni_basic_Vocab,datum
APEUni_basic_Vocab,agency
APEUni_basic_Vocab,Republican
APEUni_basic_Vocab,pack
APEUni_basic_Vocab,male
APEUni_basic_Vocab,candidate
APEUni_basic_Vocab,politics
APEUni_basic_Vocab,response
APEUni_basic_Vocab,reduction
APEUni_basic_Vocab,fuel
APEUni_basic_Vocab,replace
APEUni_basic_Vocab,electrical
APEUni_basic_Vocab,efficient
APEUni_basic_Vocab,border
APEUni_basic_Vocab,urban
APEUni_basic_Vocab,span
APEUni_basic_Vocab,illegal
APEUni_basic_Vocab,cross
APEUni_basic_Vocab,crime
APEUni_basic_Vocab,prevalent
APEUni_basic_Vocab,interfere
APEUni_basic_Vocab,apply
APEUni_basic_Vocab,import
APEUni_basic_Vocab,export
APEUni_basic_Vocab,dictate
APEUni_basic_Vocab,unlike
APEUni_basic_Vocab,kingdom
APEUni_basic_Vocab,possession
APEUni_basic_Vocab,evolve
APEUni_basic_Vocab,interpretation
APEUni_basic_Vocab,bear
APEUni_basic_Vocab,machinery
APEUni_basic_Vocab,commonplace
APEUni_basic_Vocab,skilled
APEUni_basic_Vocab,employer
APEUni_basic_Vocab,bargain
APEUni_basic_Vocab,improvement
APEUni_basic_Vocab,engage
APEUni_basic_Vocab,sexual
APEUni_basic_Vocab,racial
APEUni_basic_Vocab,fascinate
APEUni_basic_Vocab,magnificent
APEUni_basic_Vocab,museum
APEUni_basic_Vocab,collection
APEUni_basic_Vocab,security
APEUni_basic_Vocab,object
APEUni_basic_Vocab,outside
APEUni_basic_Vocab,locate
APEUni_basic_Vocab,climate
APEUni_basic_Vocab,improve
APEUni_basic_Vocab,reveal
APEUni_basic_Vocab,reform
APEUni_basic_Vocab,rank
APEUni_basic_Vocab,pace
APEUni_basic_Vocab,overtake
APEUni_basic_Vocab,accord
APEUni_basic_Vocab,complain
APEUni_basic_Vocab,grind
APEUni_basic_Vocab,conference
APEUni_basic_Vocab,dominate
APEUni_basic_Vocab,absent
APEUni_basic_Vocab,genuine
APEUni_basic_Vocab,claim
APEUni_basic_Vocab,structure
APEUni_basic_Vocab,impress
APEUni_basic_Vocab,margin
APEUni_basic_Vocab,apart
APEUni_basic_Vocab,challenge
APEUni_basic_Vocab,complex
APEUni_basic_Vocab,impressive
APEUni_basic_Vocab,filter
APEUni_basic_Vocab,retain
APEUni_basic_Vocab,excess
APEUni_basic_Vocab,maintain
APEUni_basic_Vocab,flood
APEUni_basic_Vocab,erosion
APEUni_basic_Vocab,save
APEUni_basic_Vocab,collapse
APEUni_basic_Vocab,mobile
APEUni_basic_Vocab,commerce
APEUni_basic_Vocab,device
APEUni_basic_Vocab,digital
APEUni_basic_Vocab,assistant
APEUni_basic_Vocab,application
APEUni_basic_Vocab,commercial
APEUni_basic_Vocab,location
APEUni_basic_Vocab,zone
APEUni_basic_Vocab,flash
APEUni_basic_Vocab,prove
APEUni_basic_Vocab,item
APEUni_basic_Vocab,instruction
APEUni_basic_Vocab,comprehension
APEUni_basic_Vocab,secure
APEUni_basic_Vocab,convey
APEUni_basic_Vocab,pressure
APEUni_basic_Vocab,quote
APEUni_basic_Vocab,integrate
APEUni_basic_Vocab,argument
APEUni_basic_Vocab,character
APEUni_basic_Vocab,imaginative
APEUni_basic_Vocab,sympathy
APEUni_basic_Vocab,entertainment
APEUni_basic_Vocab,adapt
APEUni_basic_Vocab,classic
APEUni_basic_Vocab,benefit
APEUni_basic_Vocab,rarely
APEUni_basic_Vocab,concept
APEUni_basic_Vocab,possibility
APEUni_basic_Vocab,definitely
APEUni_basic_Vocab,increasingly
APEUni_basic_Vocab,emerge
APEUni_basic_Vocab,relate
APEUni_basic_Vocab,competitive
APEUni_basic_Vocab,advantage
APEUni_basic_Vocab,furniture
APEUni_basic_Vocab,essential
APEUni_basic_Vocab,civilize
APEUni_basic_Vocab,settle
APEUni_basic_Vocab,perceive
APEUni_basic_Vocab,overall
APEUni_basic_Vocab,significant
APEUni_basic_Vocab,inevitable
APEUni_basic_Vocab,outcome
APEUni_basic_Vocab,Parliament
APEUni_basic_Vocab,crown
APEUni_basic_Vocab,crucial
APEUni_basic_Vocab,ancient
APEUni_basic_Vocab,occur
APEUni_basic_Vocab,planet
APEUni_basic_Vocab,channel
APEUni_basic_Vocab,contrast
APEUni_basic_Vocab,exploit
APEUni_basic_Vocab,technology
APEUni_basic_Vocab,gear
APEUni_basic_Vocab,physical
APEUni_basic_Vocab,molecule
APEUni_basic_Vocab,bacteria
APEUni_basic_Vocab,virus
APEUni_basic_Vocab,activity
APEUni_basic_Vocab,culture
APEUni_basic_Vocab,affect
APEUni_basic_Vocab,belief
APEUni_basic_Vocab,network
APEUni_basic_Vocab,current
APEUni_basic_Vocab,shift
APEUni_basic_Vocab,risk
APEUni_basic_Vocab,cancer
APEUni_basic_Vocab,impact
APEUni_basic_Vocab,hunt
APEUni_basic_Vocab,somewhat
APEUni_basic_Vocab,avoid
APEUni_basic_Vocab,trail
APEUni_basic_Vocab,whale
APEUni_basic_Vocab,adopt
APEUni_basic_Vocab,reproduce
APEUni_basic_Vocab,communicate
APEUni_basic_Vocab,threat
APEUni_basic_Vocab,mystery
APEUni_basic_Vocab,glorious
APEUni_basic_Vocab,Empire
APEUni_basic_Vocab,ruin
APEUni_basic_Vocab,marine
APEUni_basic_Vocab,vital
APEUni_basic_Vocab,transportation
APEUni_basic_Vocab,cargo
APEUni_basic_Vocab,largely
APEUni_basic_Vocab,pollution
APEUni_basic_Vocab,rub
APEUni_basic_Vocab,myth
APEUni_basic_Vocab,besides
APEUni_basic_Vocab,detail
APEUni_basic_Vocab,identify
APEUni_basic_Vocab,status
APEUni_basic_Vocab,therefore
APEUni_basic_Vocab,resemble
APEUni_basic_Vocab,indication
APEUni_basic_Vocab,owner
APEUni_basic_Vocab,estimate
APEUni_basic_Vocab,visual
APEUni_basic_Vocab,highly
APEUni_basic_Vocab,image
APEUni_basic_Vocab,accurate
APEUni_basic_Vocab,abundance
APEUni_basic_Vocab,nearby
APEUni_basic_Vocab,density
APEUni_basic_Vocab,agriculture
APEUni_basic_Vocab,publish
APEUni_basic_Vocab,initial
APEUni_basic_Vocab,tissue
APEUni_basic_Vocab,sticky
APEUni_basic_Vocab,clap
APEUni_basic_Vocab,snap
APEUni_basic_Vocab,pitch
APEUni_basic_Vocab,courtesy
APEUni_basic_Vocab,burst
APEUni_basic_Vocab,nest
APEUni_basic_Vocab,maximum
APEUni_basic_Vocab,author
APEUni_basic_Vocab,curl
APEUni_basic_Vocab,flexible
APEUni_basic_Vocab,switch
APEUni_basic_Vocab,link
APEUni_basic_Vocab,formation
APEUni_basic_Vocab,earthquake
APEUni_basic_Vocab,predict
APEUni_basic_Vocab,strike
APEUni_basic_Vocab,resident
APEUni_basic_Vocab,bang
APEUni_basic_Vocab,profit
APEUni_basic_Vocab,foster
APEUni_basic_Vocab,perspective
APEUni_basic_Vocab,threaten
APEUni_basic_Vocab,currency
APEUni_basic_Vocab,expert
APEUni_basic_Vocab,basis
APEUni_basic_Vocab,impose
APEUni_basic_Vocab,behave
APEUni_basic_Vocab,economy
APEUni_basic_Vocab,outer
APEUni_basic_Vocab,layer
APEUni_basic_Vocab,bind
APEUni_basic_Vocab,magnetic
APEUni_basic_Vocab,magnet
APEUni_basic_Vocab,react
APEUni_basic_Vocab,oxygen
APEUni_basic_Vocab,bubble
APEUni_basic_Vocab,tube
APEUni_basic_Vocab,interval
APEUni_basic_Vocab,timely
APEUni_basic_Vocab,weekly
APEUni_basic_Vocab,schedule
APEUni_basic_Vocab,normally
APEUni_basic_Vocab,involve
APEUni_basic_Vocab,indoor
APEUni_basic_Vocab,discourage
APEUni_basic_Vocab,sponsor
APEUni_basic_Vocab,vast
APEUni_basic_Vocab,original
APEUni_basic_Vocab,audience
APEUni_basic_Vocab,organisation
APEUni_basic_Vocab,implication
APEUni_basic_Vocab,democracy
APEUni_basic_Vocab,restrict
APEUni_basic_Vocab,appliance
APEUni_basic_Vocab,explosive
APEUni_basic_Vocab,site
APEUni_basic_Vocab,correspondent
APEUni_basic_Vocab,tackle
APEUni_basic_Vocab,topic
APEUni_basic_Vocab,stock
APEUni_basic_Vocab,lean
APEUni_basic_Vocab,recognise
APEUni_basic_Vocab,stroke
APEUni_basic_Vocab,demonstrate
APEUni_basic_Vocab,unique
APEUni_basic_Vocab,durable
APEUni_basic_Vocab,creature
APEUni_basic_Vocab,attempt
APEUni_basic_Vocab,origin
APEUni_basic_Vocab,trace
APEUni_basic_Vocab,scale
APEUni_basic_Vocab,remote
APEUni_basic_Vocab,journey
APEUni_basic_Vocab,disguise
APEUni_basic_Vocab,crisis
APEUni_basic_Vocab,suffer
APEUni_basic_Vocab,confidence
APEUni_basic_Vocab,arise
APEUni_basic_Vocab,solution
APEUni_basic_Vocab,execute
APEUni_basic_Vocab,refine
APEUni_basic_Vocab,disaster
APEUni_basic_Vocab,various
APEUni_basic_Vocab,incident
APEUni_basic_Vocab,implement
APEUni_basic_Vocab,alert
APEUni_basic_Vocab,Outlook
APEUni_basic_Vocab,campaign
APEUni_basic_Vocab,ribbon
APEUni_basic_Vocab,feature
APEUni_basic_Vocab,colony
APEUni_basic_Vocab,tradition
APEUni_basic_Vocab,temporary
APEUni_basic_Vocab,fund
APEUni_basic_Vocab,account
APEUni_basic_Vocab,ensure
APEUni_basic_Vocab,available
APEUni_basic_Vocab,appropriate
APEUni_basic_Vocab,conflict
APEUni_basic_Vocab,event
APEUni_basic_Vocab,explosion
APEUni_basic_Vocab,advance
APEUni_basic_Vocab,connect
APEUni_basic_Vocab,feather
APEUni_basic_Vocab,precious
APEUni_basic_Vocab,expand
APEUni_basic_Vocab,horizon
APEUni_basic_Vocab,comedy
APEUni_basic_Vocab,drama
APEUni_basic_Vocab,hire
APEUni_basic_Vocab,salary
APEUni_basic_Vocab,senior
APEUni_basic_Vocab,domestic
APEUni_basic_Vocab,process
APEUni_basic_Vocab,intensive
APEUni_basic_Vocab,bankrupt
APEUni_basic_Vocab,overlook
APEUni_basic_Vocab,divorce
APEUni_basic_Vocab,invention
APEUni_basic_Vocab,household
APEUni_basic_Vocab,charge
APEUni_basic_Vocab,rate
APEUni_basic_Vocab,curiosity
APEUni_basic_Vocab,think
APEUni_basic_Vocab,deposit
APEUni_basic_Vocab,render
APEUni_basic_Vocab,expectation
APEUni_basic_Vocab,engineer
APEUni_basic_Vocab,community
APEUni_basic_Vocab,conscious
APEUni_basic_Vocab,raw
APEUni_basic_Vocab,military
APEUni_basic_Vocab,attribute
APEUni_basic_Vocab,recommend
APEUni_basic_Vocab,presumably
APEUni_basic_Vocab,muscle
APEUni_basic_Vocab,contract
APEUni_basic_Vocab,vehicle
APEUni_basic_Vocab,mention
APEUni_basic_Vocab,major
APEUni_basic_Vocab,universe
APEUni_basic_Vocab,find
APEUni_basic_Vocab,arrow
APEUni_basic_Vocab,aware
APEUni_basic_Vocab,scrape
APEUni_basic_Vocab,applause
APEUni_basic_Vocab,surround
APEUni_basic_Vocab,overseas
APEUni_basic_Vocab,well-known
APEUni_basic_Vocab,theory
APEUni_basic_Vocab,selection
APEUni_basic_Vocab,survival
APEUni_basic_Vocab,individual
APEUni_basic_Vocab,inherit
APEUni_basic_Vocab,chemical
APEUni_basic_Vocab,acid
APEUni_basic_Vocab,ore
APEUni_basic_Vocab,stream
APEUni_basic_Vocab,institution
APEUni_basic_Vocab,display
APEUni_basic_Vocab,primarily
APEUni_basic_Vocab,approve
APEUni_basic_Vocab,distinct
APEUni_basic_Vocab,category
APEUni_basic_Vocab,normal
APEUni_basic_Vocab,sailor
APEUni_basic_Vocab,generate
APEUni_basic_Vocab,marriage
APEUni_basic_Vocab,marry
APEUni_basic_Vocab,associate
APEUni_basic_Vocab,reception
APEUni_basic_Vocab,teenager
APEUni_basic_Vocab,knot
APEUni_basic_Vocab,mission
APEUni_basic_Vocab,instead
APEUni_basic_Vocab,so-called
APEUni_basic_Vocab,professional
APEUni_basic_Vocab,rare
APEUni_basic_Vocab,nature
APEUni_basic_Vocab,spoil
APEUni_basic_Vocab,purple
APEUni_basic_Vocab,dye
APEUni_basic_Vocab,appetite
APEUni_basic_Vocab,disease
APEUni_basic_Vocab,joint
APEUni_basic_Vocab,routine
APEUni_basic_Vocab,precaution
APEUni_basic_Vocab,absolute
APEUni_basic_Vocab,senate
APEUni_basic_Vocab,council
APEUni_basic_Vocab,respect
APEUni_basic_Vocab,retire
APEUni_basic_Vocab,loyalty
APEUni_basic_Vocab,opportunity
APEUni_basic_Vocab,employee
APEUni_basic_Vocab,profitable
APEUni_basic_Vocab,beneficial
APEUni_basic_Vocab,moreover
APEUni_basic_Vocab,effective
APEUni_basic_Vocab,experimental
APEUni_basic_Vocab,strain
APEUni_basic_Vocab,resistant
APEUni_basic_Vocab,productive
APEUni_basic_Vocab,consume
APEUni_basic_Vocab,beyond
APEUni_basic_Vocab,assembly
APEUni_basic_Vocab,exclude
APEUni_basic_Vocab,academic
APEUni_basic_Vocab,anxiety
APEUni_basic_Vocab,primary
APEUni_basic_Vocab,acute
APEUni_basic_Vocab,injury
APEUni_basic_Vocab,perform
APEUni_basic_Vocab,intensity
APEUni_basic_Vocab,crack
APEUni_basic_Vocab,growth
APEUni_basic_Vocab,merely
APEUni_basic_Vocab,pollute
APEUni_basic_Vocab,capture
APEUni_basic_Vocab,contribute
APEUni_basic_Vocab,harm
APEUni_basic_Vocab,consideration
APEUni_basic_Vocab,endure
APEUni_basic_Vocab,decrease
APEUni_basic_Vocab,ratio
APEUni_basic_Vocab,sophisticate
APEUni_basic_Vocab,scheme
APEUni_basic_Vocab,corporate
APEUni_basic_Vocab,reward
APEUni_basic_Vocab,per
APEUni_basic_Vocab,carbon
APEUni_basic_Vocab,respond
APEUni_basic_Vocab,politician
APEUni_basic_Vocab,pretend
APEUni_basic_Vocab,action
APEUni_basic_Vocab,compare
APEUni_basic_Vocab,humanity
APEUni_basic_Vocab,dispute
APEUni_basic_Vocab,mass
APEUni_basic_Vocab,adult
APEUni_basic_Vocab,range
APEUni_basic_Vocab,stress
APEUni_basic_Vocab,cycle
APEUni_basic_Vocab,compound
APEUni_basic_Vocab,tremendous
APEUni_basic_Vocab,satellite
APEUni_basic_Vocab,orbit
APEUni_basic_Vocab,partner
APEUni_basic_Vocab,era
APEUni_basic_Vocab,territory
APEUni_basic_Vocab,colleague
APEUni_basic_Vocab,leader
APEUni_basic_Vocab,invade
APEUni_basic_Vocab,motion
APEUni_basic_Vocab,protein
APEUni_basic_Vocab,stimulate
APEUni_basic_Vocab,bunch
APEUni_basic_Vocab,comparative
APEUni_basic_Vocab,laboratory
APEUni_basic_Vocab,sequence
APEUni_basic_Vocab,gene
APEUni_basic_Vocab,constant
APEUni_basic_Vocab,symptom
APEUni_basic_Vocab,violence
APEUni_basic_Vocab,expose
APEUni_basic_Vocab,sensitive
APEUni_basic_Vocab,fearful
APEUni_basic_Vocab,aggressive
APEUni_basic_Vocab,manner
APEUni_basic_Vocab,remarkable
APEUni_basic_Vocab,undoubtedly
APEUni_basic_Vocab,considerable
APEUni_basic_Vocab,youngster
APEUni_basic_Vocab,plus
APEUni_basic_Vocab,minus
APEUni_basic_Vocab,compose
APEUni_basic_Vocab,organ
APEUni_basic_Vocab,organism
APEUni_basic_Vocab,fundamental
APEUni_basic_Vocab,regulate
APEUni_basic_Vocab,transport
APEUni_basic_Vocab,component
APEUni_basic_Vocab,barrier
APEUni_basic_Vocab,insect
APEUni_basic_Vocab,withstand
APEUni_basic_Vocab,sunlight
APEUni_basic_Vocab,plentiful
APEUni_basic_Vocab,exclusive
APEUni_basic_Vocab,convert
APEUni_basic_Vocab,digest
APEUni_basic_Vocab,gallon
APEUni_basic_Vocab,artistic
APEUni_basic_Vocab,background
APEUni_basic_Vocab,pension
APEUni_basic_Vocab,sufficient
APEUni_basic_Vocab,sunshine
APEUni_basic_Vocab,cast
APEUni_basic_Vocab,primitive
APEUni_basic_Vocab,elsewhere
APEUni_basic_Vocab,alter
APEUni_basic_Vocab,childhood
APEUni_basic_Vocab,infant
APEUni_basic_Vocab,decade
APEUni_basic_Vocab,historical
APEUni_basic_Vocab,circumstance
APEUni_basic_Vocab,famine
APEUni_basic_Vocab,consequence
APEUni_basic_Vocab,reverse
APEUni_basic_Vocab,failure
APEUni_basic_Vocab,amateur
APEUni_basic_Vocab,injure
APEUni_basic_Vocab,mechanism
APEUni_basic_Vocab,recovery
APEUni_basic_Vocab,compete
APEUni_basic_Vocab,adjust
APEUni_basic_Vocab,consumer
APEUni_basic_Vocab,evaluate
APEUni_basic_Vocab,platform
APEUni_basic_Vocab,encourage
APEUni_basic_Vocab,elderly
APEUni_basic_Vocab,stability
APEUni_basic_Vocab,amongst
APEUni_basic_Vocab,assistance
APEUni_basic_Vocab,saddle
APEUni_basic_Vocab,nuclear
APEUni_basic_Vocab,weapon
APEUni_basic_Vocab,volume
APEUni_basic_Vocab,liquid
APEUni_basic_Vocab,transform
APEUni_basic_Vocab,crust
APEUni_basic_Vocab,harsh
APEUni_basic_Vocab,shed
APEUni_basic_Vocab,revenue
APEUni_basic_Vocab,invest
APEUni_basic_Vocab,multiple
APEUni_basic_Vocab,scholarship
APEUni_basic_Vocab,athlete
APEUni_basic_Vocab,commit
APEUni_basic_Vocab,virtual
APEUni_basic_Vocab,document
APEUni_basic_Vocab,intend
APEUni_basic_Vocab,suppose
APEUni_basic_Vocab,ignore
APEUni_basic_Vocab,triumph
APEUni_basic_Vocab,prejudice
APEUni_basic_Vocab,entire
APEUni_basic_Vocab,unusual
APEUni_basic_Vocab,calendar
APEUni_basic_Vocab,verify
APEUni_basic_Vocab,declaration
APEUni_basic_Vocab,trial
APEUni_basic_Vocab,resolution
APEUni_basic_Vocab,Congress
APEUni_basic_Vocab,meantime
APEUni_basic_Vocab,sigh
APEUni_basic_Vocab,relief
APEUni_basic_Vocab,crew
APEUni_basic_Vocab,emergency
APEUni_basic_Vocab,ease
APEUni_basic_Vocab,overnight
APEUni_basic_Vocab,approval
APEUni_basic_Vocab,favour
APEUni_basic_Vocab,extension
APEUni_basic_Vocab,trap
APEUni_basic_Vocab,comparable
APEUni_basic_Vocab,idle
APEUni_basic_Vocab,patch
APEUni_basic_Vocab,centre
APEUni_basic_Vocab,distress
APEUni_basic_Vocab,dissolve
APEUni_basic_Vocab,identity
APEUni_basic_Vocab,immediately
APEUni_basic_Vocab,pit
APEUni_basic_Vocab,sample
APEUni_basic_Vocab,bet
APEUni_basic_Vocab,herd
APEUni_basic_Vocab,ugly
APEUni_basic_Vocab,fragment
APEUni_basic_Vocab,foundation
APEUni_basic_Vocab,stake
APEUni_basic_Vocab,acknowledge
APEUni_basic_Vocab,secondary
APEUni_basic_Vocab,mental
APEUni_basic_Vocab,combat
APEUni_basic_Vocab,interact
APEUni_basic_Vocab,vision
APEUni_basic_Vocab,assignment
APEUni_basic_Vocab,elementary
APEUni_basic_Vocab,property
APEUni_basic_Vocab,maintenance
APEUni_basic_Vocab,interior
APEUni_basic_Vocab,exterior
APEUni_basic_Vocab,leak
APEUni_basic_Vocab,oven
APEUni_basic_Vocab,landlord
APEUni_basic_Vocab,compress
APEUni_basic_Vocab,chamber
APEUni_basic_Vocab,dense
APEUni_basic_Vocab,tract
APEUni_basic_Vocab,lung
APEUni_basic_Vocab,visible
APEUni_basic_Vocab,pursue
APEUni_basic_Vocab,consist
APEUni_basic_Vocab,figure
APEUni_basic_Vocab,invisible
APEUni_basic_Vocab,frame
APEUni_basic_Vocab,behaviour
APEUni_basic_Vocab,collective
APEUni_basic_Vocab,enforce
APEUni_basic_Vocab,tolerate
APEUni_basic_Vocab,elevator
APEUni_basic_Vocab,swear
APEUni_basic_Vocab,frown
APEUni_basic_Vocab,throat
APEUni_basic_Vocab,suck
APEUni_basic_Vocab,video
APEUni_basic_Vocab,boost
APEUni_basic_Vocab,bloody
APEUni_basic_Vocab,airline
APEUni_basic_Vocab,dose
APEUni_basic_Vocab,bid
APEUni_basic_Vocab,distribute
APEUni_basic_Vocab,register
APEUni_basic_Vocab,tax
APEUni_basic_Vocab,shell
APEUni_basic_Vocab,court
APEUni_basic_Vocab,arrest
APEUni_basic_Vocab,abuse
APEUni_basic_Vocab,scandal
APEUni_basic_Vocab,board
APEUni_basic_Vocab,index
APEUni_basic_Vocab,confirm
APEUni_basic_Vocab,telescope
APEUni_basic_Vocab,investment
APEUni_basic_Vocab,theme
APEUni_basic_Vocab,depression
APEUni_basic_Vocab,suicide
APEUni_basic_Vocab,manufacture
APEUni_basic_Vocab,modify
APEUni_basic_Vocab,suspend
APEUni_basic_Vocab,annual
APEUni_basic_Vocab,sausage
APEUni_basic_Vocab,brand
APEUni_basic_Vocab,asset
APEUni_basic_Vocab,explode
APEUni_basic_Vocab,blast
APEUni_basic_Vocab,mount
APEUni_basic_Vocab,access
APEUni_basic_Vocab,leap
APEUni_basic_Vocab,frog
APEUni_basic_Vocab,gap
APEUni_basic_Vocab,preserve
APEUni_basic_Vocab,hydrogen
APEUni_basic_Vocab,influential
APEUni_basic_Vocab,minister
APEUni_basic_Vocab,cabinet
APEUni_basic_Vocab,productivity
APEUni_basic_Vocab,slight
APEUni_basic_Vocab,stuf
APEUni_basic_Vocab,proceed
APEUni_basic_Vocab,academy
APEUni_basic_Vocab,pill
APEUni_basic_Vocab,recognition
APEUni_basic_Vocab,reality
APEUni_basic_Vocab,abroad
APEUni_basic_Vocab,wealthy
APEUni_basic_Vocab,communication
APEUni_basic_Vocab,generally
APEUni_basic_Vocab,jean
APEUni_basic_Vocab,institute
APEUni_basic_Vocab,distinguish
APEUni_basic_Vocab,personality
APEUni_basic_Vocab,talent
APEUni_basic_Vocab,infinite
APEUni_basic_Vocab,variation
APEUni_basic_Vocab,handle
APEUni_basic_Vocab,private
APEUni_basic_Vocab,auto
APEUni_basic_Vocab,drag
APEUni_basic_Vocab,release
APEUni_basic_Vocab,revise
APEUni_basic_Vocab,wreck
APEUni_basic_Vocab,rival
APEUni_basic_Vocab,attract
APEUni_basic_Vocab,package
APEUni_basic_Vocab,plastic
APEUni_basic_Vocab,instrument
APEUni_basic_Vocab,gradual
APEUni_basic_Vocab,interpret
APEUni_basic_Vocab,curriculum
APEUni_basic_Vocab,establishment
APEUni_basic_Vocab,fee
APEUni_basic_Vocab,apartment
APEUni_basic_Vocab,forbid
APEUni_basic_Vocab,ownership
APEUni_basic_Vocab,typical
APEUni_basic_Vocab,affection
APEUni_basic_Vocab,attitude
APEUni_basic_Vocab,emphasis
APEUni_basic_Vocab,mankind
APEUni_basic_Vocab,quest
APEUni_basic_Vocab,copyright
APEUni_basic_Vocab,comprehensive
APEUni_basic_Vocab,electronic
APEUni_basic_Vocab,reserve
APEUni_basic_Vocab,keyboard
APEUni_basic_Vocab,monitor
APEUni_basic_Vocab,transmit
APEUni_basic_Vocab,creation
APEUni_basic_Vocab,software
APEUni_basic_Vocab,nowhere
APEUni_basic_Vocab,extraordinary
APEUni_basic_Vocab,steep
APEUni_basic_Vocab,clif
APEUni_basic_Vocab,specimen
APEUni_basic_Vocab,liver
APEUni_basic_Vocab,voluntary
APEUni_basic_Vocab,reject
APEUni_basic_Vocab,obvious
APEUni_basic_Vocab,majority
APEUni_basic_Vocab,rural
APEUni_basic_Vocab,cable
APEUni_basic_Vocab,jet
APEUni_basic_Vocab,exception
APEUni_basic_Vocab,adventure
APEUni_basic_Vocab,isolate
APEUni_basic_Vocab,interrupt
APEUni_basic_Vocab,precision
APEUni_basic_Vocab,variety
APEUni_basic_Vocab,extensive
APEUni_basic_Vocab,semiconductor
APEUni_basic_Vocab,encounter
APEUni_basic_Vocab,argue
APEUni_basic_Vocab,ignorance
APEUni_basic_Vocab,practically
APEUni_basic_Vocab,submerge
APEUni_basic_Vocab,amaze
APEUni_basic_Vocab,bay
APEUni_basic_Vocab,existence
APEUni_basic_Vocab,investigate
APEUni_basic_Vocab,transparent
APEUni_basic_Vocab,shield
APEUni_basic_Vocab,complicate
APEUni_basic_Vocab,landscape
APEUni_basic_Vocab,authority
APEUni_basic_Vocab,uncover
APEUni_basic_Vocab,instance
APEUni_basic_Vocab,grab
APEUni_basic_Vocab,tray
APEUni_basic_Vocab,counter
APEUni_basic_Vocab,misunderstand
APEUni_basic_Vocab,Romantic
APEUni_basic_Vocab,pattern
APEUni_basic_Vocab,undergraduate
APEUni_basic_Vocab,entry
APEUni_basic_Vocab,award
APEUni_basic_Vocab,finance
APEUni_basic_Vocab,responsibility
APEUni_basic_Vocab,theoretical
APEUni_basic_Vocab,undertake
APEUni_basic_Vocab,mathematics
APEUni_basic_Vocab,spot
APEUni_basic_Vocab,prominent
APEUni_basic_Vocab,nerve
APEUni_basic_Vocab,female
APEUni_basic_Vocab,create
APEUni_basic_Vocab,desirable
APEUni_basic_Vocab,preference
APEUni_basic_Vocab,tone
APEUni_basic_Vocab,social
APEUni_basic_Vocab,similarly
APEUni_basic_Vocab,provision
APEUni_basic_Vocab,payment
APEUni_basic_Vocab,erect
APEUni_basic_Vocab,boundary
APEUni_basic_Vocab,conversely
APEUni_basic_Vocab,proportion
APEUni_basic_Vocab,accomplish
APEUni_basic_Vocab,nursery
APEUni_basic_Vocab,abandon
APEUni_basic_Vocab,pilot
APEUni_basic_Vocab,evolution
APEUni_basic_Vocab,massive
APEUni_basic_Vocab,enormous
APEUni_basic_Vocab,bulk
APEUni_basic_Vocab,admission
APEUni_basic_Vocab,applicant
APEUni_basic_Vocab,hazard
APEUni_basic_Vocab,organic
APEUni_basic_Vocab,capable
APEUni_basic_Vocab,artificial
APEUni_basic_Vocab,distinction
APEUni_basic_Vocab,label
APEUni_basic_Vocab,terminal
APEUni_basic_Vocab,commitment
APEUni_basic_Vocab,inform
APEUni_basic_Vocab,screen
APEUni_basic_Vocab,directly
APEUni_basic_Vocab,persist
APEUni_basic_Vocab,arrange
APEUni_basic_Vocab,ceremony
APEUni_basic_Vocab,whichever
APEUni_basic_Vocab,decline
APEUni_basic_Vocab,eagle
APEUni_basic_Vocab,respectively
APEUni_basic_Vocab,dramatic
APEUni_basic_Vocab,assist
APEUni_basic_Vocab,feasible
APEUni_basic_Vocab,inner
APEUni_basic_Vocab,portion
APEUni_basic_Vocab,devote
APEUni_basic_Vocab,disappear
APEUni_basic_Vocab,seminar
APEUni_basic_Vocab,slogan
APEUni_basic_Vocab,expression
APEUni_basic_Vocab,solve
APEUni_basic_Vocab,disgust
APEUni_basic_Vocab,tutor
APEUni_basic_Vocab,painter
APEUni_basic_Vocab,afford
APEUni_basic_Vocab,unless
APEUni_basic_Vocab,extra
APEUni_basic_Vocab,lane
APEUni_basic_Vocab,leisure
APEUni_basic_Vocab,appeal
APEUni_basic_Vocab,outline
APEUni_basic_Vocab,conform
APEUni_basic_Vocab,consumption
APEUni_basic_Vocab,alarm
APEUni_basic_Vocab,accommodation
APEUni_basic_Vocab,postpone
APEUni_basic_Vocab,excessive
APEUni_basic_Vocab,exhibit
APEUni_basic_Vocab,gallery
APEUni_basic_Vocab,studio
APEUni_basic_Vocab,peer
APEUni_basic_Vocab,architecture
APEUni_basic_Vocab,fatigue
APEUni_basic_Vocab,accident
APEUni_basic_Vocab,shortage
APEUni_basic_Vocab,acquire
APEUni_basic_Vocab,govern
APEUni_basic_Vocab,fortunately
APEUni_basic_Vocab,auction
APEUni_basic_Vocab,session
APEUni_basic_Vocab,emotion
APEUni_basic_Vocab,notify
APEUni_basic_Vocab,anyway
APEUni_basic_Vocab,section
APEUni_basic_Vocab,depart
APEUni_basic_Vocab,via
APEUni_basic_Vocab,dispose
APEUni_basic_Vocab,basically
APEUni_basic_Vocab,vote
APEUni_basic_Vocab,election
APEUni_basic_Vocab,unfortunately
APEUni_basic_Vocab,active
APEUni_basic_Vocab,construct
APEUni_basic_Vocab,mislead
APEUni_basic_Vocab,optional
APEUni_basic_Vocab,brief
APEUni_basic_Vocab,infect
APEUni_basic_Vocab,previous
APEUni_basic_Vocab,automatic
APEUni_basic_Vocab,phase
APEUni_basic_Vocab,translation
APEUni_basic_Vocab,volcano
APEUni_basic_Vocab,glow
APEUni_basic_Vocab,melt
APEUni_basic_Vocab,campus
APEUni_basic_Vocab,creep
APEUni_basic_Vocab,inland
APEUni_basic_Vocab,conventional
APEUni_basic_Vocab,cite
APEUni_basic_Vocab,junior
APEUni_basic_Vocab,quit
APEUni_basic_Vocab,motive
APEUni_basic_Vocab,prosperous
APEUni_basic_Vocab,guidance
APEUni_basic_Vocab,facility
APEUni_basic_Vocab,invasion
APEUni_basic_Vocab,chapter
APEUni_basic_Vocab,summary
APEUni_basic_Vocab,leather
APEUni_basic_Vocab,profound
APEUni_basic_Vocab,discount
APEUni_basic_Vocab,delegate
APEUni_basic_Vocab,essay
APEUni_basic_Vocab,accuracy
APEUni_basic_Vocab,client
APEUni_basic_Vocab,objective
APEUni_basic_Vocab,instinct
APEUni_basic_Vocab,reaction
APEUni_basic_Vocab,festival
APEUni_basic_Vocab,snack
APEUni_basic_Vocab,reference
APEUni_basic_Vocab,prior
APEUni_basic_Vocab,reliable
APEUni_basic_Vocab,shortly
APEUni_basic_Vocab,detection
APEUni_basic_Vocab,crystal
APEUni_basic_Vocab,identification
APEUni_basic_Vocab,religious
APEUni_basic_Vocab,convenience
APEUni_basic_Vocab,behalf
APEUni_basic_Vocab,submit
APEUni_basic_Vocab,clash
APEUni_basic_Vocab,leadership
APEUni_basic_Vocab,representative
APEUni_basic_Vocab,interaction
APEUni_basic_Vocab,format
APEUni_basic_Vocab,mechanical
APEUni_basic_Vocab,jury
APEUni_basic_Vocab,log
APEUni_basic_Vocab,corridor
APEUni_basic_Vocab,crash
APEUni_basic_Vocab,physician
APEUni_basic_Vocab,committee
APEUni_basic_Vocab,scare
APEUni_basic_Vocab,concise
APEUni_basic_Vocab,residence
APEUni_basic_Vocab,preliminary
APEUni_basic_Vocab,calculate
APEUni_basic_Vocab,critic
APEUni_basic_Vocab,biology
APEUni_basic_Vocab,tough
APEUni_basic_Vocab,appointment
APEUni_basic_Vocab,quotation
APEUni_basic_Vocab,contact
APEUni_basic_Vocab,assumption
APEUni_basic_Vocab,corporation
APEUni_basic_Vocab,provide
APEUni_basic_Vocab,formal
APEUni_basic_Vocab,sector
APEUni_basic_Vocab,credit
APEUni_basic_Vocab,fulfil
APEUni_basic_Vocab,fertile
APEUni_basic_Vocab,version
APEUni_basic_Vocab,flaw
APEUni_basic_Vocab,proposal
APEUni_basic_Vocab,volunteer
APEUni_basic_Vocab,thorough
APEUni_basic_Vocab,cancel
APEUni_basic_Vocab,imagination
APEUni_basic_Vocab,vocabulary
APEUni_basic_Vocab,viewpoint
APEUni_basic_Vocab,fiction
APEUni_basic_Vocab,slide
APEUni_basic_Vocab,intelligence
APEUni_basic_Vocab,stain
APEUni_basic_Vocab,vacation
APEUni_basic_Vocab,evident
APEUni_basic_Vocab,speculate
APEUni_basic_Vocab,numerous
APEUni_basic_Vocab,folk
APEUni_basic_Vocab,percentage
APEUni_basic_Vocab,additional
APEUni_basic_Vocab,discipline
APEUni_basic_Vocab,prospective
APEUni_basic_Vocab,dynamic
APEUni_basic_Vocab,vessel
APEUni_basic_Vocab,deadline
APEUni_basic_Vocab,cash
APEUni_basic_Vocab,occurrence
APEUni_basic_Vocab,transmission
APEUni_basic_Vocab,indicate
APEUni_basic_Vocab,tension
APEUni_basic_Vocab,hardware
APEUni_basic_Vocab,receipt
APEUni_basic_Vocab,phenomenon
APEUni_basic_Vocab,imitate
APEUni_basic_Vocab,accent
APEUni_basic_Vocab,relativity
APEUni_basic_Vocab,editor
APEUni_basic_Vocab,poetry
APEUni_basic_Vocab,convention
APEUni_basic_Vocab,rhythm
APEUni_basic_Vocab,guideline
APEUni_basic_Vocab,grasp
APEUni_basic_Vocab,enquire
APEUni_basic_Vocab,noticeable
APEUni_basic_Vocab,comment
APEUni_basic_Vocab,flourish
APEUni_basic_Vocab,objection
APEUni_basic_Vocab,controversy
APEUni_basic_Vocab,principal
APEUni_basic_Vocab,regardless
APEUni_basic_Vocab,framework
APEUni_basic_Vocab,hesitate
APEUni_basic_Vocab,electricity
APEUni_basic_Vocab,giant
APEUni_basic_Vocab,relevant
APEUni_basic_Vocab,up-to-date
APEUni_basic_Vocab,mathematical
APEUni_basic_Vocab,organise
APEUni_basic_Vocab,principle
APEUni_basic_Vocab,particle
APEUni_basic_Vocab,sphere
APEUni_basic_Vocab,equation
APEUni_basic_Vocab,namely
APEUni_basic_Vocab,electron
APEUni_basic_Vocab,frequent
APEUni_basic_Vocab,thick
APEUni_basic_Vocab,fog
APEUni_basic_Vocab,severe
APEUni_basic_Vocab,lorry
APEUni_basic_Vocab,philosophy
APEUni_basic_Vocab,derive
APEUni_basic_Vocab,equality
APEUni_basic_Vocab,justify
APEUni_basic_Vocab,conduct
APEUni_basic_Vocab,employment
APEUni_basic_Vocab,oppose
APEUni_basic_Vocab,intelligent
APEUni_basic_Vocab,remind
APEUni_basic_Vocab,trash
APEUni_basic_Vocab,destructive
APEUni_basic_Vocab,assign
APEUni_basic_Vocab,petrol
APEUni_basic_Vocab,ambulance
APEUni_basic_Vocab,delivery
APEUni_basic_Vocab,renew
APEUni_basic_Vocab,imperative
APEUni_basic_Vocab,destruction
APEUni_basic_Vocab,desire
APEUni_basic_Vocab,frank
APEUni_basic_Vocab,architect
APEUni_basic_Vocab,balcony
APEUni_basic_Vocab,curve
APEUni_basic_Vocab,dimension
APEUni_basic_Vocab,Forth
APEUni_basic_Vocab,combination
APEUni_basic_Vocab,specify
APEUni_basic_Vocab,string
APEUni_basic_Vocab,coordinate
APEUni_basic_Vocab,penetrate
APEUni_basic_Vocab,gravity
APEUni_basic_Vocab,ankle
APEUni_basic_Vocab,radiation
APEUni_basic_Vocab,decay
APEUni_basic_Vocab,prime
APEUni_basic_Vocab,restore
APEUni_basic_Vocab,input
APEUni_basic_Vocab,ideal
APEUni_basic_Vocab,diagram
APEUni_basic_Vocab,fancy
APEUni_basic_Vocab,prospect
APEUni_basic_Vocab,minority
APEUni_basic_Vocab,presence
APEUni_basic_Vocab,continual
APEUni_basic_Vocab,fountain
APEUni_basic_Vocab,invent
APEUni_basic_Vocab,typewriter
APEUni_basic_Vocab,journalist
APEUni_basic_Vocab,recorder
APEUni_basic_Vocab,tide
APEUni_basic_Vocab,oblige
APEUni_basic_Vocab,obligation
APEUni_basic_Vocab,initiative
APEUni_basic_Vocab,residential
APEUni_basic_Vocab,psychological
APEUni_basic_Vocab,extreme
APEUni_basic_Vocab,camel
APEUni_basic_Vocab,conquer
APEUni_basic_Vocab,attraction
APEUni_basic_Vocab,geometry
APEUni_basic_Vocab,keen
APEUni_basic_Vocab,specialist
APEUni_basic_Vocab,riot
APEUni_basic_Vocab,suspect
APEUni_basic_Vocab,absorb
APEUni_basic_Vocab,worthwhile
APEUni_basic_Vocab,insight
APEUni_basic_Vocab,valid
APEUni_basic_Vocab,fabric
APEUni_basic_Vocab,element
APEUni_basic_Vocab,horn
APEUni_basic_Vocab,resolve
APEUni_basic_Vocab,lord
APEUni_basic_Vocab,Passion
APEUni_basic_Vocab,sustain
APEUni_basic_Vocab,scout
APEUni_basic_Vocab,fairly
APEUni_basic_Vocab,slice
APEUni_basic_Vocab,vitamin
APEUni_basic_Vocab,naked
APEUni_basic_Vocab,appreciate
APEUni_basic_Vocab,recommendation
APEUni_basic_Vocab,abundant
APEUni_basic_Vocab,supplement
APEUni_basic_Vocab,mushroom
APEUni_basic_Vocab,treatment
APEUni_basic_Vocab,alcohol
APEUni_basic_Vocab,faulty
APEUni_basic_Vocab,induce
APEUni_basic_Vocab,agent
APEUni_basic_Vocab,poll
APEUni_basic_Vocab,elect
APEUni_basic_Vocab,eliminate
APEUni_basic_Vocab,democratic
APEUni_basic_Vocab,textile
APEUni_basic_Vocab,commission
APEUni_basic_Vocab,exceed
APEUni_basic_Vocab,classification
APEUni_basic_Vocab,cognitive
APEUni_basic_Vocab,underneath
APEUni_basic_Vocab,scholar
APEUni_basic_Vocab,reconcile
APEUni_basic_Vocab,nevertheless
APEUni_basic_Vocab,prestige
APEUni_basic_Vocab,stadium
APEUni_basic_Vocab,salesman
APEUni_basic_Vocab,coach
APEUni_basic_Vocab,brilliant
APEUni_basic_Vocab,entertain
APEUni_basic_Vocab,amuse
APEUni_basic_Vocab,moral
APEUni_basic_Vocab,admire
APEUni_basic_Vocab,fairy
APEUni_basic_Vocab,somehow
APEUni_basic_Vocab,butterfly
APEUni_basic_Vocab,worm
APEUni_basic_Vocab,physicist
APEUni_basic_Vocab,resistance
APEUni_basic_Vocab,independence
APEUni_basic_Vocab,loyal
APEUni_basic_Vocab,ambassador
APEUni_basic_Vocab,tropical
APEUni_basic_Vocab,Pole
APEUni_basic_Vocab,assume
APEUni_basic_Vocab,descend
APEUni_basic_Vocab,extend
APEUni_basic_Vocab,rat
APEUni_basic_Vocab,constitution
APEUni_basic_Vocab,civil
APEUni_basic_Vocab,emperor
APEUni_basic_Vocab,protest
APEUni_basic_Vocab,steady
APEUni_basic_Vocab,grain
APEUni_basic_Vocab,stale
APEUni_basic_Vocab,province
APEUni_basic_Vocab,complaint
APEUni_basic_Vocab,rail
APEUni_basic_Vocab,inhabitant
APEUni_basic_Vocab,liberal
APEUni_basic_Vocab,differ
APEUni_basic_Vocab,shortcoming
APEUni_basic_Vocab,error
APEUni_basic_Vocab,shelter
APEUni_basic_Vocab,tag
APEUni_basic_Vocab,monument
APEUni_basic_Vocab,humble
APEUni_basic_Vocab,subway
APEUni_basic_Vocab,embrace
APEUni_basic_Vocab,grant
APEUni_basic_Vocab,inspire
APEUni_basic_Vocab,educate
APEUni_basic_Vocab,concrete
APEUni_basic_Vocab,strategic
APEUni_basic_Vocab,urgent
APEUni_basic_Vocab,brow
APEUni_basic_Vocab,literary
APEUni_basic_Vocab,reporter
APEUni_basic_Vocab,curious
APEUni_basic_Vocab,mixture
APEUni_basic_Vocab,feedback
APEUni_basic_Vocab,enrich
APEUni_basic_Vocab,musician
APEUni_basic_Vocab,historic
APEUni_basic_Vocab,heritage
APEUni_basic_Vocab,saint
APEUni_basic_Vocab,incredible
APEUni_basic_Vocab,retreat
APEUni_basic_Vocab,occupy
APEUni_basic_Vocab,drill
APEUni_basic_Vocab,urge
APEUni_basic_Vocab,specifically
APEUni_basic_Vocab,summit
APEUni_basic_Vocab,harness
APEUni_basic_Vocab,realm
APEUni_basic_Vocab,illustration
APEUni_basic_Vocab,christian
APEUni_basic_Vocab,spin
APEUni_basic_Vocab,rocket
APEUni_basic_Vocab,concentrate
APEUni_basic_Vocab,turbine
APEUni_basic_Vocab,pump
APEUni_basic_Vocab,angle
APEUni_basic_Vocab,blade
APEUni_basic_Vocab,flat
APEUni_basic_Vocab,owe
APEUni_basic_Vocab,sheer
APEUni_basic_Vocab,horror
APEUni_basic_Vocab,grateful
APEUni_basic_Vocab,route
APEUni_basic_Vocab,circuit
APEUni_basic_Vocab,interference
APEUni_basic_Vocab,rescue
APEUni_basic_Vocab,multiply
APEUni_basic_Vocab,breadth
APEUni_basic_Vocab,hurricane
APEUni_basic_Vocab,tragedy
APEUni_basic_Vocab,carrier
APEUni_basic_Vocab,victim
APEUni_basic_Vocab,plot
APEUni_basic_Vocab,vertical
APEUni_basic_Vocab,recession
APEUni_basic_Vocab,literacy
APEUni_basic_Vocab,correspond
APEUni_basic_Vocab,chip
APEUni_basic_Vocab,Calorie
APEUni_basic_Vocab,bucket
APEUni_basic_Vocab,spark
APEUni_basic_Vocab,lid
APEUni_basic_Vocab,stir
APEUni_basic_Vocab,fluid
APEUni_basic_Vocab,drum
APEUni_basic_Vocab,lick
APEUni_basic_Vocab,stable
APEUni_basic_Vocab,anxious
APEUni_basic_Vocab,relax
APEUni_basic_Vocab,technician
APEUni_basic_Vocab,attach
APEUni_basic_Vocab,float
APEUni_basic_Vocab,swell
APEUni_basic_Vocab,squeeze
APEUni_basic_Vocab,detect
APEUni_basic_Vocab,muscular
APEUni_basic_Vocab,ballet
APEUni_basic_Vocab,vocal
APEUni_basic_Vocab,hammer
APEUni_basic_Vocab,confront
APEUni_basic_Vocab,conductor
APEUni_basic_Vocab,imply
APEUni_basic_Vocab,remark
APEUni_basic_Vocab,tractor
APEUni_basic_Vocab,religion
APEUni_basic_Vocab,definite
APEUni_basic_Vocab,receiver
APEUni_basic_Vocab,passive
APEUni_basic_Vocab,introduction
APEUni_basic_Vocab,auxiliary
APEUni_basic_Vocab,mere
APEUni_basic_Vocab,sum
APEUni_basic_Vocab,deficiency
APEUni_basic_Vocab,superficial
APEUni_basic_Vocab,utter
APEUni_basic_Vocab,clerk
APEUni_basic_Vocab,troop
APEUni_basic_Vocab,standpoint
APEUni_basic_Vocab,wool
APEUni_basic_Vocab,vanish
APEUni_basic_Vocab,lucky
APEUni_basic_Vocab,addition
APEUni_basic_Vocab,peak
APEUni_basic_Vocab,panel
APEUni_basic_Vocab,reasonable
APEUni_basic_Vocab,bump
APEUni_basic_Vocab,pour
APEUni_basic_Vocab,scatter
APEUni_basic_Vocab,mild
APEUni_basic_Vocab,moisture
APEUni_basic_Vocab,slope
APEUni_basic_Vocab,column
APEUni_basic_Vocab,diameter
APEUni_basic_Vocab,faith
APEUni_basic_Vocab,notion
APEUni_basic_Vocab,pursuit
APEUni_basic_Vocab,thereby
APEUni_basic_Vocab,peculiar
APEUni_basic_Vocab,accompany
APEUni_basic_Vocab,wrap
APEUni_basic_Vocab,expansion
APEUni_basic_Vocab,cautious
APEUni_basic_Vocab,acquisition
APEUni_basic_Vocab,donation
APEUni_basic_Vocab,rotate
APEUni_basic_Vocab,storage
APEUni_basic_Vocab,delicate
APEUni_basic_Vocab,swift
APEUni_basic_Vocab,recover
APEUni_basic_Vocab,outstanding
APEUni_basic_Vocab,repeatedly
APEUni_basic_Vocab,canal
APEUni_basic_Vocab,confuse
APEUni_basic_Vocab,grip
APEUni_basic_Vocab,favourite
APEUni_basic_Vocab,expense
APEUni_basic_Vocab,thumb
APEUni_basic_Vocab,awful
APEUni_basic_Vocab,charity
APEUni_basic_Vocab,conclude
APEUni_basic_Vocab,graceful
APEUni_basic_Vocab,tender
APEUni_basic_Vocab,salad
APEUni_basic_Vocab,ridge
APEUni_basic_Vocab,relieve
APEUni_basic_Vocab,static
APEUni_basic_Vocab,lover
APEUni_basic_Vocab,frequency
APEUni_basic_Vocab,superior
APEUni_basic_Vocab,prevail
APEUni_basic_Vocab,recreation
APEUni_basic_Vocab,dorm
APEUni_basic_Vocab,ash
APEUni_basic_Vocab,bathe
APEUni_basic_Vocab,estate
APEUni_basic_Vocab,stripe
APEUni_basic_Vocab,poisonous
APEUni_basic_Vocab,poison
APEUni_basic_Vocab,barn
APEUni_basic_Vocab,beam
APEUni_basic_Vocab,straw
APEUni_basic_Vocab,bundle
APEUni_basic_Vocab,clay
APEUni_basic_Vocab,tile
APEUni_basic_Vocab,craft
APEUni_basic_Vocab,microphone
APEUni_basic_Vocab,transition
APEUni_basic_Vocab,procedure
APEUni_basic_Vocab,suggestion
APEUni_basic_Vocab,pest
APEUni_basic_Vocab,centigrade
APEUni_basic_Vocab,construction
APEUni_basic_Vocab,sketch
APEUni_basic_Vocab,statement
APEUni_basic_Vocab,hay
APEUni_basic_Vocab,Revolutionary
APEUni_basic_Vocab,chew
APEUni_basic_Vocab,thirsty
APEUni_basic_Vocab,title
APEUni_basic_Vocab,overcome
APEUni_basic_Vocab,aside
APEUni_basic_Vocab,priority
APEUni_basic_Vocab,classical
APEUni_basic_Vocab,rigid
APEUni_basic_Vocab,contemporary
APEUni_basic_Vocab,scenery
APEUni_basic_Vocab,conceal
APEUni_basic_Vocab,enthusiastic
APEUni_basic_Vocab,fierce
APEUni_basic_Vocab,daylight
APEUni_basic_Vocab,fur
APEUni_basic_Vocab,helpful
APEUni_basic_Vocab,observer
APEUni_basic_Vocab,minor
APEUni_basic_Vocab,measurement
APEUni_basic_Vocab,formula
APEUni_basic_Vocab,ancestor
APEUni_basic_Vocab,upright
APEUni_basic_Vocab,butch
APEUni_basic_Vocab,spill
APEUni_basic_Vocab,flame
APEUni_basic_Vocab,ghost
APEUni_basic_Vocab,innocent
APEUni_basic_Vocab,fuss
APEUni_basic_Vocab,evil
APEUni_basic_Vocab,fantastic
APEUni_basic_Vocab,census
APEUni_basic_Vocab,exact
APEUni_basic_Vocab,roller
APEUni_basic_Vocab,crush
APEUni_basic_Vocab,versus
APEUni_basic_Vocab,resist
APEUni_basic_Vocab,temptation
APEUni_basic_Vocab,witness
APEUni_basic_Vocab,undergo
APEUni_basic_Vocab,plantation
APEUni_basic_Vocab,bean
APEUni_basic_Vocab,cease
APEUni_basic_Vocab,frustrate
APEUni_basic_Vocab,avenue
APEUni_basic_Vocab,suburb
APEUni_basic_Vocab,dismiss
APEUni_basic_Vocab,workshop
APEUni_basic_Vocab,carriage
APEUni_basic_Vocab,cart
APEUni_basic_Vocab,barely
APEUni_basic_Vocab,revolt
APEUni_basic_Vocab,instruct
APEUni_basic_Vocab,drain
APEUni_basic_Vocab,delete
APEUni_basic_Vocab,fraction
APEUni_basic_Vocab,reluctant
APEUni_basic_Vocab,unemployment
APEUni_basic_Vocab,illustrate
APEUni_basic_Vocab,arrangement
APEUni_basic_Vocab,privilege
APEUni_basic_Vocab,disastrous
APEUni_basic_Vocab,champion
APEUni_basic_Vocab,heroic
APEUni_basic_Vocab,dash
APEUni_basic_Vocab,contribution
APEUni_basic_Vocab,faint
APEUni_basic_Vocab,curse
APEUni_basic_Vocab,stare
APEUni_basic_Vocab,pose
APEUni_basic_Vocab,trunk
APEUni_basic_Vocab,polish
APEUni_basic_Vocab,continuous
APEUni_basic_Vocab,golf
APEUni_basic_Vocab,width
APEUni_basic_Vocab,reputation
APEUni_basic_Vocab,Marxist
APEUni_basic_Vocab,chest
APEUni_basic_Vocab,eyesight
APEUni_basic_Vocab,successive
APEUni_basic_Vocab,minimum
APEUni_basic_Vocab,upper
APEUni_basic_Vocab,episode
APEUni_basic_Vocab,gulf
APEUni_basic_Vocab,refugee
APEUni_basic_Vocab,immigrant
APEUni_basic_Vocab,furthermore
APEUni_basic_Vocab,surplus
APEUni_basic_Vocab,wisdom
APEUni_basic_Vocab,intention
APEUni_basic_Vocab,permission
APEUni_basic_Vocab,audio
APEUni_basic_Vocab,assemble
APEUni_basic_Vocab,dock
APEUni_basic_Vocab,thrust
APEUni_basic_Vocab,dirt
APEUni_basic_Vocab,candy
APEUni_basic_Vocab,carrot
APEUni_basic_Vocab,rid
APEUni_basic_Vocab,gross
APEUni_basic_Vocab,classify
APEUni_basic_Vocab,weed
APEUni_basic_Vocab,chart
APEUni_basic_Vocab,thrive
APEUni_basic_Vocab,calm
APEUni_basic_Vocab,heal
APEUni_basic_Vocab,sorrow
APEUni_basic_Vocab,bold
APEUni_basic_Vocab,expedition
APEUni_basic_Vocab,reckon
APEUni_basic_Vocab,clarify
APEUni_basic_Vocab,globe
APEUni_basic_Vocab,undo
APEUni_basic_Vocab,yield
APEUni_basic_Vocab,nitrogen
APEUni_basic_Vocab,recall
APEUni_basic_Vocab,exceedingly
APEUni_basic_Vocab,naturally
APEUni_basic_Vocab,bloom
APEUni_basic_Vocab,royal
APEUni_basic_Vocab,devise
APEUni_basic_Vocab,laser
APEUni_basic_Vocab,unify
APEUni_basic_Vocab,Unity
APEUni_basic_Vocab,mud
APEUni_basic_Vocab,helicopter
APEUni_basic_Vocab,shallow
APEUni_basic_Vocab,powder
APEUni_basic_Vocab,consultant
APEUni_basic_Vocab,genius
APEUni_basic_Vocab,consult
APEUni_basic_Vocab,transfer
APEUni_basic_Vocab,Christ
APEUni_basic_Vocab,resume
APEUni_basic_Vocab,prescription
APEUni_basic_Vocab,depress
APEUni_basic_Vocab,split
APEUni_basic_Vocab,ultimate
APEUni_basic_Vocab,comprise
APEUni_basic_Vocab,loop
APEUni_basic_Vocab,accordingly
APEUni_basic_Vocab,accelerate
APEUni_basic_Vocab,circulate
APEUni_basic_Vocab,collision
APEUni_basic_Vocab,tunnel
APEUni_basic_Vocab,atomic
APEUni_basic_Vocab,strip
APEUni_basic_Vocab,random
APEUni_basic_Vocab,honey
APEUni_basic_Vocab,halt
APEUni_basic_Vocab,spider
APEUni_basic_Vocab,mate
APEUni_basic_Vocab,excursion
APEUni_basic_Vocab,pea
APEUni_basic_Vocab,elastic
APEUni_basic_Vocab,exaggerate
APEUni_basic_Vocab,grammar
APEUni_basic_Vocab,handwrite
APEUni_basic_Vocab,observation
APEUni_basic_Vocab,coil
APEUni_basic_Vocab,logic
APEUni_basic_Vocab,decent
APEUni_basic_Vocab,accumulate
APEUni_basic_Vocab,whip
APEUni_basic_Vocab,dessert
APEUni_basic_Vocab,vacuum
APEUni_basic_Vocab,locality
APEUni_basic_Vocab,fold
APEUni_basic_Vocab,limb
APEUni_basic_Vocab,coarse
APEUni_basic_Vocab,governor
APEUni_basic_Vocab,underground
APEUni_basic_Vocab,instal
APEUni_basic_Vocab,attorney
APEUni_basic_Vocab,wrist
APEUni_basic_Vocab,occupation
APEUni_basic_Vocab,annoy
APEUni_basic_Vocab,forecast
APEUni_basic_Vocab,cattle
APEUni_basic_Vocab,triangle
APEUni_basic_Vocab,accountant
APEUni_basic_Vocab,laundry
APEUni_basic_Vocab,automobile
APEUni_basic_Vocab,airplane
APEUni_basic_Vocab,airport
APEUni_basic_Vocab,surgery
APEUni_basic_Vocab,microscope
APEUni_basic_Vocab,departure
APEUni_basic_Vocab,passport
APEUni_basic_Vocab,compass
APEUni_basic_Vocab,deaf
APEUni_basic_Vocab,gum
APEUni_basic_Vocab,editorial
APEUni_basic_Vocab,hen
APEUni_basic_Vocab,thermometer
APEUni_basic_Vocab,mineral
APEUni_basic_Vocab,horizontal
APEUni_basic_Vocab,prescribe
APEUni_basic_Vocab,glove
APEUni_basic_Vocab,certificate
APEUni_basic_Vocab,vivid
APEUni_basic_Vocab,mainland
APEUni_basic_Vocab,cupboard
APEUni_basic_Vocab,headline
APEUni_basic_Vocab,tense
APEUni_basic_Vocab,guitar
APEUni_basic_Vocab,altitude
APEUni_basic_Vocab,cabbage
APEUni_basic_Vocab,menu
APEUni_basic_Vocab,dusk
APEUni_basic_Vocab,violin
APEUni_basic_Vocab,sunrise
APEUni_basic_Vocab,subjective
APEUni_basic_Vocab,chemist
APEUni_basic_Vocab,widow
APEUni_basic_Vocab,paragraph
APEUni_basic_Vocab,tolerant
APEUni_basic_Vocab,carpenter
APEUni_basic_Vocab,portrait
APEUni_basic_Vocab,arithmetic
APEUni_basic_Vocab,drawer
APEUni_basic_Vocab,medal
APEUni_basic_Vocab,dormitory
APEUni_basic_Vocab,world-wide
APEUni_basic_Vocab,soar
APEUni_basic_Vocab,companion
APEUni_basic_Vocab,spectacular
APEUni_basic_Vocab,shrink
APEUni_basic_Vocab,moderate
APEUni_basic_Vocab,mature
APEUni_basic_Vocab,parallel
APEUni_basic_Vocab,breakthrough
APEUni_basic_Vocab,inflation
APEUni_basic_Vocab,dialect
APEUni_basic_Vocab,dominant
APEUni_basic_Vocab,dam
APEUni_basic_Vocab,swallow
APEUni_basic_Vocab,ally
APEUni_basic_Vocab,qualification
APEUni_basic_Vocab,notwithstanding
APEUni_basic_Vocab,lamb
APEUni_basic_Vocab,likelihood
APEUni_basic_Vocab,fashion
APEUni_basic_Vocab,burden
APEUni_basic_Vocab,consistent
APEUni_basic_Vocab,lens
APEUni_basic_Vocab,allowance
APEUni_basic_Vocab,costly
APEUni_basic_Vocab,sacrifice
APEUni_basic_Vocab,physiological
APEUni_basic_Vocab,tolerance
APEUni_basic_Vocab,lag
APEUni_basic_Vocab,murder
APEUni_basic_Vocab,arrival
APEUni_basic_Vocab,insure
APEUni_basic_Vocab,offence
APEUni_basic_Vocab,meanwhile
APEUni_basic_Vocab,lobby
APEUni_basic_Vocab,widen
APEUni_basic_Vocab,trumpet
APEUni_basic_Vocab,virtue
APEUni_basic_Vocab,inferior
APEUni_basic_Vocab,bride
APEUni_basic_Vocab,occasion
APEUni_basic_Vocab,compensate
APEUni_basic_Vocab,wardrobe
APEUni_basic_Vocab,aluminium
APEUni_basic_Vocab,chin
APEUni_basic_Vocab,conquest
APEUni_basic_Vocab,utilise
APEUni_basic_Vocab,hell
APEUni_basic_Vocab,stretch
APEUni_basic_Vocab,scratch
APEUni_basic_Vocab,spray
APEUni_basic_Vocab,bond
APEUni_basic_Vocab,fashionable
APEUni_basic_Vocab,latter
APEUni_basic_Vocab,settlement
APEUni_basic_Vocab,convict
APEUni_basic_Vocab,alongside
APEUni_basic_Vocab,conviction
APEUni_basic_Vocab,conservative
APEUni_basic_Vocab,confine
APEUni_basic_Vocab,boast
APEUni_basic_Vocab,superb
APEUni_basic_Vocab,temple
APEUni_basic_Vocab,statue
APEUni_basic_Vocab,boom
APEUni_basic_Vocab,antique
APEUni_basic_Vocab,destination
APEUni_basic_Vocab,warfare
APEUni_basic_Vocab,violate
APEUni_basic_Vocab,sanction
APEUni_basic_Vocab,rear
APEUni_basic_Vocab,absence
APEUni_basic_Vocab,endless
APEUni_basic_Vocab,enquiry
APEUni_basic_Vocab,appoint
APEUni_basic_Vocab,lodge
APEUni_basic_Vocab,vice
APEUni_basic_Vocab,restrain
APEUni_basic_Vocab,likewise
APEUni_basic_Vocab,solitary
APEUni_basic_Vocab,attractive
APEUni_basic_Vocab,plunge
APEUni_basic_Vocab,briefcase
APEUni_basic_Vocab,smash
APEUni_basic_Vocab,spacecraft
APEUni_basic_Vocab,chaos
APEUni_basic_Vocab,hut
APEUni_basic_Vocab,continuity
APEUni_basic_Vocab,rage
APEUni_basic_Vocab,loosen
APEUni_basic_Vocab,instrumental
APEUni_basic_Vocab,battery
APEUni_basic_Vocab,plug
APEUni_basic_Vocab,profile
APEUni_basic_Vocab,scrutiny
APEUni_basic_Vocab,dependant
APEUni_basic_Vocab,judgement
APEUni_basic_Vocab,offensive
APEUni_basic_Vocab,olive
APEUni_basic_Vocab,emphasise
APEUni_basic_Vocab,fertiliser
APEUni_basic_Vocab,band
APEUni_basic_Vocab,hedge
APEUni_basic_Vocab,remedy
APEUni_basic_Vocab,clue
APEUni_basic_Vocab,beard
APEUni_basic_Vocab,deck
APEUni_basic_Vocab,subsequent
APEUni_basic_Vocab,wax
APEUni_basic_Vocab,protective
APEUni_basic_Vocab,sunset
APEUni_basic_Vocab,frost
APEUni_basic_Vocab,telecommunication
APEUni_basic_Vocab,realistic
APEUni_basic_Vocab,dot
APEUni_basic_Vocab,scan
APEUni_basic_Vocab,identical
APEUni_basic_Vocab,compel
APEUni_basic_Vocab,advocate
APEUni_basic_Vocab,segment
APEUni_basic_Vocab,harmony
APEUni_basic_Vocab,brick
APEUni_basic_Vocab,occasional
APEUni_basic_Vocab,liquor
APEUni_basic_Vocab,yearly
APEUni_basic_Vocab,grape
APEUni_basic_Vocab,container
APEUni_basic_Vocab,imaginary
APEUni_basic_Vocab,aircraft
APEUni_basic_Vocab,elaborate
APEUni_basic_Vocab,script
APEUni_basic_Vocab,civilisation
APEUni_basic_Vocab,rob
APEUni_basic_Vocab,starve
APEUni_basic_Vocab,discard
APEUni_basic_Vocab,disposal
APEUni_basic_Vocab,preferable
APEUni_basic_Vocab,clause
APEUni_basic_Vocab,jar
APEUni_basic_Vocab,illusion
APEUni_basic_Vocab,stem
APEUni_basic_Vocab,impression
APEUni_basic_Vocab,imitation
APEUni_basic_Vocab,confusion
APEUni_basic_Vocab,cue
APEUni_basic_Vocab,soda
APEUni_basic_Vocab,dumb
APEUni_basic_Vocab,sole
APEUni_basic_Vocab,palm
APEUni_basic_Vocab,drift
APEUni_basic_Vocab,infer
APEUni_basic_Vocab,premature
APEUni_basic_Vocab,permanent
APEUni_basic_Vocab,worship
APEUni_basic_Vocab,luxury
APEUni_basic_Vocab,echo
APEUni_basic_Vocab,excitement
APEUni_basic_Vocab,laughter
APEUni_basic_Vocab,refresh
APEUni_basic_Vocab,dull
APEUni_basic_Vocab,conjunction
APEUni_basic_Vocab,seal
APEUni_basic_Vocab,astonish
APEUni_basic_Vocab,manual
APEUni_basic_Vocab,spur
APEUni_basic_Vocab,gym
APEUni_basic_Vocab,confident
APEUni_basic_Vocab,mutual
APEUni_basic_Vocab,acquaintance
APEUni_basic_Vocab,agenda
APEUni_basic_Vocab,purse
APEUni_basic_Vocab,dip
APEUni_basic_Vocab,timber
APEUni_basic_Vocab,crude
APEUni_basic_Vocab,insurance
APEUni_basic_Vocab,pepper
APEUni_basic_Vocab,deceive
APEUni_basic_Vocab,vibrate
APEUni_basic_Vocab,thunder
APEUni_basic_Vocab,mask
APEUni_basic_Vocab,flee
APEUni_basic_Vocab,cultivate
APEUni_basic_Vocab,railway
APEUni_basic_Vocab,nationality
APEUni_basic_Vocab,costume
APEUni_basic_Vocab,procession
APEUni_basic_Vocab,progressive
APEUni_basic_Vocab,reflection
APEUni_basic_Vocab,cushion
APEUni_basic_Vocab,mill
APEUni_basic_Vocab,lawn
APEUni_basic_Vocab,gardener
APEUni_basic_Vocab,slippery
APEUni_basic_Vocab,substitute
APEUni_basic_Vocab,provoke
APEUni_basic_Vocab,command
APEUni_basic_Vocab,aisle
APEUni_basic_Vocab,headquarter
APEUni_basic_Vocab,weave
APEUni_basic_Vocab,replacement
APEUni_basic_Vocab,sake
APEUni_basic_Vocab,diplomatic
APEUni_basic_Vocab,silicon
APEUni_basic_Vocab,fate
APEUni_basic_Vocab,trim
APEUni_basic_Vocab,sin
APEUni_basic_Vocab,wallet
APEUni_basic_Vocab,bleed
APEUni_basic_Vocab,prompt
APEUni_basic_Vocab,specialise
APEUni_basic_Vocab,merchant
APEUni_basic_Vocab,anticipate
APEUni_basic_Vocab,succession
APEUni_basic_Vocab,casual
APEUni_basic_Vocab,compromise
APEUni_basic_Vocab,concession
APEUni_basic_Vocab,accommodate
APEUni_basic_Vocab,enlarge
APEUni_basic_Vocab,signature
APEUni_basic_Vocab,neighbourhood
APEUni_basic_Vocab,parade
APEUni_basic_Vocab,deserve
APEUni_basic_Vocab,holy
APEUni_basic_Vocab,acre
APEUni_basic_Vocab,poet
APEUni_basic_Vocab,strap
APEUni_basic_Vocab,profession
APEUni_basic_Vocab,fleet
APEUni_basic_Vocab,operator
APEUni_basic_Vocab,nurture
APEUni_basic_Vocab,repertoire
APEUni_basic_Vocab,disturb
APEUni_basic_Vocab,upset
APEUni_basic_Vocab,utmost
APEUni_basic_Vocab,roar
APEUni_basic_Vocab,sword
APEUni_basic_Vocab,mercy
APEUni_basic_Vocab,paste
APEUni_basic_Vocab,beast
APEUni_basic_Vocab,alike
APEUni_basic_Vocab,controversial
APEUni_basic_Vocab,justice
APEUni_basic_Vocab,accuse
APEUni_basic_Vocab,subordinate
APEUni_basic_Vocab,ambition
APEUni_basic_Vocab,contradiction
APEUni_basic_Vocab,heighten
APEUni_basic_Vocab,vapor
APEUni_basic_Vocab,economical
APEUni_basic_Vocab,spiritual
APEUni_basic_Vocab,soak
APEUni_basic_Vocab,apparent
APEUni_basic_Vocab,thereafter
APEUni_basic_Vocab,Grace
APEUni_basic_Vocab,ridiculous
APEUni_basic_Vocab,moist
APEUni_basic_Vocab,twist
APEUni_basic_Vocab,duration
APEUni_basic_Vocab,probable
APEUni_basic_Vocab,accidental
APEUni_basic_Vocab,inspect
APEUni_basic_Vocab,offend
APEUni_basic_Vocab,obey
APEUni_basic_Vocab,vigorous
APEUni_basic_Vocab,limitation
APEUni_basic_Vocab,neglect
APEUni_basic_Vocab,mechanic
APEUni_basic_Vocab,evidently
APEUni_basic_Vocab,dental
APEUni_basic_Vocab,flock
APEUni_basic_Vocab,aboard
APEUni_basic_Vocab,condense
APEUni_basic_Vocab,mysterious
APEUni_basic_Vocab,negotiate
APEUni_basic_Vocab,modest
APEUni_basic_Vocab,arouse
APEUni_basic_Vocab,generous
APEUni_basic_Vocab,defeat
APEUni_basic_Vocab,satisfactory
APEUni_basic_Vocab,fisherman
APEUni_basic_Vocab,surrender
APEUni_basic_Vocab,envy
APEUni_basic_Vocab,admit
APEUni_basic_Vocab,forge
APEUni_basic_Vocab,sightsee
APEUni_basic_Vocab,centimetre
APEUni_basic_Vocab,jungle
APEUni_basic_Vocab,mat
APEUni_basic_Vocab,fibre
APEUni_basic_Vocab,chop
APEUni_basic_Vocab,rope
APEUni_basic_Vocab,cord
APEUni_basic_Vocab,anchor
APEUni_basic_Vocab,head
APEUni_basic_Vocab,house
APEUni_basic_Vocab,learn
APEUni_basic_Vocab,lounge
APEUni_basic_Vocab,aerial
APEUni_basic_Vocab,simplify
APEUni_basic_Vocab,toast
APEUni_basic_Vocab,catalogue
APEUni_basic_Vocab,quiz
APEUni_basic_Vocab,omit
APEUni_basic_Vocab,repetition
APEUni_basic_Vocab,warmth
APEUni_basic_Vocab,purity
APEUni_basic_Vocab,librarian
APEUni_basic_Vocab,equip
APEUni_basic_Vocab,calculator
APEUni_basic_Vocab,worthy
APEUni_basic_Vocab,orchestra
APEUni_basic_Vocab,senator
APEUni_basic_Vocab,utility
APEUni_basic_Vocab,crawl
APEUni_basic_Vocab,exert
APEUni_basic_Vocab,delicious
APEUni_basic_Vocab,intimate
APEUni_basic_Vocab,proof
APEUni_basic_Vocab,therapy
APEUni_basic_Vocab,insert
APEUni_basic_Vocab,injection
APEUni_basic_Vocab,confess
APEUni_basic_Vocab,deadly
APEUni_basic_Vocab,suspicion
APEUni_basic_Vocab,breast
APEUni_basic_Vocab,wander
APEUni_basic_Vocab,loaf
APEUni_basic_Vocab,coverage
APEUni_basic_Vocab,hostile
APEUni_basic_Vocab,heel
APEUni_basic_Vocab,handful
APEUni_basic_Vocab,bounce
APEUni_basic_Vocab,tame
APEUni_basic_Vocab,bare
APEUni_basic_Vocab,jewel
APEUni_basic_Vocab,uneasy
APEUni_basic_Vocab,edition
APEUni_basic_Vocab,policy
APEUni_basic_Vocab,ignorant
APEUni_basic_Vocab,guilty
APEUni_basic_Vocab,helpless
APEUni_basic_Vocab,harden
APEUni_basic_Vocab,whilst
APEUni_basic_Vocab,choke
APEUni_basic_Vocab,partial
APEUni_basic_Vocab,baffle
APEUni_basic_Vocab,waterproof
APEUni_basic_Vocab,baseball
APEUni_basic_Vocab,score
APEUni_basic_Vocab,towel
APEUni_basic_Vocab,whoever
APEUni_basic_Vocab,emit
APEUni_basic_Vocab,wholly
APEUni_basic_Vocab,miserable
APEUni_basic_Vocab,jealous
APEUni_basic_Vocab,forehead
APEUni_basic_Vocab,Honourable
APEUni_basic_Vocab,exclaim
APEUni_basic_Vocab,gaze
APEUni_basic_Vocab,bureau
APEUni_basic_Vocab,dump
APEUni_basic_Vocab,ministry
APEUni_basic_Vocab,wolf
APEUni_basic_Vocab,torture
APEUni_basic_Vocab,eve
APEUni_basic_Vocab,slip
APEUni_basic_Vocab,priest
APEUni_basic_Vocab,rally
APEUni_basic_Vocab,mess
APEUni_basic_Vocab,hopeful
APEUni_basic_Vocab,chase
APEUni_basic_Vocab,assure
APEUni_basic_Vocab,endurance
APEUni_basic_Vocab,panic
APEUni_basic_Vocab,transient
APEUni_basic_Vocab,magic
APEUni_basic_Vocab,bullet
APEUni_basic_Vocab,petroleum
APEUni_basic_Vocab,seemingly
APEUni_basic_Vocab,barrel
APEUni_basic_Vocab,discharge
APEUni_basic_Vocab,bolt
APEUni_basic_Vocab,earnest
APEUni_basic_Vocab,dragon
APEUni_basic_Vocab,recite
APEUni_basic_Vocab,detective
APEUni_basic_Vocab,whisper
APEUni_basic_Vocab,irrigation
APEUni_basic_Vocab,ditch
APEUni_basic_Vocab,anniversary
APEUni_basic_Vocab,afterward
APEUni_basic_Vocab,greedy
APEUni_basic_Vocab,garbage
APEUni_basic_Vocab,wicked
APEUni_basic_Vocab,railroad
APEUni_basic_Vocab,bachelor
APEUni_basic_Vocab,slap
APEUni_basic_Vocab,pedestrian
APEUni_basic_Vocab,terror
APEUni_basic_Vocab,county
APEUni_basic_Vocab,highway
APEUni_basic_Vocab,swing
APEUni_basic_Vocab,nuisance
APEUni_basic_Vocab,instant
APEUni_basic_Vocab,cruise
APEUni_basic_Vocab,backward
APEUni_basic_Vocab,rebel
APEUni_basic_Vocab,slam
APEUni_basic_Vocab,Revelation
APEUni_basic_Vocab,lightning
APEUni_basic_Vocab,breeze
APEUni_basic_Vocab,umbrella
APEUni_basic_Vocab,chill
APEUni_basic_Vocab,kindness
APEUni_basic_Vocab,fare
APEUni_basic_Vocab,torch
APEUni_basic_Vocab,van
APEUni_basic_Vocab,pillar
APEUni_basic_Vocab,embarrass
APEUni_basic_Vocab,monetary
APEUni_basic_Vocab,nonsense
APEUni_basic_Vocab,hobby
APEUni_basic_Vocab,intermediate
APEUni_basic_Vocab,outlet
APEUni_basic_Vocab,indirect
APEUni_basic_Vocab,painful
APEUni_basic_Vocab,elegant
APEUni_basic_Vocab,solemn
APEUni_basic_Vocab,sideways
APEUni_basic_Vocab,hollow
APEUni_basic_Vocab,millimetre
APEUni_basic_Vocab,glue
APEUni_basic_Vocab,drip
APEUni_basic_Vocab,Bible
APEUni_basic_Vocab,systematic
APEUni_basic_Vocab,beforehand
APEUni_basic_Vocab,sew
APEUni_basic_Vocab,pigeon
APEUni_basic_Vocab,navigation
APEUni_basic_Vocab,frontier
APEUni_basic_Vocab,lump
APEUni_basic_Vocab,thoughtful
APEUni_basic_Vocab,obstacle
APEUni_basic_Vocab,membership
APEUni_basic_Vocab,morality
APEUni_basic_Vocab,layout
APEUni_basic_Vocab,criticise
APEUni_basic_Vocab,vain
APEUni_basic_Vocab,toll
APEUni_basic_Vocab,spokesman
APEUni_basic_Vocab,glance
APEUni_basic_Vocab,Venture
APEUni_basic_Vocab,treaty
APEUni_basic_Vocab,stack
APEUni_basic_Vocab,monopoly
APEUni_basic_Vocab,pledge
APEUni_basic_Vocab,incline
APEUni_basic_Vocab,rap
APEUni_basic_Vocab,favourable
APEUni_basic_Vocab,kindergarten
APEUni_basic_Vocab,steer
APEUni_basic_Vocab,jazz
APEUni_basic_Vocab,cartoon
APEUni_basic_Vocab,mould
APEUni_basic_Vocab,sway
APEUni_basic_Vocab,harbour
APEUni_basic_Vocab,brutal
APEUni_basic_Vocab,fruitful
APEUni_basic_Vocab,invitation
APEUni_basic_Vocab,Gymnasium
APEUni_basic_Vocab,copper
APEUni_basic_Vocab,cheat
APEUni_basic_Vocab,onion
APEUni_basic_Vocab,cement
APEUni_basic_Vocab,overhead
APEUni_basic_Vocab,boot
APEUni_basic_Vocab,accustom
APEUni_basic_Vocab,sauce
APEUni_basic_Vocab,inn
APEUni_basic_Vocab,operational
APEUni_basic_Vocab,fluent
APEUni_basic_Vocab,dim
APEUni_basic_Vocab,voltage
APEUni_basic_Vocab,hum
APEUni_basic_Vocab,dairy
APEUni_basic_Vocab,mosquito
APEUni_basic_Vocab,lap
APEUni_basic_Vocab,comb
APEUni_basic_Vocab,stif
APEUni_basic_Vocab,whistle
APEUni_basic_Vocab,fake
APEUni_basic_Vocab,bacon
APEUni_basic_Vocab,fry
APEUni_basic_Vocab,bulb
APEUni_basic_Vocab,vinegar
APEUni_basic_Vocab,pierce
APEUni_basic_Vocab,scream
APEUni_basic_Vocab,lemon
APEUni_basic_Vocab,punch
APEUni_basic_Vocab,sour
APEUni_basic_Vocab,sack
APEUni_basic_Vocab,jaw
APEUni_basic_Vocab,claw
APEUni_basic_Vocab,slim
APEUni_basic_Vocab,congratulation
APEUni_basic_Vocab,fatal
APEUni_basic_Vocab,opera
APEUni_basic_Vocab,germ
APEUni_basic_Vocab,scarce
APEUni_basic_Vocab,beloved
APEUni_basic_Vocab,hint
APEUni_basic_Vocab,preach
APEUni_basic_Vocab,oval
APEUni_basic_Vocab,rod
APEUni_basic_Vocab,fade
APEUni_basic_Vocab,ripe
APEUni_basic_Vocab,horrible
APEUni_basic_Vocab,reunion
APEUni_basic_Vocab,entitle
APEUni_basic_Vocab,plague
APEUni_basic_Vocab,cop
APEUni_basic_Vocab,cling
APEUni_basic_Vocab,insist
APEUni_basic_Vocab,glory
APEUni_basic_Vocab,conscience
APEUni_basic_Vocab,brake
APEUni_basic_Vocab,casualty
APEUni_basic_Vocab,amidst
APEUni_basic_Vocab,mist
APEUni_basic_Vocab,pine
APEUni_basic_Vocab,portable
APEUni_basic_Vocab,approximate
APEUni_basic_Vocab,cabin
APEUni_basic_Vocab,stave
APEUni_basic_Vocab,furnace
APEUni_basic_Vocab,radar
APEUni_basic_Vocab,blanket
APEUni_basic_Vocab,defect
APEUni_basic_Vocab,aviation
APEUni_basic_Vocab,beggar
APEUni_basic_Vocab,memorial
APEUni_basic_Vocab,rumor
APEUni_basic_Vocab,axe
APEUni_basic_Vocab,mayor
APEUni_basic_Vocab,vacant
APEUni_basic_Vocab,referee
APEUni_basic_Vocab,decisive
APEUni_basic_Vocab,smuggle
APEUni_basic_Vocab,lad
APEUni_basic_Vocab,arbitrary
APEUni_basic_Vocab,navy
APEUni_basic_Vocab,sleeve
APEUni_basic_Vocab,spit
APEUni_basic_Vocab,await
APEUni_basic_Vocab,grave
APEUni_basic_Vocab,scarcely
APEUni_basic_Vocab,consequent
APEUni_basic_Vocab,despair
APEUni_basic_Vocab,refrigerator
APEUni_basic_Vocab,grim
APEUni_basic_Vocab,patience
APEUni_basic_Vocab,balloon
APEUni_basic_Vocab,lease
APEUni_basic_Vocab,gang
APEUni_basic_Vocab,ashamed
APEUni_basic_Vocab,blank
APEUni_basic_Vocab,nightmare
APEUni_basic_Vocab,decorate
APEUni_basic_Vocab,skim
APEUni_basic_Vocab,furnish
APEUni_basic_Vocab,pray
APEUni_basic_Vocab,summarise
APEUni_basic_Vocab,subtract
APEUni_basic_Vocab,supreme
APEUni_basic_Vocab,slender
APEUni_basic_Vocab,tedious
APEUni_basic_Vocab,pessimistic
APEUni_basic_Vocab,deputy
APEUni_basic_Vocab,reservation
APEUni_basic_Vocab,pat
APEUni_basic_Vocab,applicable
APEUni_basic_Vocab,awkward
APEUni_basic_Vocab,shiver
APEUni_basic_Vocab,veteran
APEUni_basic_Vocab,energetic
APEUni_basic_Vocab,naval
APEUni_basic_Vocab,removal
APEUni_basic_Vocab,kettle
APEUni_basic_Vocab,shave
APEUni_basic_Vocab,sting
APEUni_basic_Vocab,cassette
APEUni_basic_Vocab,singular
APEUni_basic_Vocab,simplicity
APEUni_basic_Vocab,apologize
APEUni_basic_Vocab,hook
APEUni_basic_Vocab,rib
APEUni_basic_Vocab,Negro
APEUni_basic_Vocab,eternal
APEUni_basic_Vocab,workman
APEUni_basic_Vocab,rust
APEUni_basic_Vocab,kneel
APEUni_basic_Vocab,chap
APEUni_basic_Vocab,licence
APEUni_basic_Vocab,consent
APEUni_basic_Vocab,penalty
APEUni_basic_Vocab,cigar
APEUni_basic_Vocab,reenforce
APEUni_basic_Vocab,indifferent
APEUni_basic_Vocab,reflexion
APEUni_basic_Vocab,Porter
APEUni_basic_Vocab,heave
APEUni_basic_Vocab,profess
APEUni_basic_Vocab,cooperate
APEUni_basic_Vocab,connexion
APEUni_basic_Vocab,garlic
APEUni_basic_Vocab,carpet
APEUni_basic_Vocab,determination
APEUni_basic_Vocab,spade
APEUni_basic_Vocab,mug
APEUni_basic_Vocab,liberty
APEUni_basic_Vocab,pillow
APEUni_basic_Vocab,funeral
APEUni_basic_Vocab,devil
APEUni_basic_Vocab,optical
APEUni_basic_Vocab,whatsoever
APEUni_basic_Vocab,downwards
APEUni_basic_Vocab,yawn
APEUni_basic_Vocab,concede
APEUni_basic_Vocab,resort
APEUni_basic_Vocab,scissor
APEUni_basic_Vocab,barber
APEUni_basic_Vocab,pant
APEUni_basic_Vocab,counsel
APEUni_basic_Vocab,withdraw
APEUni_basic_Vocab,handy
APEUni_basic_Vocab,packet
APEUni_basic_Vocab,cube
APEUni_basic_Vocab,apology
APEUni_basic_Vocab,indispensable
APEUni_basic_Vocab,poem
APEUni_basic_Vocab,indicative
APEUni_basic_Vocab,console
APEUni_basic_Vocab,hatred
APEUni_basic_Vocab,pinch
APEUni_basic_Vocab,preface
APEUni_basic_Vocab,memorize
APEUni_basic_Vocab,merit
APEUni_basic_Vocab,token
APEUni_basic_Vocab,handbag
APEUni_basic_Vocab,marvellous
APEUni_basic_Vocab,splendid
APEUni_basic_Vocab,troublesome
APEUni_basic_Vocab,cumulative
APEUni_basic_Vocab,permissible
APEUni_basic_Vocab,rack
APEUni_basic_Vocab,unload
APEUni_basic_Vocab,stern
APEUni_basic_Vocab,inward
APEUni_basic_Vocab,impatient
APEUni_basic_Vocab,fasten
APEUni_basic_Vocab,flour
APEUni_basic_Vocab,shrug
APEUni_basic_Vocab,appraisal
APEUni_basic_Vocab,synthetic
APEUni_basic_Vocab,charm
APEUni_basic_Vocab,stationary
APEUni_basic_Vocab,vague
APEUni_basic_Vocab,screw
APEUni_basic_Vocab,cashier
APEUni_basic_Vocab,inclose
APEUni_basic_Vocab,waggon
APEUni_basic_Vocab,selfish
APEUni_basic_Vocab,liberate
APEUni_basic_Vocab,rainbow
APEUni_basic_Vocab,sue
APEUni_basic_Vocab,rude
APEUni_basic_Vocab,plural
APEUni_basic_Vocab,baggage
APEUni_basic_Vocab,outset
APEUni_basic_Vocab,sympathetic
APEUni_basic_Vocab,crane
APEUni_basic_Vocab,waken
APEUni_basic_Vocab,raid
APEUni_basic_Vocab,brave
APEUni_basic_Vocab,footstep
APEUni_basic_Vocab,civilian
APEUni_basic_Vocab,roast
APEUni_basic_Vocab,heap
APEUni_basic_Vocab,orderly
APEUni_basic_Vocab,violet
APEUni_basic_Vocab,metric
APEUni_basic_Vocab,diligent
APEUni_basic_Vocab,parcel
APEUni_basic_Vocab,advisable
APEUni_basic_Vocab,fireman
APEUni_basic_Vocab,correspondence
APEUni_basic_Vocab,revolve
APEUni_basic_Vocab,weep
APEUni_basic_Vocab,miracle
APEUni_basic_Vocab,goodness
APEUni_basic_Vocab,presently
APEUni_basic_Vocab,merry
APEUni_basic_Vocab,respective
APEUni_basic_Vocab,condemn
APEUni_basic_Vocab,considerate
APEUni_basic_Vocab,charter
APEUni_basic_Vocab,divine
APEUni_basic_Vocab,sow
APEUni_basic_Vocab,ache
APEUni_basic_Vocab,proportional
APEUni_basic_Vocab,characterise
APEUni_basic_Vocab,fortnight
APEUni_basic_Vocab,kid
APEUni_basic_Vocab,prayer
APEUni_basic_Vocab,require
APEUni_basic_Vocab,dive
APEUni_basic_Vocab,open
APEUni_basic_Vocab,follow
APEUni_basic_Vocab,system
APEUni_basic_Vocab,hear
APEUni_basic_Vocab,economic
APEUni_basic_Vocab,assess
APEUni_basic_Vocab,issue
APEUni_basic_Vocab,bound
APEUni_basic_Vocab,happen
APEUni_basic_Vocab,federal
APEUni_basic_Vocab,resign
APEUni_basic_Vocab,possess
APEUni_basic_Vocab,liable
APEUni_basic_Vocab,relationship
APEUni_basic_Vocab,former
APEUni_basic_Vocab,bore
APEUni_basic_Vocab,end
APEUni_basic_Vocab,embassy
APEUni_basic_Vocab,queue
APEUni_basic_Vocab,restless
APEUni_basic_Vocab,defiance
APEUni_basic_Vocab,statistic
APEUni_basic_Vocab,setting
APEUni_basic_Vocab,fitting
APEUni_basic_Vocab,rent
APEUni_basic_Vocab,lower
APEUni_basic_Vocab,advertize
APEUni_basic_Vocab,advertizement
APEUni_basic_Vocab,anyhow
APEUni_basic_Vocab,applaud
APEUni_basic_Vocab,barque
APEUni_basic_Vocab,brass
APEUni_basic_Vocab,broom
APEUni_basic_Vocab,cigaret
APEUni_basic_Vocab,commander
APEUni_basic_Vocab,congratulate
APEUni_basic_Vocab,co-operative
APEUni_basic_Vocab,courtyard
APEUni_basic_Vocab,curtain
APEUni_basic_Vocab,dictation
APEUni_basic_Vocab,donkey
APEUni_basic_Vocab,doubtful
APEUni_basic_Vocab,draught
APEUni_basic_Vocab,faithful
APEUni_basic_Vocab,farewell
APEUni_basic_Vocab,finally
APEUni_basic_Vocab,freight
APEUni_basic_Vocab,gaol
APEUni_basic_Vocab,gramme
APEUni_basic_Vocab,gratitude
APEUni_basic_Vocab,grocer
APEUni_basic_Vocab,guaranty
APEUni_basic_Vocab,guy
APEUni_basic_Vocab,haste
APEUni_basic_Vocab,heir
APEUni_basic_Vocab,hopeless
APEUni_basic_Vocab,horsepower
APEUni_basic_Vocab,industrialise
APEUni_basic_Vocab,instilment
APEUni_basic_Vocab,lavatory
APEUni_basic_Vocab,L
APEUni_basic_Vocab,litre
APEUni_basic_Vocab,livingroom
APEUni_basic_Vocab,luggage
APEUni_basic_Vocab,maid
APEUni_basic_Vocab,missile
APEUni_basic_Vocab,niece
APEUni_basic_Vocab,notebook
APEUni_basic_Vocab,paperback
APEUni_basic_Vocab,pint
APEUni_basic_Vocab,postage
APEUni_basic_Vocab,preposition
APEUni_basic_Vocab,pronoun
APEUni_basic_Vocab,publicity
APEUni_basic_Vocab,punctual
APEUni_basic_Vocab,rag
APEUni_basic_Vocab,restraint
APEUni_basic_Vocab,revenge
APEUni_basic_Vocab,rifle
APEUni_basic_Vocab,rouse
APEUni_basic_Vocab,rug
APEUni_basic_Vocab,saucer
APEUni_basic_Vocab,scold
APEUni_basic_Vocab,sincere
APEUni_basic_Vocab,skilful
APEUni_basic_Vocab,socialism
APEUni_basic_Vocab,socialist
APEUni_basic_Vocab,sore
APEUni_basic_Vocab,steamer
APEUni_basic_Vocab,stereo
APEUni_basic_Vocab,stoop
APEUni_basic_Vocab,tidy
APEUni_basic_Vocab,tremble
APEUni_basic_Vocab,typist
APEUni_basic_Vocab,tyre
APEUni_basic_Vocab,underline
APEUni_basic_Vocab,volt
APEUni_basic_Vocab,waist
APEUni_basic_Vocab,weld
APEUni_basic_Vocab,banner
APEUni_basic_Vocab,clumsy
APEUni_basic_Vocab,phantasy
APEUni_basic_Vocab,gasolene
APEUni_basic_Vocab,humorous
APEUni_basic_Vocab,inference
APEUni_basic_Vocab,nephew
APEUni_basic_Vocab,nylon
APEUni_basic_Vocab,optimum
APEUni_basic_Vocab,ounce
APEUni_basic_Vocab,refusal
APEUni_basic_Vocab,relay
APEUni_basic_Vocab,sympathise
APEUni_basic_Vocab,wit
APEUni_basic_Vocab,damn
APEUni_basic_Vocab,worthless
APEUni_wfd_Exam_Vocab,ignore
APEUni_wfd_Exam_Vocab,output
APEUni_wfd_Exam_Vocab,bilingual
APEUni_wfd_Exam_Vocab,chemical
APEUni_wfd_Exam_Vocab,coverage
APEUni_wfd_Exam_Vocab,initial
APEUni_wfd_Exam_Vocab,evidence
APEUni_wfd_Exam_Vocab,cash
APEUni_wfd_Exam_Vocab,input
APEUni_wfd_Exam_Vocab,register
APEUni_wfd_Exam_Vocab,librarian
APEUni_wfd_Exam_Vocab,court
APEUni_wfd_Exam_Vocab,cocoa
APEUni_wfd_Exam_Vocab,abidingly
APEUni_wfd_Exam_Vocab,gender
APEUni_wfd_Exam_Vocab,goggle
APEUni_wfd_Exam_Vocab,department
APEUni_wfd_Exam_Vocab,assess
APEUni_wfd_Exam_Vocab,native
APEUni_wfd_Exam_Vocab,recovery
APEUni_wfd_Exam_Vocab,mood
APEUni_wfd_Exam_Vocab,mistake
APEUni_wfd_Exam_Vocab,misunderstand
APEUni_wfd_Exam_Vocab,circumstance
APEUni_wfd_Exam_Vocab,vitality
APEUni_wfd_Exam_Vocab,emphasise
APEUni_wfd_Exam_Vocab,arab
APEUni_wfd_Exam_Vocab,rugby
APEUni_wfd_Exam_Vocab,identity
APEUni_wfd_Exam_Vocab,scholarship
APEUni_wfd_Exam_Vocab,exception
APEUni_wfd_Exam_Vocab,prove
APEUni_wfd_Exam_Vocab,philosophy
APEUni_wfd_Exam_Vocab,employment
APEUni_wfd_Exam_Vocab,chapter
APEUni_wfd_Exam_Vocab,sky
APEUni_wfd_Exam_Vocab,architectural
APEUni_wfd_Exam_Vocab,earth
APEUni_wfd_Exam_Vocab,flat
APEUni_wfd_Exam_Vocab,increasingly
APEUni_wfd_Exam_Vocab,reform
APEUni_wfd_Exam_Vocab,employee
APEUni_wfd_Exam_Vocab,decrease
APEUni_wfd_Exam_Vocab,sector
APEUni_wfd_Exam_Vocab,playlist
APEUni_wfd_Exam_Vocab,undergo
APEUni_wfd_Exam_Vocab,fully
APEUni_wfd_Exam_Vocab,protective
APEUni_wfd_Exam_Vocab,partnership
APEUni_wfd_Exam_Vocab,connection
APEUni_wfd_Exam_Vocab,sociology
APEUni_wfd_Exam_Vocab,experiment
APEUni_wfd_Exam_Vocab,economy
APEUni_wfd_Exam_Vocab,fairly
APEUni_wfd_Exam_Vocab,ethical
APEUni_wfd_Exam_Vocab,perception
APEUni_wfd_Exam_Vocab,immediately
APEUni_wfd_Exam_Vocab,assistance
APEUni_wfd_Exam_Vocab,rely
APEUni_wfd_Exam_Vocab,previous
APEUni_wfd_Exam_Vocab,counter
APEUni_wfd_Exam_Vocab,experimental
APEUni_wfd_Exam_Vocab,historian
APEUni_wfd_Exam_Vocab,cosmetic
APEUni_wfd_Exam_Vocab,credit
APEUni_wfd_Exam_Vocab,quiz
APEUni_wfd_Exam_Vocab,mechanics
APEUni_wfd_Exam_Vocab,specialise
APEUni_wfd_Exam_Vocab,morbid
APEUni_wfd_Exam_Vocab,hire
APEUni_wfd_Exam_Vocab,wage
APEUni_wfd_Exam_Vocab,lack
APEUni_wfd_Exam_Vocab,false
APEUni_wfd_Exam_Vocab,explore
APEUni_wfd_Exam_Vocab,insurance
APEUni_wfd_Exam_Vocab,automate
APEUni_wfd_Exam_Vocab,audience
APEUni_wfd_Exam_Vocab,pacific
APEUni_wfd_Exam_Vocab,omit
APEUni_wfd_Exam_Vocab,undertake
APEUni_wfd_Exam_Vocab,debate
APEUni_wfd_Exam_Vocab,cooperator
APEUni_wfd_Exam_Vocab,consist
APEUni_wfd_Exam_Vocab,concise
APEUni_wfd_Exam_Vocab,via
APEUni_wfd_Exam_Vocab,implement
APEUni_wfd_Exam_Vocab,recognition
APEUni_wfd_Exam_Vocab,brief
APEUni_wfd_Exam_Vocab,professor
APEUni_wfd_Exam_Vocab,gallery
APEUni_wfd_Exam_Vocab,optional
APEUni_wfd_Exam_Vocab,generally
APEUni_wfd_Exam_Vocab,portion
APEUni_wfd_Exam_Vocab,harm
APEUni_wfd_Exam_Vocab,agenda
APEUni_wfd_Exam_Vocab,bookstore
APEUni_wfd_Exam_Vocab,bibliography
APEUni_wfd_Exam_Vocab,fourteenth
APEUni_wfd_Exam_Vocab,enormous
APEUni_wfd_Exam_Vocab,humidity
APEUni_wfd_Exam_Vocab,continuous
APEUni_wfd_Exam_Vocab,logic
APEUni_wfd_Exam_Vocab,prospective
APEUni_wfd_Exam_Vocab,highly
APEUni_wfd_Exam_Vocab,contain
APEUni_wfd_Exam_Vocab,orchestra
APEUni_wfd_Exam_Vocab,urbanisation
APEUni_wfd_Exam_Vocab,apply
APEUni_wfd_Exam_Vocab,witness
APEUni_wfd_Exam_Vocab,accommodate
APEUni_wfd_Exam_Vocab,relatively
APEUni_wfd_Exam_Vocab,dissertation
APEUni_wfd_Exam_Vocab,deduction
APEUni_wfd_Exam_Vocab,conquer
APEUni_wfd_Exam_Vocab,revolution
APEUni_wfd_Exam_Vocab,possession
APEUni_wfd_Exam_Vocab,automatic
APEUni_wfd_Exam_Vocab,spontaneously
APEUni_wfd_Exam_Vocab,contradict
APEUni_wfd_Exam_Vocab,criticise
APEUni_wfd_Exam_Vocab,presentation
APEUni_wfd_Exam_Vocab,residence
APEUni_wfd_Exam_Vocab,gain
APEUni_wfd_Exam_Vocab,quantity
APEUni_wfd_Exam_Vocab,concentrate
APEUni_wfd_Exam_Vocab,posture
APEUni_wfd_Exam_Vocab,step
APEUni_wfd_Exam_Vocab,stage
APEUni_wfd_Exam_Vocab,statistics
APEUni_wfd_Exam_Vocab,stock
APEUni_wfd_Exam_Vocab,daily
APEUni_wfd_Exam_Vocab,attitude
APEUni_wfd_Exam_Vocab,overwhelm
APEUni_wfd_Exam_Vocab,conduct
APEUni_wfd_Exam_Vocab,globally
APEUni_wfd_Exam_Vocab,consume
APEUni_wfd_Exam_Vocab,artistic
APEUni_wfd_Exam_Vocab,former
APEUni_wfd_Exam_Vocab,offer
APEUni_wfd_Exam_Vocab,structure
APEUni_wfd_Exam_Vocab,barn
APEUni_wfd_Exam_Vocab,canteen
APEUni_wfd_Exam_Vocab,organisational
APEUni_wfd_Exam_Vocab,gather
APEUni_wfd_Exam_Vocab,semester
APEUni_wfd_Exam_Vocab,scientist
APEUni_wfd_Exam_Vocab,explanation
APEUni_wfd_Exam_Vocab,fieldwork
APEUni_wfd_Exam_Vocab,deepen
APEUni_wfd_Exam_Vocab,useable
APEUni_wfd_Exam_Vocab,reward
APEUni_wfd_Exam_Vocab,insufficient
APEUni_wfd_Exam_Vocab,manufacturer
APEUni_wfd_Exam_Vocab,accept
APEUni_wfd_Exam_Vocab,renovation
APEUni_wfd_Exam_Vocab,property
APEUni_wfd_Exam_Vocab,fluency
APEUni_wfd_Exam_Vocab,despite
APEUni_wfd_Exam_Vocab,cart
APEUni_wfd_Exam_Vocab,progressively
APEUni_wfd_Exam_Vocab,candidate
APEUni_wfd_Exam_Vocab,entire
APEUni_wfd_Exam_Vocab,industrialise
APEUni_wfd_Exam_Vocab,acknowledge
APEUni_wfd_Exam_Vocab,oil
APEUni_wfd_Exam_Vocab,driver
APEUni_wfd_Exam_Vocab,renowned
APEUni_wfd_Exam_Vocab,philosopher
APEUni_wfd_Exam_Vocab,dine
APEUni_wfd_Exam_Vocab,participate
APEUni_wfd_Exam_Vocab,chief
APEUni_wfd_Exam_Vocab,stationery
APEUni_wfd_Exam_Vocab,mechanical
APEUni_wfd_Exam_Vocab,expand
APEUni_wfd_Exam_Vocab,agricultural
APEUni_wfd_Exam_Vocab,least
APEUni_wfd_Exam_Vocab,beneficial
APEUni_wfd_Exam_Vocab,extreme
APEUni_wfd_Exam_Vocab,plight
APEUni_wfd_Exam_Vocab,conceive
APEUni_wfd_Exam_Vocab,essay
APEUni_wfd_Exam_Vocab,final
APEUni_wfd_Exam_Vocab,expense
APEUni_wfd_Exam_Vocab,organic
APEUni_wfd_Exam_Vocab,moment
APEUni_wfd_Exam_Vocab,absorb
APEUni_wfd_Exam_Vocab,schedule
APEUni_wfd_Exam_Vocab,internal
APEUni_wfd_Exam_Vocab,imagination
APEUni_wfd_Exam_Vocab,organise
APEUni_wfd_Exam_Vocab,container
APEUni_wfd_Exam_Vocab,relevant
APEUni_wfd_Exam_Vocab,tourism
APEUni_wfd_Exam_Vocab,engineer
APEUni_wfd_Exam_Vocab,raw
APEUni_wfd_Exam_Vocab,freedom
APEUni_wfd_Exam_Vocab,jam
APEUni_wfd_Exam_Vocab,norm
APEUni_wfd_Exam_Vocab,predominant
APEUni_wfd_Exam_Vocab,desirable
APEUni_wfd_Exam_Vocab,allergic
APEUni_wfd_Exam_Vocab,enquiry
APEUni_wfd_Exam_Vocab,solution
APEUni_wfd_Exam_Vocab,scientific
APEUni_wfd_Exam_Vocab,switch
APEUni_wfd_Exam_Vocab,current
APEUni_wfd_Exam_Vocab,optimism
APEUni_wfd_Exam_Vocab,excursion
APEUni_wfd_Exam_Vocab,batch
APEUni_wfd_Exam_Vocab,likelihood
APEUni_wfd_Exam_Vocab,southeastern
APEUni_wfd_Exam_Vocab,elevator
APEUni_wfd_Exam_Vocab,unavoidable
APEUni_wfd_Exam_Vocab,production
APEUni_wfd_Exam_Vocab,frequent
APEUni_wfd_Exam_Vocab,efficiency
APEUni_wfd_Exam_Vocab,strategy
APEUni_wfd_Exam_Vocab,exploration
APEUni_wfd_Exam_Vocab,disease
APEUni_wfd_Exam_Vocab,wave
APEUni_wfd_Exam_Vocab,infect
APEUni_wfd_Exam_Vocab,cambridge
APEUni_wfd_Exam_Vocab,statistical
APEUni_wfd_Exam_Vocab,gravity
APEUni_wfd_Exam_Vocab,mar
APEUni_wfd_Exam_Vocab,compute
APEUni_wfd_Exam_Vocab,deadline
APEUni_wfd_Exam_Vocab,curriculum
APEUni_wfd_Exam_Vocab,exotic
APEUni_wfd_Exam_Vocab,devolution
APEUni_wfd_Exam_Vocab,seminar
APEUni_wfd_Exam_Vocab,illustration
APEUni_wfd_Exam_Vocab,identify
APEUni_wfd_Exam_Vocab,define
APEUni_wfd_Exam_Vocab,loan
APEUni_wfd_Exam_Vocab,atom
APEUni_wfd_Exam_Vocab,novelist
APEUni_wfd_Exam_Vocab,limitation
APEUni_wfd_Exam_Vocab,convention
APEUni_wfd_Exam_Vocab,intentioned
APEUni_wfd_Exam_Vocab,intelligence
APEUni_wfd_Exam_Vocab,stressful
APEUni_wfd_Exam_Vocab,communicable
APEUni_wfd_Exam_Vocab,presidential
APEUni_wfd_Exam_Vocab,massive
APEUni_wfd_Exam_Vocab,geographical
APEUni_wfd_Exam_Vocab,accuracy
APEUni_wfd_Exam_Vocab,scope
APEUni_wfd_Exam_Vocab,advertize
APEUni_wfd_Exam_Vocab,insightful
APEUni_wfd_Exam_Vocab,criterion
APEUni_wfd_Exam_Vocab,capacity
APEUni_wfd_Exam_Vocab,highlighter
APEUni_wfd_Exam_Vocab,tough
APEUni_wfd_Exam_Vocab,inspire
APEUni_wfd_Exam_Vocab,rail
APEUni_wfd_Exam_Vocab,economist
APEUni_wfd_Exam_Vocab,inadequately
APEUni_wfd_Exam_Vocab,select
APEUni_wfd_Exam_Vocab,practise
APEUni_wfd_Exam_Vocab,familiar
APEUni_wfd_Exam_Vocab,portray
APEUni_wfd_Exam_Vocab,threat
APEUni_wfd_Exam_Vocab,ticket
APEUni_wfd_Exam_Vocab,harsh
APEUni_wfd_Exam_Vocab,toxin
APEUni_wfd_Exam_Vocab,bar
APEUni_wfd_Exam_Vocab,logical
APEUni_wfd_Exam_Vocab,rational
APEUni_wfd_Exam_Vocab,pose
APEUni_wfd_Exam_Vocab,extensive
APEUni_wfd_Exam_Vocab,correctly
APEUni_wfd_Exam_Vocab,graph
APEUni_wfd_Exam_Vocab,ray
APEUni_wfd_Exam_Vocab,effect
APEUni_wfd_Exam_Vocab,mishap
APEUni_wfd_Exam_Vocab,category
APEUni_wfd_Exam_Vocab,bias
APEUni_wfd_Exam_Vocab,dangerous
APEUni_wfd_Exam_Vocab,distance
APEUni_wfd_Exam_Vocab,philosophical
APEUni_wfd_Exam_Vocab,journalism
APEUni_wfd_Exam_Vocab,compound
APEUni_wfd_Exam_Vocab,rapidly
APEUni_wfd_Exam_Vocab,prefer
APEUni_wfd_Exam_Vocab,entrepreneurship
APEUni_wfd_Exam_Vocab,mineral
APEUni_wfd_Exam_Vocab,analyse
APEUni_wfd_Exam_Vocab,purchase
APEUni_wfd_Exam_Vocab,password
APEUni_wfd_Exam_Vocab,underground
APEUni_wfd_Exam_Vocab,day
APEUni_wfd_Exam_Vocab,accumulation
APEUni_wfd_Exam_Vocab,additional
APEUni_wfd_Exam_Vocab,aerial
APEUni_wfd_Exam_Vocab,adopt
APEUni_wfd_Exam_Vocab,appropriate
APEUni_wfd_Exam_Vocab,spaceship
APEUni_wfd_Exam_Vocab,geological
APEUni_wfd_Exam_Vocab,integrate
APEUni_wfd_Exam_Vocab,economics
APEUni_wfd_Exam_Vocab,underwater
APEUni_wfd_Exam_Vocab,permit
APEUni_wfd_Exam_Vocab,internship
APEUni_wfd_Exam_Vocab,accountancy
APEUni_wfd_Exam_Vocab,observe
APEUni_wfd_Exam_Vocab,acquire
APEUni_wfd_Exam_Vocab,confuse
APEUni_wfd_Exam_Vocab,visitor
APEUni_wfd_Exam_Vocab,further
APEUni_wfd_Exam_Vocab,educator
APEUni_wfd_Exam_Vocab,strangely
APEUni_wfd_Exam_Vocab,hydrant
APEUni_wfd_Exam_Vocab,physical
APEUni_wfd_Exam_Vocab,destroy
APEUni_wfd_Exam_Vocab,molecule
APEUni_wfd_Exam_Vocab,contribution
APEUni_wfd_Exam_Vocab,option
APEUni_wfd_Exam_Vocab,multiple
APEUni_wfd_Exam_Vocab,intertwine
APEUni_wfd_Exam_Vocab,lam
APEUni_wfd_Exam_Vocab,root
APEUni_wfd_Exam_Vocab,image
APEUni_wfd_Exam_Vocab,account
APEUni_wfd_Exam_Vocab,bay
APEUni_wfd_Exam_Vocab,expansion
APEUni_wfd_Exam_Vocab,steadily
APEUni_wfd_Exam_Vocab,floor
APEUni_wfd_Exam_Vocab,invest
APEUni_wfd_Exam_Vocab,worthy
APEUni_wfd_Exam_Vocab,emotional
APEUni_wfd_Exam_Vocab,athletic
APEUni_wfd_Exam_Vocab,republic
APEUni_wfd_Exam_Vocab,innovation
APEUni_wfd_Exam_Vocab,theory
APEUni_wfd_Exam_Vocab,donation
APEUni_wfd_Exam_Vocab,exclusive
APEUni_wfd_Exam_Vocab,exit
APEUni_wfd_Exam_Vocab,breath
APEUni_wfd_Exam_Vocab,authorise
APEUni_wfd_Exam_Vocab,benefit
APEUni_wfd_Exam_Vocab,interpret
APEUni_wfd_Exam_Vocab,launch
APEUni_wfd_Exam_Vocab,airport
APEUni_wfd_Exam_Vocab,deposit
APEUni_wfd_Exam_Vocab,grade
APEUni_wfd_Exam_Vocab,reconciliation
APEUni_wfd_Exam_Vocab,pace
APEUni_wfd_Exam_Vocab,editor
APEUni_wfd_Exam_Vocab,supply
APEUni_wfd_Exam_Vocab,sophisticate
APEUni_wfd_Exam_Vocab,during
APEUni_wfd_Exam_Vocab,doubtful
APEUni_wfd_Exam_Vocab,commercial
APEUni_wfd_Exam_Vocab,reproduce
APEUni_wfd_Exam_Vocab,obesity
APEUni_wfd_Exam_Vocab,absolutely
APEUni_wfd_Exam_Vocab,surprisingly
APEUni_wfd_Exam_Vocab,shelter
APEUni_wfd_Exam_Vocab,elaborate
APEUni_wfd_Exam_Vocab,executive
APEUni_wfd_Exam_Vocab,attempt
APEUni_wfd_Exam_Vocab,critical
APEUni_wfd_Exam_Vocab,equipment
APEUni_wfd_Exam_Vocab,recent
APEUni_wfd_Exam_Vocab,recognise
APEUni_wfd_Exam_Vocab,expectation
APEUni_wfd_Exam_Vocab,quality
APEUni_wfd_Exam_Vocab,reset
APEUni_wfd_Exam_Vocab,historical
APEUni_wfd_Exam_Vocab,regulation
APEUni_wfd_Exam_Vocab,locate
APEUni_wfd_Exam_Vocab,minimum
APEUni_wfd_Exam_Vocab,biology
APEUni_wfd_Exam_Vocab,stipend
APEUni_wfd_Exam_Vocab,promptly
APEUni_wfd_Exam_Vocab,site
APEUni_wfd_Exam_Vocab,continuously
APEUni_wfd_Exam_Vocab,primarily
APEUni_wfd_Exam_Vocab,syllabus
APEUni_wfd_Exam_Vocab,audition
APEUni_wfd_Exam_Vocab,characteristic
APEUni_wfd_Exam_Vocab,summary
APEUni_wfd_Exam_Vocab,underscore
APEUni_wfd_Exam_Vocab,playground
APEUni_wfd_Exam_Vocab,probably
APEUni_wfd_Exam_Vocab,anthropology
APEUni_wfd_Exam_Vocab,complaint
APEUni_wfd_Exam_Vocab,adapt
APEUni_wfd_Exam_Vocab,critic
APEUni_wfd_Exam_Vocab,durable
APEUni_wfd_Exam_Vocab,researcher
APEUni_wfd_Exam_Vocab,indicate
APEUni_wfd_Exam_Vocab,flight
APEUni_wfd_Exam_Vocab,instrumental
APEUni_wfd_Exam_Vocab,significantly
APEUni_wfd_Exam_Vocab,certificate
APEUni_wfd_Exam_Vocab,democracy
APEUni_wfd_Exam_Vocab,arrest
APEUni_wfd_Exam_Vocab,easter
APEUni_wfd_Exam_Vocab,baseline
APEUni_wfd_Exam_Vocab,carefully
APEUni_wfd_Exam_Vocab,happiness
APEUni_wfd_Exam_Vocab,wreck
APEUni_wfd_Exam_Vocab,source
APEUni_wfd_Exam_Vocab,package
APEUni_wfd_Exam_Vocab,treatment
APEUni_wfd_Exam_Vocab,external
APEUni_wfd_Exam_Vocab,estimation
APEUni_wfd_Exam_Vocab,systematic
APEUni_wfd_Exam_Vocab,variety
APEUni_wfd_Exam_Vocab,linguistics
APEUni_wfd_Exam_Vocab,literacy
APEUni_wfd_Exam_Vocab,transform
APEUni_wfd_Exam_Vocab,instruct
APEUni_wfd_Exam_Vocab,refrigerator
APEUni_wfd_Exam_Vocab,observation
APEUni_wfd_Exam_Vocab,email
APEUni_wfd_Exam_Vocab,calculator
APEUni_wfd_Exam_Vocab,balance
APEUni_wfd_Exam_Vocab,collaboration
APEUni_wfd_Exam_Vocab,fund
APEUni_wfd_Exam_Vocab,submission
APEUni_wfd_Exam_Vocab,microscope
APEUni_wfd_Exam_Vocab,reduce
APEUni_wfd_Exam_Vocab,appointment
APEUni_wfd_Exam_Vocab,prevail
APEUni_wfd_Exam_Vocab,demotion
APEUni_wfd_Exam_Vocab,demography
APEUni_wfd_Exam_Vocab,side
APEUni_wfd_Exam_Vocab,industrial
APEUni_wfd_Exam_Vocab,sometime
APEUni_wfd_Exam_Vocab,tap
APEUni_wfd_Exam_Vocab,workshop
APEUni_wfd_Exam_Vocab,trigger
APEUni_wfd_Exam_Vocab,emphasis
APEUni_wfd_Exam_Vocab,anticipate
APEUni_wfd_Exam_Vocab,applicant
APEUni_wfd_Exam_Vocab,environment
APEUni_wfd_Exam_Vocab,ensure
APEUni_wfd_Exam_Vocab,extract
APEUni_wfd_Exam_Vocab,exhibit
APEUni_wfd_Exam_Vocab,accessible
APEUni_wfd_Exam_Vocab,conclusion
APEUni_wfd_Exam_Vocab,registration
APEUni_wfd_Exam_Vocab,extent
APEUni_wfd_Exam_Vocab,fatally
APEUni_wfd_Exam_Vocab,slide
APEUni_wfd_Exam_Vocab,react
APEUni_wfd_Exam_Vocab,compose
APEUni_wfd_Exam_Vocab,strictly
APEUni_wfd_Exam_Vocab,larger
APEUni_wfd_Exam_Vocab,specialist
APEUni_wfd_Exam_Vocab,consultation
APEUni_wfd_Exam_Vocab,colleague
APEUni_wfd_Exam_Vocab,regular
APEUni_wfd_Exam_Vocab,insight
APEUni_wfd_Exam_Vocab,gadget
APEUni_wfd_Exam_Vocab,foundation
APEUni_wfd_Exam_Vocab,component
APEUni_wfd_Exam_Vocab,rural
APEUni_wfd_Exam_Vocab,boredom
APEUni_wfd_Exam_Vocab,counterpart
APEUni_wfd_Exam_Vocab,core
APEUni_wfd_Exam_Vocab,constructive
APEUni_wfd_Exam_Vocab,datum
APEUni_wfd_Exam_Vocab,majority
APEUni_wfd_Exam_Vocab,assistant
APEUni_wfd_Exam_Vocab,pathway
APEUni_wfd_Exam_Vocab,currency
APEUni_wfd_Exam_Vocab,extension
APEUni_wfd_Exam_Vocab,centre
APEUni_wfd_Exam_Vocab,overcrowd
APEUni_wfd_Exam_Vocab,respond
APEUni_wfd_Exam_Vocab,artefact
APEUni_wfd_Exam_Vocab,throughout
APEUni_wfd_Exam_Vocab,feasible
APEUni_wfd_Exam_Vocab,psychology
APEUni_wfd_Exam_Vocab,exempt
APEUni_wfd_Exam_Vocab,fossil
APEUni_wfd_Exam_Vocab,engage
APEUni_wfd_Exam_Vocab,acid
APEUni_wfd_Exam_Vocab,thief
APEUni_wfd_Exam_Vocab,edge
APEUni_wfd_Exam_Vocab,consumption
APEUni_wfd_Exam_Vocab,impact
APEUni_wfd_Exam_Vocab,liner
APEUni_wfd_Exam_Vocab,topic
APEUni_wfd_Exam_Vocab,off-road
APEUni_wfd_Exam_Vocab,analysis
APEUni_wfd_Exam_Vocab,awareness
APEUni_wfd_Exam_Vocab,developer
APEUni_wfd_Exam_Vocab,peer
APEUni_wfd_Exam_Vocab,scale
APEUni_wfd_Exam_Vocab,word
APEUni_wfd_Exam_Vocab,mass
APEUni_wfd_Exam_Vocab,agriculture
APEUni_wfd_Exam_Vocab,reserve
APEUni_wfd_Exam_Vocab,feast
APEUni_wfd_Exam_Vocab,organism
APEUni_wfd_Exam_Vocab,press
APEUni_wfd_Exam_Vocab,sea
APEUni_wfd_Exam_Vocab,contemporary
APEUni_wfd_Exam_Vocab,vital
APEUni_wfd_Exam_Vocab,female
APEUni_wfd_Exam_Vocab,selection
APEUni_wfd_Exam_Vocab,distribute
APEUni_wfd_Exam_Vocab,recollection
APEUni_wfd_Exam_Vocab,lecturer
APEUni_wfd_Exam_Vocab,unique
APEUni_wfd_Exam_Vocab,anonymous
APEUni_wfd_Exam_Vocab,antibiotic
APEUni_wfd_Exam_Vocab,overlong
APEUni_wfd_Exam_Vocab,partway
APEUni_wfd_Exam_Vocab,major
APEUni_wfd_Exam_Vocab,sydney
APEUni_wfd_Exam_Vocab,fingerprint
APEUni_wfd_Exam_Vocab,demonstrate
APEUni_wfd_Exam_Vocab,inconclusive
APEUni_wfd_Exam_Vocab,abidance
APEUni_wfd_Exam_Vocab,reputable
APEUni_wfd_Exam_Vocab,entirely
APEUni_wfd_Exam_Vocab,edit
APEUni_wfd_Exam_Vocab,trend
APEUni_wfd_Exam_Vocab,crop
APEUni_wfd_Exam_Vocab,acceptable
APEUni_wfd_Exam_Vocab,track
APEUni_wfd_Exam_Vocab,overlap
APEUni_wfd_Exam_Vocab,grant
APEUni_wfd_Exam_Vocab,unattended
APEUni_wfd_Exam_Vocab,interactive
APEUni_wfd_Exam_Vocab,celebrate
APEUni_wfd_Exam_Vocab,consciously
APEUni_wfd_Exam_Vocab,detail
APEUni_wfd_Exam_Vocab,upgrade
APEUni_wfd_Exam_Vocab,gym
APEUni_wfd_Exam_Vocab,adjust
APEUni_wfd_Exam_Vocab,obtain
APEUni_wfd_Exam_Vocab,complementary
APEUni_wfd_Exam_Vocab,re-enrolments
APEUni_wfd_Exam_Vocab,disposable
APEUni_wfd_Exam_Vocab,application
APEUni_wfd_Exam_Vocab,approach
APEUni_wfd_Exam_Vocab,marine
APEUni_wfd_Exam_Vocab,repetition
APEUni_wfd_Exam_Vocab,plagiarism
APEUni_wfd_Exam_Vocab,illustrate
APEUni_wfd_Exam_Vocab,earn
APEUni_wfd_Exam_Vocab,create
APEUni_wfd_Exam_Vocab,proportion
APEUni_wfd_Exam_Vocab,teller
APEUni_wfd_Exam_Vocab,tutorial
APEUni_wfd_Exam_Vocab,equip
APEUni_wfd_Exam_Vocab,vary
APEUni_wfd_Exam_Vocab,successfully
APEUni_wfd_Exam_Vocab,synopsis
APEUni_wfd_Exam_Vocab,practical
APEUni_wfd_Exam_Vocab,temperature
APEUni_wfd_Exam_Vocab,disappear
APEUni_wfd_Exam_Vocab,recommend
APEUni_wfd_Exam_Vocab,formally
APEUni_wfd_Exam_Vocab,failure
APEUni_wfd_Exam_Vocab,hours
APEUni_wfd_Exam_Vocab,dilute
APEUni_wfd_Exam_Vocab,guy
APEUni_wfd_Exam_Vocab,annual
APEUni_wfd_Exam_Vocab,commitment
APEUni_wfd_Exam_Vocab,inflation
APEUni_wfd_Exam_Vocab,unclear
APEUni_wfd_Exam_Vocab,experimentation
APEUni_wfd_Exam_Vocab,considerably
APEUni_wfd_Exam_Vocab,concession
APEUni_wfd_Exam_Vocab,beneficiary
APEUni_wfd_Exam_Vocab,thesis
APEUni_wfd_Exam_Vocab,atmospheric
APEUni_wfd_Exam_Vocab,aware
APEUni_wfd_Exam_Vocab,abstract
APEUni_wfd_Exam_Vocab,jargon
APEUni_wfd_Exam_Vocab,specialisation
APEUni_wfd_Exam_Vocab,currently
APEUni_wfd_Exam_Vocab,cooperation
APEUni_wfd_Exam_Vocab,bate
APEUni_wfd_Exam_Vocab,feature
APEUni_wfd_Exam_Vocab,parents
APEUni_wfd_Exam_Vocab,human
APEUni_wfd_Exam_Vocab,rationally
APEUni_wfd_Exam_Vocab,exam
APEUni_wfd_Exam_Vocab,seek
APEUni_wfd_Exam_Vocab,hydrogen
APEUni_wfd_Exam_Vocab,freshwater
APEUni_wfd_Exam_Vocab,finance
APEUni_wfd_Exam_Vocab,forecast
APEUni_wfd_Exam_Vocab,poster
APEUni_wfd_Exam_Vocab,species
APEUni_wfd_Exam_Vocab,shift
APEUni_wfd_Exam_Vocab,politics
APEUni_wfd_Exam_Vocab,secondary
APEUni_wfd_Exam_Vocab,demand
APEUni_wfd_Exam_Vocab,vote
APEUni_wfd_Exam_Vocab,item
APEUni_wfd_Exam_Vocab,original
APEUni_wfd_Exam_Vocab,approachable
APEUni_wfd_Exam_Vocab,reaction
APEUni_wfd_Exam_Vocab,unwell
APEUni_wfd_Exam_Vocab,button
APEUni_wfd_Exam_Vocab,prominent
APEUni_wfd_Exam_Vocab,technological
APEUni_wfd_Exam_Vocab,requirement
APEUni_wfd_Exam_Vocab,access
APEUni_wfd_Exam_Vocab,various
APEUni_wfd_Exam_Vocab,male
APEUni_wfd_Exam_Vocab,establish
APEUni_wfd_Exam_Vocab,consequence
APEUni_wfd_Exam_Vocab,campus
APEUni_wfd_Exam_Vocab,greenhouse
APEUni_wfd_Exam_Vocab,statistically
APEUni_wfd_Exam_Vocab,sovereignty
APEUni_wfd_Exam_Vocab,severe
APEUni_wfd_Exam_Vocab,anxiety
APEUni_wfd_Exam_Vocab,advisor
APEUni_wfd_Exam_Vocab,salt
APEUni_wfd_Exam_Vocab,layer
APEUni_wfd_Exam_Vocab,click
APEUni_wfd_Exam_Vocab,adulthood
APEUni_wfd_Exam_Vocab,exist
APEUni_wfd_Exam_Vocab,crown
APEUni_wfd_Exam_Vocab,associate
APEUni_wfd_Exam_Vocab,fertiliser
APEUni_wfd_Exam_Vocab,parliament
APEUni_wfd_Exam_Vocab,comparison
APEUni_wfd_Exam_Vocab,promote
APEUni_wfd_Exam_Vocab,branch
APEUni_wfd_Exam_Vocab,urban
APEUni_wfd_Exam_Vocab,themselves
APEUni_wfd_Exam_Vocab,directly
APEUni_wfd_Exam_Vocab,pursue
APEUni_wfd_Exam_Vocab,struggle
APEUni_wfd_Exam_Vocab,identification
APEUni_wfd_Exam_Vocab,unlike
APEUni_wfd_Exam_Vocab,legal
APEUni_wfd_Exam_Vocab,excellence
APEUni_wfd_Exam_Vocab,dip
APEUni_wfd_Exam_Vocab,tense
APEUni_wfd_Exam_Vocab,validate
APEUni_wfd_Exam_Vocab,timetable
APEUni_wfd_Exam_Vocab,whereas
APEUni_wfd_Exam_Vocab,supervisor
APEUni_wfd_Exam_Vocab,mainly
APEUni_wfd_Exam_Vocab,print
APEUni_wfd_Exam_Vocab,traveller
APEUni_wfd_Exam_Vocab,appreciate
APEUni_wfd_Exam_Vocab,vitamin
APEUni_wfd_Exam_Vocab,quantitative
APEUni_wfd_Exam_Vocab,literature
APEUni_wfd_Exam_Vocab,publish
APEUni_wfd_Exam_Vocab,sympathy
APEUni_wfd_Exam_Vocab,political
APEUni_wfd_Exam_Vocab,carbohydrate
APEUni_wfd_Exam_Vocab,participant
APEUni_wfd_Exam_Vocab,neuroscience
APEUni_wfd_Exam_Vocab,deliver
APEUni_wfd_Exam_Vocab,discount
APEUni_wfd_Exam_Vocab,within
APEUni_wfd_Exam_Vocab,incorporate
APEUni_wfd_Exam_Vocab,movement
APEUni_wfd_Exam_Vocab,fellow
APEUni_wfd_Exam_Vocab,accommodation
APEUni_wfd_Exam_Vocab,advise
APEUni_wfd_Exam_Vocab,contribute
APEUni_wfd_Exam_Vocab,variable
APEUni_wfd_Exam_Vocab,solar
APEUni_wfd_Exam_Vocab,midday
APEUni_wfd_Exam_Vocab,critically
APEUni_wfd_Exam_Vocab,greatly
APEUni_wfd_Exam_Vocab,velocity
APEUni_wfd_Exam_Vocab,cyclone
APEUni_wfd_Exam_Vocab,calculation
APEUni_wfd_Exam_Vocab,textile
APEUni_wfd_Exam_Vocab,propose
APEUni_wfd_Exam_Vocab,outlet
APEUni_wfd_Exam_Vocab,aquatic
APEUni_wfd_Exam_Vocab,pure
APEUni_wfd_Exam_Vocab,moisture
APEUni_wfd_Exam_Vocab,designer
APEUni_wfd_Exam_Vocab,politician
APEUni_wfd_Exam_Vocab,uncertainty
APEUni_wfd_Exam_Vocab,coursework
APEUni_wfd_Exam_Vocab,responsibility
APEUni_wfd_Exam_Vocab,consumer
APEUni_wfd_Exam_Vocab,content
APEUni_wfd_Exam_Vocab,ingredient
APEUni_wfd_Exam_Vocab,elephant
APEUni_wfd_Exam_Vocab,dioxide
APEUni_wfd_Exam_Vocab,thorough
APEUni_wfd_Exam_Vocab,calculate
APEUni_wfd_Exam_Vocab,provider
APEUni_wfd_Exam_Vocab,legume
APEUni_wfd_Exam_Vocab,per
APEUni_wfd_Exam_Vocab,evolution
APEUni_wfd_Exam_Vocab,elderly
APEUni_wfd_Exam_Vocab,classical
APEUni_wfd_Exam_Vocab,contact
APEUni_wfd_Exam_Vocab,choir
APEUni_wfd_Exam_Vocab,guest
APEUni_wfd_Exam_Vocab,addiction
APEUni_wfd_Exam_Vocab,originate
APEUni_wfd_Exam_Vocab,risky
APEUni_wfd_Exam_Vocab,atmosphere
APEUni_wfd_Exam_Vocab,extrapolate
APEUni_wfd_Exam_Vocab,investigate
APEUni_wfd_Exam_Vocab,assembly
APEUni_wfd_Exam_Vocab,inhabitant
APEUni_wfd_Exam_Vocab,time-restricted
APEUni_wfd_Exam_Vocab,positive
APEUni_wfd_Exam_Vocab,cafeteria
APEUni_wfd_Exam_Vocab,nutrition
APEUni_wfd_Exam_Vocab,dependant
APEUni_wfd_Exam_Vocab,financially
APEUni_wfd_Exam_Vocab,lab
APEUni_wfd_Exam_Vocab,focus
APEUni_wfd_Exam_Vocab,reproductive
APEUni_wfd_Exam_Vocab,logo
APEUni_wfd_Exam_Vocab,investment
APEUni_wfd_Exam_Vocab,prosperity
APEUni_wfd_Exam_Vocab,stripe
APEUni_wfd_Exam_Vocab,coastal
APEUni_wfd_Exam_Vocab,stakeholder
APEUni_wfd_Exam_Vocab,correlation
APEUni_wfd_Exam_Vocab,doctoral
APEUni_wfd_Exam_Vocab,attract
APEUni_wfd_Exam_Vocab,comprehensive
APEUni_wfd_Exam_Vocab,reception
APEUni_wfd_Exam_Vocab,mental
APEUni_wfd_Exam_Vocab,procedure
APEUni_wfd_Exam_Vocab,catch
APEUni_wfd_Exam_Vocab,allocate
APEUni_wfd_Exam_Vocab,printer
APEUni_wfd_Exam_Vocab,alumnus
APEUni_wfd_Exam_Vocab,unite
APEUni_wfd_Exam_Vocab,theft
APEUni_wfd_Exam_Vocab,monitor
APEUni_wfd_Exam_Vocab,evaluation
APEUni_wfd_Exam_Vocab,skilled
APEUni_wfd_Exam_Vocab,clinical
APEUni_wfd_Exam_Vocab,union
APEUni_wfd_Exam_Vocab,foremost
APEUni_wfd_Exam_Vocab,secure
APEUni_wfd_Exam_Vocab,import
APEUni_wfd_Exam_Vocab,detection
APEUni_wfd_Exam_Vocab,lifetime
APEUni_wfd_Exam_Vocab,verbally
APEUni_wfd_Exam_Vocab,eyewash
APEUni_wfd_Exam_Vocab,assessment
APEUni_wfd_Exam_Vocab,module
APEUni_wfd_Exam_Vocab,statement
APEUni_wfd_Exam_Vocab,phenomenal
APEUni_wfd_Exam_Vocab,psychologist
APEUni_wfd_Exam_Vocab,resource
APEUni_wfd_Exam_Vocab,equality
APEUni_wfd_Exam_Vocab,comment
APEUni_wfd_Exam_Vocab,convince
APEUni_wfd_Exam_Vocab,wildly
APEUni_wfd_Exam_Vocab,closely
APEUni_wfd_Exam_Vocab,cannot
APEUni_wfd_Exam_Vocab,individual
APEUni_wfd_Exam_Vocab,universe
APEUni_wfd_Exam_Vocab,enrolment
APEUni_wfd_Exam_Vocab,legislation
APEUni_wfd_Exam_Vocab,unconsciously
APEUni_wfd_Exam_Vocab,beyond
APEUni_wfd_Exam_Vocab,toddler
APEUni_wfd_Exam_Vocab,immigration
APEUni_wfd_Exam_Vocab,digital
APEUni_wfd_Exam_Vocab,personality
APEUni_wfd_Exam_Vocab,eligibility
APEUni_wfd_Exam_Vocab,thrive
APEUni_wfd_Exam_Vocab,aspect
APEUni_wfd_Exam_Vocab,behaviour
APEUni_wfd_Exam_Vocab,classify
APEUni_wfd_Exam_Vocab,concept
APEUni_wfd_Exam_Vocab,qualify
APEUni_wfd_Exam_Vocab,outbreak
APEUni_wfd_Exam_Vocab,system
APEUni_wfd_Exam_Vocab,collaborate
APEUni_wfd_Exam_Vocab,affect
APEUni_wfd_Exam_Vocab,mislead
APEUni_wfd_Exam_Vocab,region
APEUni_wfd_Exam_Vocab,technician
APEUni_wfd_Exam_Vocab,captivity
APEUni_wfd_Exam_Vocab,complex
APEUni_wfd_Exam_Vocab,golden
APEUni_wfd_Exam_Vocab,extraordinarily
APEUni_wfd_Exam_Vocab,habitat
APEUni_wfd_Exam_Vocab,vacuum
APEUni_wfd_Exam_Vocab,downloadable
APEUni_wfd_Exam_Vocab,calorie
APEUni_wfd_Exam_Vocab,hang
APEUni_wfd_Exam_Vocab,management
APEUni_wfd_Exam_Vocab,billion
APEUni_wfd_Exam_Vocab,america
APEUni_wfd_Exam_Vocab,specific
APEUni_wfd_Exam_Vocab,musical
APEUni_wfd_Exam_Vocab,undergraduate
APEUni_wfd_Exam_Vocab,trade
APEUni_wfd_Exam_Vocab,era
APEUni_wfd_Exam_Vocab,principally
APEUni_wfd_Exam_Vocab,autonomy
APEUni_wfd_Exam_Vocab,configuration
APEUni_wfd_Exam_Vocab,crucial
APEUni_wfd_Exam_Vocab,bacteria
APEUni_wfd_Exam_Vocab,mule
APEUni_wfd_Exam_Vocab,compositional
APEUni_wfd_Exam_Vocab,rent
APEUni_wfd_Exam_Vocab,statue
APEUni_wfd_Exam_Vocab,neurone
APEUni_wfd_Exam_Vocab,attendance
APEUni_wfd_Exam_Vocab,function
APEUni_wfd_Exam_Vocab,underlie
APEUni_wfd_Exam_Vocab,nearby
APEUni_wfd_Exam_Vocab,numerous
APEUni_wfd_Exam_Vocab,overseas
APEUni_wfd_Exam_Vocab,mentor
APEUni_wfd_Exam_Vocab,submit
APEUni_wfd_Exam_Vocab,labour
APEUni_wfd_Exam_Vocab,representative
APEUni_wfd_Exam_Vocab,financial
APEUni_wfd_Exam_Vocab,mathematical
APEUni_wfd_Exam_Vocab,construction
APEUni_wfd_Exam_Vocab,firm
APEUni_wfd_Exam_Vocab,astronomer
APEUni_wfd_Exam_Vocab,homebuyers
APEUni_wfd_Exam_Vocab,single
APEUni_wfd_Exam_Vocab,potential
APEUni_wfd_Exam_Vocab,mathematic
APEUni_wfd_Exam_Vocab,aim
APEUni_wfd_Exam_Vocab,view
APEUni_wfd_Exam_Vocab,gown
APEUni_wfd_Exam_Vocab,vocational
APEUni_wfd_Exam_Vocab,migration
APEUni_wfd_Exam_Vocab,distinguish
APEUni_wfd_Exam_Vocab,stair
APEUni_wfd_Exam_Vocab,rate
APEUni_wfd_Exam_Vocab,institution
APEUni_wfd_Exam_Vocab,tobacco-related
APEUni_wfd_Exam_Vocab,outline
APEUni_wfd_Exam_Vocab,argument
APEUni_wfd_Exam_Vocab,children
APEUni_wfd_Exam_Vocab,fashion
APEUni_wfd_Exam_Vocab,add
APEUni_wfd_Exam_Vocab,likely
APEUni_wfd_Exam_Vocab,combination
APEUni_wfd_Exam_Vocab,status
APEUni_wfd_Exam_Vocab,sorrow
APEUni_wfd_Exam_Vocab,vie
APEUni_wfd_Exam_Vocab,conductor
APEUni_wfd_Exam_Vocab,lecture
APEUni_wfd_Exam_Vocab,factor
APEUni_wfd_Exam_Vocab,photograph
APEUni_wfd_Exam_Vocab,competitive
APEUni_wfd_Exam_Vocab,ought
APEUni_wfd_Exam_Vocab,hypothesis
APEUni_wfd_Exam_Vocab,addition
APEUni_wfd_Exam_Vocab,leadership
APEUni_wfd_Exam_Vocab,protest
APEUni_wfd_Exam_Vocab,measure
APEUni_wfd_Exam_Vocab,economic
APEUni_wfd_Exam_Vocab,observer
APEUni_wfd_Exam_Vocab,foreign
APEUni_wfd_Exam_Vocab,nation
APEUni_wfd_Exam_Vocab,advance
APEUni_wfd_Exam_Vocab,release
APEUni_wfd_Exam_Vocab,verify
APEUni_wfd_Exam_Vocab,secretary
APEUni_wfd_Exam_Vocab,improper
APEUni_wfd_Exam_Vocab,judge
APEUni_wfd_Exam_Vocab,conflict
APEUni_wfd_Exam_Vocab,enrol
APEUni_wfd_Exam_Vocab,tomb
APEUni_wfd_Exam_Vocab,environmental
APEUni_wfd_Exam_Vocab,crisis
APEUni_wfd_Exam_Vocab,phase
APEUni_wfd_Exam_Vocab,authority
APEUni_wfd_Exam_Vocab,download
APEUni_wfd_Exam_Vocab,mature
APEUni_wfd_Exam_Vocab,laundry
APEUni_wfd_Exam_Vocab,lowest
APEUni_wfd_Exam_Vocab,muscle
APEUni_wfd_Exam_Vocab,nitrogen
APEUni_wfd_Exam_Vocab,bus
APEUni_wfd_Exam_Vocab,participation
APEUni_wfd_Exam_Vocab,emission
APEUni_wfd_Exam_Vocab,enormously
APEUni_wfd_Exam_Vocab,gap
APEUni_wfd_Exam_Vocab,consensus
APEUni_wfd_Exam_Vocab,emirate
APEUni_wfd_Exam_Vocab,academic
APEUni_wfd_Exam_Vocab,confirm
APEUni_wfd_Exam_Vocab,lifestyle
APEUni_wfd_Exam_Vocab,minimal
APEUni_wfd_Exam_Vocab,correlate
APEUni_wfd_Exam_Vocab,aid
APEUni_wfd_Exam_Vocab,publication
APEUni_wfd_Exam_Vocab,highlight
APEUni_wfd_Exam_Vocab,significant
APEUni_wfd_Exam_Vocab,loss
APEUni_wfd_Exam_Vocab,grateful
APEUni_wfd_Exam_Vocab,dynamics
APEUni_wfd_Exam_Vocab,cultural
APEUni_wfd_Exam_Vocab,peculiar
APEUni_wfd_Exam_Vocab,intimidate
APEUni_wfd_Exam_Vocab,tradition
APEUni_wfd_Exam_Vocab,proactive
APEUni_wfd_Exam_Vocab,biotechnology
APEUni_wfd_Exam_Vocab,technique
APEUni_wfd_Exam_Vocab,initially
APEUni_wfd_Exam_Vocab,relate
APEUni_wfd_Exam_Vocab,strike
APEUni_wfd_Exam_Vocab,guideline
APEUni_wfd_Exam_Vocab,gas
APEUni_wfd_Exam_Vocab,apartment
APEUni_wfd_Exam_Vocab,worldwide
APEUni_wfd_Exam_Vocab,buyer
APEUni_wfd_Exam_Vocab,recession
APEUni_wfd_Exam_Vocab,enterprise
APEUni_wfd_Exam_Vocab,motivate
APEUni_wfd_Exam_Vocab,infrastructure
APEUni_wfd_Exam_Vocab,distant
APEUni_wfd_Exam_Vocab,unemployment
APEUni_wfd_Exam_Vocab,handout
APEUni_wfd_Exam_Vocab,fierce
APEUni_wfd_Exam_Vocab,comprise
APEUni_wfd_Exam_Vocab,impossible
APEUni_wfd_Exam_Vocab,minutes
APEUni_wfd_Exam_Vocab,cure
APEUni_wfd_Exam_Vocab,broad
APEUni_wfd_Exam_Vocab,discourage
APEUni_wfd_Exam_Vocab,bookshop
APEUni_wfd_Exam_Vocab,confidence
APEUni_wfd_Exam_Vocab,series
APEUni_wfd_Exam_Vocab,budget
APEUni_wfd_Exam_Vocab,principle
APEUni_wfd_Exam_Vocab,type
APEUni_wfd_Exam_Vocab,cite
APEUni_wfd_Exam_Vocab,planner
APEUni_wfd_Exam_Vocab,harbour
APEUni_wfd_Exam_Vocab,greece
APEUni_wfd_Exam_Vocab,interim
APEUni_wfd_Exam_Vocab,audit
APEUni_wfd_Exam_Vocab,implementation
APEUni_wfd_Exam_Vocab,untapped
APEUni_wfd_Exam_Vocab,foliage
APEUni_wfd_Exam_Vocab,rigorous
APEUni_wfd_Exam_Vocab,oxygen
APEUni_wfd_Exam_Vocab,fee
APEUni_wfd_Exam_Vocab,assignment
APEUni_wfd_Exam_Vocab,mobility
APEUni_wfd_Exam_Vocab,issue
APEUni_wfd_Exam_Vocab,concern
APEUni_wfd_Exam_Vocab,drill
APEUni_wfd_Exam_Vocab,dedicate
APEUni_wfd_Exam_Vocab,stream
APEUni_wfd_Exam_Vocab,entertainment
APEUni_wfd_Exam_Vocab,agree
APEUni_wfd_Exam_Vocab,migrate
APEUni_wfd_Exam_Vocab,conservative
APEUni_wfd_Exam_Vocab,transmit
APEUni_wfd_Exam_Vocab,sandwich
APEUni_wfd_Exam_Vocab,drug
APEUni_wfd_Exam_Vocab,disagree
APEUni_wfd_Exam_Vocab,toast
APEUni_wfd_Exam_Vocab,presenter
APEUni_wfd_Exam_Vocab,operate
APEUni_wfd_Exam_Vocab,limit
APEUni_wfd_Exam_Vocab,premiss
APEUni_wfd_Exam_Vocab,greatest
APEUni_wfd_Exam_Vocab,suffer
APEUni_wfd_Exam_Vocab,elective
APEUni_wfd_Exam_Vocab,facility
APEUni_wfd_Exam_Vocab,sessions
APEUni_wfd_Exam_Vocab,reimbursement
APEUni_wfd_Exam_Vocab,sales
APEUni_wfd_Exam_Vocab,laptop
APEUni_wfd_Exam_Vocab,appropriately
APEUni_wfd_Exam_Vocab,global
APEUni_wfd_Exam_Vocab,advertizement
APEUni_wfd_Exam_Vocab,simplify
APEUni_wfd_Exam_Vocab,sooner
APEUni_wfd_Exam_Vocab,gorgeously
APEUni_wfd_Exam_Vocab,eradicate
APEUni_wfd_Exam_Vocab,education
APEUni_wfd_Exam_Vocab,smoothly
APEUni_wfd_Exam_Vocab,utilise
APEUni_wfd_Exam_Vocab,eventual
APEUni_wfd_Exam_Vocab,bigotry
APEUni_wfd_Exam_Vocab,accountant
APEUni_wfd_Exam_Vocab,interconnection
APEUni_wfd_Exam_Vocab,momentum
APEUni_wfd_Exam_Vocab,normal
APEUni_wfd_Exam_Vocab,safely
APEUni_wfd_Exam_Vocab,catalogue
APEUni_wfd_Exam_Vocab,poverty
APEUni_wfd_Exam_Vocab,tropical
APEUni_wfd_Exam_Vocab,threaten
APEUni_wfd_Exam_Vocab,latest
APEUni_wfd_Exam_Vocab,carbon
APEUni_wfd_Exam_Vocab,rethink
APEUni_wfd_Exam_Vocab,expert
APEUni_wfd_Exam_Vocab,exceptional
APEUni_wfd_Exam_Vocab,commission
APEUni_wfd_Exam_Vocab,mutually
APEUni_wfd_Exam_Vocab,projection
APEUni_wfd_Exam_Vocab,extracurricular
APEUni_wfd_Exam_Vocab,preparation
APEUni_wfd_Exam_Vocab,approve
APEUni_wfd_Exam_Vocab,weed
APEUni_wfd_Exam_Vocab,team
APEUni_wfd_Exam_Vocab,security
APEUni_wfd_Exam_Vocab,collection
APEUni_wfd_Exam_Vocab,nutritional
APEUni_wfd_Exam_Vocab,fuel
APEUni_wfd_Exam_Vocab,mathematics
APEUni_wfd_Exam_Vocab,prestigious
APEUni_wfd_Exam_Vocab,london
APEUni_wfd_Exam_Vocab,constantly
APEUni_wfd_Exam_Vocab,extremely
APEUni_wfd_Exam_Vocab,perfectly
APEUni_wfd_Exam_Vocab,steam
APEUni_wfd_Exam_Vocab,roman
APEUni_wfd_Exam_Vocab,organisation
APEUni_wfd_Exam_Vocab,visually
APEUni_wfd_Exam_Vocab,motivation
APEUni_wfd_Exam_Vocab,income
APEUni_wfd_Exam_Vocab,receipt
APEUni_wfd_Exam_Vocab,monolithic
APEUni_wfd_Exam_Vocab,entrance
APEUni_wfd_Exam_Vocab,smartphone
APEUni_wfd_Exam_Vocab,send
APEUni_wfd_Exam_Vocab,obey
APEUni_wfd_Exam_Vocab,actively
APEUni_wfd_Exam_Vocab,stable
APEUni_wfd_Exam_Vocab,catchment
APEUni_wfd_Exam_Vocab,collapse
APEUni_wfd_Exam_Vocab,definitive
APEUni_wfd_Exam_Vocab,contract
APEUni_wfd_Exam_Vocab,devices
APEUni_wfd_Exam_Vocab,decline
APEUni_wfd_Exam_Vocab,transport
APEUni_wfd_Exam_Vocab,organ
APEUni_wfd_Exam_Vocab,sanitation
APEUni_wfd_Exam_Vocab,previously
APEUni_wfd_Exam_Vocab,demure
APEUni_wfd_Exam_Vocab,tend
APEUni_wfd_Exam_Vocab,construct
APEUni_wfd_Exam_Vocab,quantum
APEUni_wfd_Exam_Vocab,extend
APEUni_wfd_Exam_Vocab,contest
APEUni_wfd_Exam_Vocab,pharmacy
APEUni_wfd_Exam_Vocab,lounge
APEUni_wfd_Exam_Vocab,car
APEUni_wfd_Exam_Vocab,career
APEUni_wfd_Exam_Vocab,generous
APEUni_wfd_Exam_Vocab,association
APEUni_wfd_Exam_Vocab,commence
APEUni_wfd_Exam_Vocab,accelerate
APEUni_wfd_Exam_Vocab,combine
APEUni_wfd_Exam_Vocab,policy
APEUni_wfd_Exam_Vocab,design
APEUni_wfd_Exam_Vocab,diet
APEUni_wfd_Exam_Vocab,amount
APEUni_wfd_Exam_Vocab,journal
APEUni_wfd_Exam_Vocab,higher
APEUni_wfd_Exam_Vocab,flaw
APEUni_wfd_Exam_Vocab,necessarily
APEUni_wfd_Exam_Vocab,wildlife
APEUni_wfd_Exam_Vocab,poetry
APEUni_wfd_Exam_Vocab,artificial
APEUni_wfd_Exam_Vocab,file
APEUni_wfd_Exam_Vocab,tribe
APEUni_wfd_Exam_Vocab,investor
APEUni_wfd_Exam_Vocab,tricky
APEUni_wfd_Exam_Vocab,negotiable
APEUni_wfd_Exam_Vocab,guilty
APEUni_wfd_Exam_Vocab,vocabulary
APEUni_wfd_Exam_Vocab,commencement
APEUni_wfd_Exam_Vocab,leaflet
APEUni_wfd_Exam_Vocab,priority
APEUni_wfd_Exam_Vocab,punctually
APEUni_wfd_Exam_Vocab,cell
APEUni_wfd_Exam_Vocab,tube
APEUni_wfd_Exam_Vocab,leisure
APEUni_wfd_Exam_Vocab,flask
APEUni_wfd_Exam_Vocab,nasa
APEUni_wfd_Exam_Vocab,occur
APEUni_wfd_Exam_Vocab,purity
APEUni_wfd_Exam_Vocab,range
APEUni_wfd_Exam_Vocab,perspective
APEUni_wfd_Exam_Vocab,redesign
APEUni_wfd_Exam_Vocab,tutor
APEUni_wfd_Exam_Vocab,feedback
APEUni_wfd_Exam_Vocab,chart
APEUni_wfd_Exam_Vocab,dedication
APEUni_wfd_Exam_Vocab,element
APEUni_wfd_Exam_Vocab,figure
APEUni_wfd_Exam_Vocab,underestimate
APEUni_wfd_Exam_Vocab,metabolic
APEUni_wfd_Exam_Vocab,unsustainable
APEUni_wfd_Exam_Vocab,commissioner
APEUni_wfd_Exam_Vocab,port
APEUni_wfd_Exam_Vocab,company
APEUni_wfd_Exam_Vocab,fundamental
APEUni_wfd_Exam_Vocab,compulsory
APEUni_wfd_Exam_Vocab,discipline
APEUni_wfd_Exam_Vocab,unable
APEUni_wfd_Exam_Vocab,growth
APEUni_wfd_Exam_Vocab,castle
APEUni_wfd_Exam_Vocab,opportunity
APEUni_wfd_Exam_Vocab,reference
APEUni_wfd_Exam_Vocab,essential
APEUni_wfd_Exam_Vocab,software
APEUni_wfd_Exam_Vocab,glad
APEUni_wfd_Exam_Vocab,globalisation
APEUni_wfd_Exam_Vocab,city
APEUni_wfd_Exam_Vocab,effective
APEUni_wfd_Exam_Vocab,boundary
APEUni_wfd_Exam_Vocab,placement
APEUni_wfd_Exam_Vocab,sustainable
APEUni_wfd_Exam_Vocab,author
APEUni_wfd_Exam_Vocab,unsure
APEUni_wfd_Exam_Vocab,handle
APEUni_wfd_Exam_Vocab,update
APEUni_wfd_Exam_Vocab,employer
APEUni_wfd_Exam_Vocab,affordable
APEUni_wfd_Exam_Vocab,overabundant
APEUni_wfd_Exam_Vocab,convert
APEUni_wfd_Exam_Vocab,inform
APEUni_wfd_Exam_Vocab,shelf
APEUni_wfd_Exam_Vocab,inventor
APEUni_wfd_Exam_Vocab,appreciation
APEUni_wfd_Exam_Vocab,regional
APEUni_wfd_Exam_Vocab,phenomenon
APEUni_wfd_Exam_Vocab,architecture
APEUni_wfd_Exam_Vocab,conference
APEUni_wfd_Exam_Vocab,hong
APEUni_wfd_Exam_Vocab,intend
APEUni_wfd_Exam_Vocab,revise
APEUni_wfd_Exam_Vocab,consideration
APEUni_wfd_Exam_Vocab,bury
APEUni_wfd_Exam_Vocab,considerable
APEUni_wfd_Exam_Vocab,path
APEUni_wfd_Exam_Vocab,substantial
APEUni_wfd_Exam_Vocab,world-renowned
APEUni_wfd_Exam_Vocab,experience
APEUni_wfd_Exam_Vocab,outdoors
APEUni_wfd_Exam_Vocab,accurate
APEUni_wfd_Exam_Vocab,charge
APEUni_wfd_Exam_Vocab,faculty
APEUni_wfd_Exam_Vocab,founder
APEUni_wfd_Exam_Vocab,represent
APEUni_wfd_Exam_Vocab,climate
APEUni_wfd_Exam_Vocab,personnel
APEUni_wfd_Exam_Vocab,journalist
APEUni_wfd_Exam_Vocab,strain
APEUni_wfd_Exam_Vocab,overlook
APEUni_wfd_Exam_Vocab,workforce
APEUni_wfd_Exam_Vocab,display
APEUni_wfd_Exam_Vocab,archeologist
APEUni_wfd_Exam_Vocab,travel
APEUni_wfd_Exam_Vocab,nervously
APEUni_wfd_Exam_Vocab,frequently
APEUni_wfd_Exam_Vocab,weekday
APEUni_wfd_Exam_Vocab,maximum
APEUni_wfd_Exam_Vocab,exceed
APEUni_wfd_Exam_Vocab,evacuate
APEUni_wfd_Exam_Vocab,tax
APEUni_wfd_Exam_Vocab,structural
APEUni_wfd_Exam_Vocab,controversy
APEUni_wfd_Exam_Vocab,committee
APEUni_wfd_Exam_Vocab,monthly
APEUni_wfd_Exam_Vocab,election
APEUni_wfd_Exam_Vocab,pollution
APEUni_wfd_Exam_Vocab,postgraduate
APEUni_wfd_Exam_Vocab,incorrect
APEUni_wfd_Exam_Vocab,section
APEUni_wfd_Exam_Vocab,vegan
APEUni_wfd_Exam_Vocab,heat
APEUni_wfd_Exam_Vocab,effort
APEUni_wfd_Exam_Vocab,mixture
APEUni_wfd_Exam_Vocab,disability
APEUni_wfd_Exam_Vocab,cruelty
APEUni_wfd_Exam_Vocab,negative
APEUni_wfd_Exam_Vocab,automatically
APEUni_wfd_Exam_Vocab,discuss
APEUni_wfd_Exam_Vocab,immunity
APEUni_wfd_Exam_Vocab,creature
APEUni_wfd_Exam_Vocab,electric
APEUni_wfd_Exam_Vocab,anatomy
APEUni_wfd_Exam_Vocab,architect
APEUni_wfd_Exam_Vocab,visual
APEUni_wfd_Exam_Vocab,employ
APEUni_wfd_Exam_Vocab,qualification
APEUni_wfd_Exam_Vocab,profit
APEUni_wfd_Exam_Vocab,formal
APEUni_wfd_Exam_Vocab,sufficient
APEUni_wfd_Exam_Vocab,recommendation
APEUni_wfd_Exam_Vocab,accompany
APEUni_wfd_Exam_Vocab,involve
APEUni_wfd_Exam_Vocab,web
APEUni_wfd_Exam_Vocab,archeology
APEUni_wfd_Exam_Vocab,flow
APEUni_wfd_Exam_Vocab,vulnerable
APEUni_wfd_Exam_Vocab,solid
APEUni_wfd_Exam_Vocab,manufacture
APEUni_wfd_Exam_Vocab,university
APEUni_wfd_Exam_Vocab,forefront
